{
    "guid": "5e308bd6faacdecc1359748c",
    "languageAgnosticNaturalKey": "pub-jwbcov_201905_17_VIDEO",
    "naturalKey": "pub-jwbcov_E_201905_17_VIDEO",
    "type": "video",
    "primaryCategory": "2019Convention",
    "description": "",
    "firstPublished": "2020-03-19T18:34:32.832Z",
    "duration": 128.192,
    "durationFormattedHHMM": "2:08",
    "durationFormattedMinSec": "2m 8s",
    "files": [
        {
            "progressiveDownloadURL": "https://download-a.akamaihd.net/files/media_periodical/6d/jwbcov_E_201905_17_r240P.mp4",
            "checksum": "5d30871a894bc243db781bd77f9cef21",
            "filesize": 4252386,
            "modifiedDatetime": "2020-11-08T00:29:39.000Z",
            "bitRate": 259.15630948109083,
            "duration": 128.192,
            "frameHeight": 234,
            "frameWidth": 416,
            "label": "240p",
            "frameRate": 23.645,
            "mimetype": "video/mp4",
            "subtitled": false,
            "subtitles": {
                "url": "https://download-a.akamaihd.net/files/media_periodical/d9/jwbcov_E_201905_17.vtt",
                "modifiedDatetime": "2020-03-19T14:39:19.000Z",
                "checksum": "9e2a4619433cb5ee59c5aef13ae7fb64"
            }
        },
        {
            "progressiveDownloadURL": "https://download-a.akamaihd.net/files/media_periodical/73/jwbcov_E_201905_17_r360P.mp4",
            "checksum": "692d5ee0d3147590a1ffe224b1afc622",
            "filesize": 7357665,
            "modifiedDatetime": "2020-03-19T14:39:26.000Z",
            "bitRate": 448.47709554033287,
            "duration": 128.171,
            "frameHeight": 360,
            "frameWidth": 640,
            "label": "360p",
            "frameRate": 23.976,
            "mimetype": "video/mp4",
            "subtitled": false,
            "subtitles": {
                "url": "https://download-a.akamaihd.net/files/media_periodical/d9/jwbcov_E_201905_17.vtt",
                "modifiedDatetime": "2020-03-19T14:39:19.000Z",
                "checksum": "9e2a4619433cb5ee59c5aef13ae7fb64"
            }
        },
        {
            "progressiveDownloadURL": "https://download-a.akamaihd.net/files/media_periodical/6d/jwbcov_E_201905_17_r480P.mp4",
            "checksum": "66d48bd98d24910d2ff1db6c49b43ba6",
            "filesize": 13420833,
            "modifiedDatetime": "2020-03-19T14:39:30.000Z",
            "bitRate": 818.0497757878147,
            "duration": 128.171,
            "frameHeight": 540,
            "frameWidth": 960,
            "label": "480p",
            "frameRate": 23.976,
            "mimetype": "video/mp4",
            "subtitled": false,
            "subtitles": {
                "url": "https://download-a.akamaihd.net/files/media_periodical/d9/jwbcov_E_201905_17.vtt",
                "modifiedDatetime": "2020-03-19T14:39:19.000Z",
                "checksum": "9e2a4619433cb5ee59c5aef13ae7fb64"
            }
        },
        {
            "progressiveDownloadURL": "https://download-a.akamaihd.net/files/media_periodical/5b/jwbcov_E_201905_17_r720P.mp4",
            "checksum": "ba05c5230850293c705069bcc3b9d6db",
            "filesize": 22236629,
            "modifiedDatetime": "2020-03-19T14:39:33.000Z",
            "bitRate": 1355.405388601946,
            "duration": 128.171,
            "frameHeight": 720,
            "frameWidth": 1280,
            "label": "720p",
            "frameRate": 23.976,
            "mimetype": "video/mp4",
            "subtitled": false,
            "subtitles": {
                "url": "https://download-a.akamaihd.net/files/media_periodical/d9/jwbcov_E_201905_17.vtt",
                "modifiedDatetime": "2020-03-19T14:39:19.000Z",
                "checksum": "9e2a4619433cb5ee59c5aef13ae7fb64"
            }
        }
    ],
    "printReferences": [
        "jwbcov.201905-17.v",
        "jwbcov.201905-17"
    ],
    "subtitlesUrl": "https://download-a.akamaihd.net/files/media_periodical/d9/jwbcov_E_201905_17.vtt",
    "Name": "pub-jwbcov_E_201905_17_VIDEO",
    "Title": "Display Unfailing Love in the Congregation—To Full-Time Ministers",
    "UndatedReferenceTitle": "Display Unfailing Love in the Congregation—To Full-Time Ministers",
    "ShortTitle": null,
    "Category": "vod",
    "Year": 2020,
    "Symbol": "2019Convention"
}