{
    "guid": "609d3449ca9c8caf4231be48",
    "languageAgnosticNaturalKey": "pub-co-r21_3_VIDEO",
    "naturalKey": "pub-co-r21_E_3_VIDEO",
    "type": "video",
    "primaryCategory": "2021Convention",
    "description": "",
    "firstPublished": "2021-07-05T14:54:17.260Z",
    "duration": 4634.966,
    "durationFormattedHHMM": "1:17:14",
    "durationFormattedMinSec": "1h 17m 14s",
    "files": [
        {
            "progressiveDownloadURL": "https://download-a.akamaihd.net/files/media_publication/e0/CO-r21_E_03_r240P.mp4",
            "checksum": "0b735fdc112d5f99b014d2da3db15203",
            "filesize": 63980764,
            "modifiedDatetime": "2021-11-23T16:10:42.000Z",
            "bitRate": 107.84323310030753,
            "duration": 4634.966,
            "frameHeight": 234,
            "frameWidth": 416,
            "label": "240p",
            "frameRate": 23.976,
            "mimetype": "video/mp4",
            "subtitled": false,
            "subtitles": {
                "url": "https://download-a.akamaihd.net/files/media_publication/f6/co-r21_E_03.vtt",
                "modifiedDatetime": "2021-11-23T16:05:33.000Z",
                "checksum": "4b8af79552c157feac2ba9ee10c0d89a"
            }
        },
        {
            "progressiveDownloadURL": "https://download-a.akamaihd.net/files/media_publication/3e/CO-r21_E_03_r360P.mp4",
            "checksum": "9fe7c1f61143340d83c6bc51d81c1b35",
            "filesize": 205043602,
            "modifiedDatetime": "2021-11-23T16:05:53.000Z",
            "bitRate": 345.6159122006989,
            "duration": 4634.923,
            "frameHeight": 360,
            "frameWidth": 640,
            "label": "360p",
            "frameRate": 23.976,
            "mimetype": "video/mp4",
            "subtitled": false,
            "subtitles": {
                "url": "https://download-a.akamaihd.net/files/media_publication/f6/co-r21_E_03.vtt",
                "modifiedDatetime": "2021-11-23T16:05:33.000Z",
                "checksum": "4b8af79552c157feac2ba9ee10c0d89a"
            }
        },
        {
            "progressiveDownloadURL": "https://download-a.akamaihd.net/files/media_publication/d3/CO-r21_E_03_r480P.mp4",
            "checksum": "92624956362d0f8343eab0c29daf9000",
            "filesize": 390953668,
            "modifiedDatetime": "2021-11-23T16:06:04.000Z",
            "bitRate": 658.9808571253503,
            "duration": 4634.923,
            "frameHeight": 540,
            "frameWidth": 960,
            "label": "480p",
            "frameRate": 23.976,
            "mimetype": "video/mp4",
            "subtitled": false,
            "subtitles": {
                "url": "https://download-a.akamaihd.net/files/media_publication/f6/co-r21_E_03.vtt",
                "modifiedDatetime": "2021-11-23T16:05:33.000Z",
                "checksum": "4b8af79552c157feac2ba9ee10c0d89a"
            }
        },
        {
            "progressiveDownloadURL": "https://download-a.akamaihd.net/files/media_publication/2d/CO-r21_E_03_r720P.mp4",
            "checksum": "d88de4a05d70709c4fc9a2389f0d34b7",
            "filesize": 678443362,
            "modifiedDatetime": "2021-11-23T16:06:20.000Z",
            "bitRate": 1143.5656569968908,
            "duration": 4634.923,
            "frameHeight": 720,
            "frameWidth": 1280,
            "label": "720p",
            "frameRate": 23.976,
            "mimetype": "video/mp4",
            "subtitled": false,
            "subtitles": {
                "url": "https://download-a.akamaihd.net/files/media_publication/f6/co-r21_E_03.vtt",
                "modifiedDatetime": "2021-11-23T16:05:33.000Z",
                "checksum": "4b8af79552c157feac2ba9ee10c0d89a"
            }
        }
    ],
    "printReferences": [
        "co-r21-3.v",
        "co-r21-3"
    ],
    "subtitlesUrl": "https://download-a.akamaihd.net/files/media_publication/f6/co-r21_E_03.vtt",
    "Name": "pub-co-r21_E_3_VIDEO",
    "Title": "2021 Powerful by Faith! Convention: Friday Afternoon Session—Part 1",
    "UndatedReferenceTitle": "2021 Powerful by Faith! Convention: Friday Afternoon Session—Part 1",
    "ShortTitle": null,
    "Category": "vod",
    "Year": 2021,
    "Symbol": "2021Convention"
}