{
    "guid": "60958383b738cf2eda5e92cb",
    "languageAgnosticNaturalKey": "pub-co-r21_117_VIDEO",
    "naturalKey": "pub-co-r21_E_117_VIDEO",
    "type": "video",
    "primaryCategory": "2021Convention",
    "description": "",
    "firstPublished": "2021-09-13T16:47:54.515Z",
    "duration": 662.912,
    "durationFormattedHHMM": "11:02",
    "durationFormattedMinSec": "11m 2s",
    "files": [
        {
            "progressiveDownloadURL": "https://download-a.akamaihd.net/files/media_publication/d5/CO-r21_E_117_r240P.mp4",
            "checksum": "00abe960f5e56dc600c0cdabe2a2094a",
            "filesize": 12474067,
            "modifiedDatetime": "2021-09-11T04:54:26.000Z",
            "bitRate": 147.00842410078562,
            "duration": 662.912,
            "frameHeight": 234,
            "frameWidth": 416,
            "label": "240p",
            "frameRate": 23.669,
            "mimetype": "video/mp4",
            "subtitled": false,
            "subtitles": {
                "url": "https://download-a.akamaihd.net/files/media_publication/72/co-r21_E_117.vtt",
                "modifiedDatetime": "2021-09-11T04:54:15.000Z",
                "checksum": "351b50709eff810e40a8a0ec6bbb7911"
            }
        },
        {
            "progressiveDownloadURL": "https://download-a.akamaihd.net/files/media_publication/94/CO-r21_E_117_r360P.mp4",
            "checksum": "f279d50a40aa2891149b0a5db1c9b65e",
            "filesize": 23879931,
            "modifiedDatetime": "2021-09-11T04:54:21.000Z",
            "bitRate": 281.4449259246129,
            "duration": 662.872,
            "frameHeight": 360,
            "frameWidth": 640,
            "label": "360p",
            "frameRate": 23.976,
            "mimetype": "video/mp4",
            "subtitled": false,
            "subtitles": {
                "url": "https://download-a.akamaihd.net/files/media_publication/72/co-r21_E_117.vtt",
                "modifiedDatetime": "2021-09-11T04:54:15.000Z",
                "checksum": "351b50709eff810e40a8a0ec6bbb7911"
            }
        },
        {
            "progressiveDownloadURL": "https://download-a.akamaihd.net/files/media_publication/5b/CO-r21_E_117_r480P.mp4",
            "checksum": "c5e0924c99a708683e13efce08e23c09",
            "filesize": 42137443,
            "modifiedDatetime": "2021-09-11T04:54:19.000Z",
            "bitRate": 496.62494936805297,
            "duration": 662.872,
            "frameHeight": 540,
            "frameWidth": 960,
            "label": "480p",
            "frameRate": 23.976,
            "mimetype": "video/mp4",
            "subtitled": false,
            "subtitles": {
                "url": "https://download-a.akamaihd.net/files/media_publication/72/co-r21_E_117.vtt",
                "modifiedDatetime": "2021-09-11T04:54:15.000Z",
                "checksum": "351b50709eff810e40a8a0ec6bbb7911"
            }
        },
        {
            "progressiveDownloadURL": "https://download-a.akamaihd.net/files/media_publication/7e/CO-r21_E_117_r720P.mp4",
            "checksum": "9155ac0307e6d1f3601490203895faef",
            "filesize": 68405021,
            "modifiedDatetime": "2021-09-11T04:54:16.000Z",
            "bitRate": 806.2102888076431,
            "duration": 662.872,
            "frameHeight": 720,
            "frameWidth": 1280,
            "label": "720p",
            "frameRate": 23.976,
            "mimetype": "video/mp4",
            "subtitled": false,
            "subtitles": {
                "url": "https://download-a.akamaihd.net/files/media_publication/72/co-r21_E_117.vtt",
                "modifiedDatetime": "2021-09-11T04:54:15.000Z",
                "checksum": "351b50709eff810e40a8a0ec6bbb7911"
            }
        }
    ],
    "printReferences": [
        "co-r21-117.v",
        "co-r21-117"
    ],
    "subtitlesUrl": "https://download-a.akamaihd.net/files/media_publication/72/co-r21_E_117.vtt",
    "Name": "pub-co-r21_E_117_VIDEO",
    "Title": "John Ekrann: Imitate the Faithful, Not the Faithless—Noah, Not His Neighbors",
    "UndatedReferenceTitle": "John Ekrann: Imitate the Faithful, Not the Faithless—Noah, Not His Neighbors",
    "ShortTitle": null,
    "Category": "vod",
    "Year": 2021,
    "Symbol": "2021Convention"
}