{
    "guid": "608aaf41b738cf2eda38decf",
    "languageAgnosticNaturalKey": "pub-co-r21_122_VIDEO",
    "naturalKey": "pub-co-r21_E_122_VIDEO",
    "type": "video",
    "primaryCategory": "2021Convention",
    "description": "",
    "firstPublished": "2021-09-13T16:45:08.287Z",
    "duration": 666.71,
    "durationFormattedHHMM": "11:06",
    "durationFormattedMinSec": "11m 6s",
    "files": [
        {
            "progressiveDownloadURL": "https://download-a.akamaihd.net/files/media_publication/a7/CO-r21_E_122_r240P.mp4",
            "checksum": "7ebff13abe64448d470b292366e43092",
            "filesize": 13543539,
            "modifiedDatetime": "2021-09-11T04:57:52.000Z",
            "bitRate": 158.70303195917265,
            "duration": 666.71,
            "frameHeight": 234,
            "frameWidth": 416,
            "label": "240p",
            "frameRate": 23.928,
            "mimetype": "video/mp4",
            "subtitled": false,
            "subtitles": {
                "url": "https://download-a.akamaihd.net/files/media_publication/2a/co-r21_E_122.vtt",
                "modifiedDatetime": "2021-09-11T04:57:15.000Z",
                "checksum": "b8c1a20a0225fc2e938f84303af07f62"
            }
        },
        {
            "progressiveDownloadURL": "https://download-a.akamaihd.net/files/media_publication/35/CO-r21_E_122_r360P.mp4",
            "checksum": "b029d42ef91f89d69ef12e1e8655224b",
            "filesize": 26375217,
            "modifiedDatetime": "2021-09-11T04:57:47.000Z",
            "bitRate": 309.08441967654016,
            "duration": 666.667,
            "frameHeight": 360,
            "frameWidth": 640,
            "label": "360p",
            "frameRate": 23.976,
            "mimetype": "video/mp4",
            "subtitled": false,
            "subtitles": {
                "url": "https://download-a.akamaihd.net/files/media_publication/2a/co-r21_E_122.vtt",
                "modifiedDatetime": "2021-09-11T04:57:15.000Z",
                "checksum": "b8c1a20a0225fc2e938f84303af07f62"
            }
        },
        {
            "progressiveDownloadURL": "https://download-a.akamaihd.net/files/media_publication/fa/CO-r21_E_122_r480P.mp4",
            "checksum": "46d32fa55c5d28363d0dbb68f88f1bff",
            "filesize": 48467790,
            "modifiedDatetime": "2021-09-11T04:57:44.000Z",
            "bitRate": 567.9816300716849,
            "duration": 666.667,
            "frameHeight": 540,
            "frameWidth": 960,
            "label": "480p",
            "frameRate": 23.976,
            "mimetype": "video/mp4",
            "subtitled": false,
            "subtitles": {
                "url": "https://download-a.akamaihd.net/files/media_publication/2a/co-r21_E_122.vtt",
                "modifiedDatetime": "2021-09-11T04:57:15.000Z",
                "checksum": "b8c1a20a0225fc2e938f84303af07f62"
            }
        },
        {
            "progressiveDownloadURL": "https://download-a.akamaihd.net/files/media_publication/95/CO-r21_E_122_r720P.mp4",
            "checksum": "5b77b9f61829f2c253fdf956ac52d4c4",
            "filesize": 81663559,
            "modifiedDatetime": "2021-09-11T04:57:39.000Z",
            "bitRate": 956.9943535340732,
            "duration": 666.667,
            "frameHeight": 720,
            "frameWidth": 1280,
            "label": "720p",
            "frameRate": 23.976,
            "mimetype": "video/mp4",
            "subtitled": false,
            "subtitles": {
                "url": "https://download-a.akamaihd.net/files/media_publication/2a/co-r21_E_122.vtt",
                "modifiedDatetime": "2021-09-11T04:57:15.000Z",
                "checksum": "b8c1a20a0225fc2e938f84303af07f62"
            }
        }
    ],
    "printReferences": [
        "co-r21-122.v",
        "co-r21-122"
    ],
    "subtitlesUrl": "https://download-a.akamaihd.net/files/media_publication/2a/co-r21_E_122.vtt",
    "Name": "pub-co-r21_E_122_VIDEO",
    "Title": "Mark Sanderson: Remember—Faithless People Can Acquire Faith!—Jesus’ Fleshly Brothers",
    "UndatedReferenceTitle": "Mark Sanderson: Remember—Faithless People Can Acquire Faith!—Jesus’ Fleshly Brothers",
    "ShortTitle": null,
    "Category": "vod",
    "Year": 2021,
    "Symbol": "2021Convention"
}