{
    "guid": "62503e96dedf1bc789199c3a",
    "languageAgnosticNaturalKey": "pub-co-r22_126_VIDEO",
    "naturalKey": "pub-co-r22_E_126_VIDEO",
    "type": "video",
    "primaryCategory": "2022Convention",
    "description": "",
    "firstPublished": "2022-07-25T13:34:04.555Z",
    "duration": 813.184,
    "durationFormattedHHMM": "13:33",
    "durationFormattedMinSec": "13m 33s",
    "files": [
        {
            "progressiveDownloadURL": "https://download-a.akamaihd.net/files/media_publication/02/CO-r22_E_126_r240P.mp4",
            "checksum": "b327cae7689aeb3e003954b07931d4e0",
            "filesize": 15836216,
            "modifiedDatetime": "2022-07-25T00:39:19.000Z",
            "bitRate": 152.14322650224304,
            "duration": 813.184,
            "frameHeight": 234,
            "frameWidth": 416,
            "label": "240p",
            "frameRate": 23.976,
            "mimetype": "video/mp4",
            "subtitled": false,
            "subtitles": {
                "url": "https://download-a.akamaihd.net/files/media_publication/6e/CO-r22_E_126.vtt",
                "modifiedDatetime": "2022-07-25T00:39:00.000Z",
                "checksum": "06e5822727634ee1bf512bced5e5f7c1"
            }
        },
        {
            "progressiveDownloadURL": "https://download-a.akamaihd.net/files/media_publication/23/CO-r22_E_126_r360P.mp4",
            "checksum": "e84d4b755854577a509c4c93a7031790",
            "filesize": 30386642,
            "modifiedDatetime": "2022-07-25T00:39:13.000Z",
            "bitRate": 291.94102612268387,
            "duration": 813.163,
            "frameHeight": 360,
            "frameWidth": 640,
            "label": "360p",
            "frameRate": 23.976,
            "mimetype": "video/mp4",
            "subtitled": false,
            "subtitles": {
                "url": "https://download-a.akamaihd.net/files/media_publication/6e/CO-r22_E_126.vtt",
                "modifiedDatetime": "2022-07-25T00:39:00.000Z",
                "checksum": "06e5822727634ee1bf512bced5e5f7c1"
            }
        },
        {
            "progressiveDownloadURL": "https://download-a.akamaihd.net/files/media_publication/7c/CO-r22_E_126_r480P.mp4",
            "checksum": "f2f2af4950faddd67209bf11ae0ebdd0",
            "filesize": 54584068,
            "modifiedDatetime": "2022-07-25T00:39:10.000Z",
            "bitRate": 524.4188818846898,
            "duration": 813.163,
            "frameHeight": 540,
            "frameWidth": 960,
            "label": "480p",
            "frameRate": 23.976,
            "mimetype": "video/mp4",
            "subtitled": false,
            "subtitles": {
                "url": "https://download-a.akamaihd.net/files/media_publication/6e/CO-r22_E_126.vtt",
                "modifiedDatetime": "2022-07-25T00:39:00.000Z",
                "checksum": "06e5822727634ee1bf512bced5e5f7c1"
            }
        },
        {
            "progressiveDownloadURL": "https://download-a.akamaihd.net/files/media_publication/11/CO-r22_E_126_r720P.mp4",
            "checksum": "5c3612af46521859d1081a41f65d568f",
            "filesize": 93026090,
            "modifiedDatetime": "2022-07-25T00:39:06.000Z",
            "bitRate": 893.7523327118917,
            "duration": 813.163,
            "frameHeight": 720,
            "frameWidth": 1280,
            "label": "720p",
            "frameRate": 23.976,
            "mimetype": "video/mp4",
            "subtitled": false,
            "subtitles": {
                "url": "https://download-a.akamaihd.net/files/media_publication/6e/CO-r22_E_126.vtt",
                "modifiedDatetime": "2022-07-25T00:39:00.000Z",
                "checksum": "06e5822727634ee1bf512bced5e5f7c1"
            }
        }
    ],
    "printReferences": [
        "co-r22-126.v",
        "co-r22-126"
    ],
    "subtitlesUrl": "https://download-a.akamaihd.net/files/media_publication/6e/CO-r22_E_126.vtt",
    "Name": "pub-co-r22_E_126_VIDEO",
    "Title": "Harold Corkern: “Put Away” Peace Wreckers—Inappropriate Boasting",
    "UndatedReferenceTitle": "Harold Corkern: “Put Away” Peace Wreckers—Inappropriate Boasting",
    "ShortTitle": null,
    "Category": "vod",
    "Year": 2022,
    "Symbol": "2022Convention"
}