{
    "guid": "60d4f5d5b765b4a6fbe7b7bc",
    "languageAgnosticNaturalKey": "pub-co-r21_11_VIDEO",
    "naturalKey": "pub-co-r21_E_11_VIDEO",
    "type": "video",
    "primaryCategory": "2021Convention",
    "description": "",
    "firstPublished": "2021-08-16T15:06:07.568Z",
    "duration": 3915.776,
    "durationFormattedHHMM": "1:05:15",
    "durationFormattedMinSec": "1h 5m 15s",
    "files": [
        {
            "progressiveDownloadURL": "https://download-a.akamaihd.net/files/media_publication/f1/CO-r21_E_11_r240P.mp4",
            "checksum": "635624b3e070859f02a63045feeae103",
            "filesize": 64507698,
            "modifiedDatetime": "2021-08-16T05:10:30.000Z",
            "bitRate": 128.70153722403938,
            "duration": 3915.776,
            "frameHeight": 234,
            "frameWidth": 416,
            "label": "240p",
            "frameRate": 23.976,
            "mimetype": "video/mp4",
            "subtitled": false,
            "subtitles": {
                "url": "https://download-a.akamaihd.net/files/media_publication/29/co-r21_E_11.vtt",
                "modifiedDatetime": "2021-08-16T05:10:04.000Z",
                "checksum": "41e7e92d498038a8391e8488a1889cf4"
            }
        },
        {
            "progressiveDownloadURL": "https://download-a.akamaihd.net/files/media_publication/a3/CO-r21_E_11_r360P.mp4",
            "checksum": "4ce5a764f9a7b2d8151a0f82ec1af3de",
            "filesize": 133248587,
            "modifiedDatetime": "2021-08-16T05:10:24.000Z",
            "bitRate": 265.8508289574122,
            "duration": 3915.747,
            "frameHeight": 360,
            "frameWidth": 640,
            "label": "360p",
            "frameRate": 23.976,
            "mimetype": "video/mp4",
            "subtitled": false,
            "subtitles": {
                "url": "https://download-a.akamaihd.net/files/media_publication/29/co-r21_E_11.vtt",
                "modifiedDatetime": "2021-08-16T05:10:04.000Z",
                "checksum": "41e7e92d498038a8391e8488a1889cf4"
            }
        },
        {
            "progressiveDownloadURL": "https://download-a.akamaihd.net/files/media_publication/0a/CO-r21_E_11_r480P.mp4",
            "checksum": "379a2e2301e0797a87d4506c9e669f97",
            "filesize": 243860127,
            "modifiedDatetime": "2021-08-16T05:10:19.000Z",
            "bitRate": 486.5373687798267,
            "duration": 3915.747,
            "frameHeight": 540,
            "frameWidth": 960,
            "label": "480p",
            "frameRate": 23.976,
            "mimetype": "video/mp4",
            "subtitled": false,
            "subtitles": {
                "url": "https://download-a.akamaihd.net/files/media_publication/29/co-r21_E_11.vtt",
                "modifiedDatetime": "2021-08-16T05:10:04.000Z",
                "checksum": "41e7e92d498038a8391e8488a1889cf4"
            }
        },
        {
            "progressiveDownloadURL": "https://download-a.akamaihd.net/files/media_publication/59/CO-r21_E_11_r720P.mp4",
            "checksum": "f87db909c2a5d0b49815d9157945f98b",
            "filesize": 396229781,
            "modifiedDatetime": "2021-08-16T05:10:07.000Z",
            "bitRate": 790.5375817340855,
            "duration": 3915.747,
            "frameHeight": 720,
            "frameWidth": 1280,
            "label": "720p",
            "frameRate": 23.976,
            "mimetype": "video/mp4",
            "subtitled": false,
            "subtitles": {
                "url": "https://download-a.akamaihd.net/files/media_publication/29/co-r21_E_11.vtt",
                "modifiedDatetime": "2021-08-16T05:10:04.000Z",
                "checksum": "41e7e92d498038a8391e8488a1889cf4"
            }
        }
    ],
    "printReferences": [
        "co-r21-11.v",
        "co-r21-11"
    ],
    "subtitlesUrl": "https://download-a.akamaihd.net/files/media_publication/29/co-r21_E_11.vtt",
    "Name": "pub-co-r21_E_11_VIDEO",
    "Title": "2021 Powerful by Faith! Convention: Sunday Afternoon Session—Part 1",
    "UndatedReferenceTitle": "2021 Powerful by Faith! Convention: Sunday Afternoon Session—Part 1",
    "ShortTitle": null,
    "Category": "vod",
    "Year": 2021,
    "Symbol": "2021Convention"
}