{
    "guid": "60c11d5bb9f9166228f3551f",
    "languageAgnosticNaturalKey": "pub-co-r21_8_VIDEO",
    "naturalKey": "pub-co-r21_E_8_VIDEO",
    "type": "video",
    "primaryCategory": "2021Convention",
    "description": "",
    "firstPublished": "2021-07-26T13:50:00.984Z",
    "duration": 6074.39,
    "durationFormattedHHMM": "1:41:14",
    "durationFormattedMinSec": "1h 41m 14s",
    "files": [
        {
            "progressiveDownloadURL": "https://download-a.akamaihd.net/files/media_publication/4d/CO-r21_E_08_r240P.mp4",
            "checksum": "f31dbdebb0ec796967e07c7e08f4214d",
            "filesize": 64471765,
            "modifiedDatetime": "2021-07-26T00:43:53.000Z",
            "bitRate": 82.91954649973083,
            "duration": 6074.39,
            "frameHeight": 234,
            "frameWidth": 416,
            "label": "240p",
            "frameRate": 23.976,
            "mimetype": "video/mp4",
            "subtitled": false,
            "subtitles": {
                "url": "https://download-a.akamaihd.net/files/media_publication/4e/co-r21_E_08.vtt",
                "modifiedDatetime": "2021-07-26T00:43:15.000Z",
                "checksum": "54be4f6dc0cedbaa1043148162d8ed18"
            }
        },
        {
            "progressiveDownloadURL": "https://download-a.akamaihd.net/files/media_publication/50/CO-r21_E_08_r360P.mp4",
            "checksum": "218a3fa79d52ecdae6869a70e8ef8483",
            "filesize": 196194801,
            "modifiedDatetime": "2021-07-26T00:43:45.000Z",
            "bitRate": 252.33467072709377,
            "duration": 6074.361,
            "frameHeight": 360,
            "frameWidth": 640,
            "label": "360p",
            "frameRate": 23.976,
            "mimetype": "video/mp4",
            "subtitled": false,
            "subtitles": {
                "url": "https://download-a.akamaihd.net/files/media_publication/4e/co-r21_E_08.vtt",
                "modifiedDatetime": "2021-07-26T00:43:15.000Z",
                "checksum": "54be4f6dc0cedbaa1043148162d8ed18"
            }
        },
        {
            "progressiveDownloadURL": "https://download-a.akamaihd.net/files/media_publication/2d/CO-r21_E_08_r480P.mp4",
            "checksum": "b747e1863d71a716b58ff49e6b75ead9",
            "filesize": 353181587,
            "modifiedDatetime": "2021-07-26T00:43:35.000Z",
            "bitRate": 454.2422072770288,
            "duration": 6074.361,
            "frameHeight": 540,
            "frameWidth": 960,
            "label": "480p",
            "frameRate": 23.976,
            "mimetype": "video/mp4",
            "subtitled": false,
            "subtitles": {
                "url": "https://download-a.akamaihd.net/files/media_publication/4e/co-r21_E_08.vtt",
                "modifiedDatetime": "2021-07-26T00:43:15.000Z",
                "checksum": "54be4f6dc0cedbaa1043148162d8ed18"
            }
        },
        {
            "progressiveDownloadURL": "https://download-a.akamaihd.net/files/media_publication/c0/CO-r21_E_08_r720P.mp4",
            "checksum": "02c2ab655cf8cce0801a074aec16f1e1",
            "filesize": 572631007,
            "modifiedDatetime": "2021-07-26T00:43:21.000Z",
            "bitRate": 736.4856553944522,
            "duration": 6074.361,
            "frameHeight": 720,
            "frameWidth": 1280,
            "label": "720p",
            "frameRate": 23.976,
            "mimetype": "video/mp4",
            "subtitled": false,
            "subtitles": {
                "url": "https://download-a.akamaihd.net/files/media_publication/4e/co-r21_E_08.vtt",
                "modifiedDatetime": "2021-07-26T00:43:15.000Z",
                "checksum": "54be4f6dc0cedbaa1043148162d8ed18"
            }
        }
    ],
    "printReferences": [
        "co-r21-8.v",
        "co-r21-8"
    ],
    "subtitlesUrl": "https://download-a.akamaihd.net/files/media_publication/4e/co-r21_E_08.vtt",
    "Name": "pub-co-r21_E_8_VIDEO",
    "Title": "2021 Powerful by Faith! Convention: Saturday Afternoon Session—Part 2",
    "UndatedReferenceTitle": "2021 Powerful by Faith! Convention: Saturday Afternoon Session—Part 2",
    "ShortTitle": null,
    "Category": "vod",
    "Year": 2021,
    "Symbol": "2021Convention"
}