{
    "guid": "60abf83cca9c8caf425229f7",
    "languageAgnosticNaturalKey": "pub-co-r21_139_VIDEO",
    "naturalKey": "pub-co-r21_E_139_VIDEO",
    "type": "video",
    "primaryCategory": "2021Convention",
    "description": "",
    "firstPublished": "2021-09-13T16:37:32.498Z",
    "duration": 562.88,
    "durationFormattedHHMM": "9:22",
    "durationFormattedMinSec": "9m 22s",
    "files": [
        {
            "progressiveDownloadURL": "https://download-a.akamaihd.net/files/media_publication/c1/CO-r21_E_139_r240P.mp4",
            "checksum": "8e1690c688ef4317254a39ba24cc028d",
            "filesize": 11767633,
            "modifiedDatetime": "2021-09-11T04:50:17.000Z",
            "bitRate": 163.32900940253697,
            "duration": 562.88,
            "frameHeight": 234,
            "frameWidth": 416,
            "label": "240p",
            "frameRate": 23.669,
            "mimetype": "video/mp4",
            "subtitled": false,
            "subtitles": {
                "url": "https://download-a.akamaihd.net/files/media_publication/0c/co-r21_E_139.vtt",
                "modifiedDatetime": "2021-09-11T04:50:22.000Z",
                "checksum": "a3162f9ce7cf2cc675a5f55bbd2e42df"
            }
        },
        {
            "progressiveDownloadURL": "https://download-a.akamaihd.net/files/media_publication/a4/CO-r21_E_139_r360P.mp4",
            "checksum": "f496c6a85fa2ea70c0e137c4fa58f6d7",
            "filesize": 21687077,
            "modifiedDatetime": "2021-09-11T04:50:31.000Z",
            "bitRate": 301.0194260733226,
            "duration": 562.855,
            "frameHeight": 360,
            "frameWidth": 640,
            "label": "360p",
            "frameRate": 23.976,
            "mimetype": "video/mp4",
            "subtitled": false,
            "subtitles": {
                "url": "https://download-a.akamaihd.net/files/media_publication/0c/co-r21_E_139.vtt",
                "modifiedDatetime": "2021-09-11T04:50:22.000Z",
                "checksum": "a3162f9ce7cf2cc675a5f55bbd2e42df"
            }
        },
        {
            "progressiveDownloadURL": "https://download-a.akamaihd.net/files/media_publication/f2/CO-r21_E_139_r480P.mp4",
            "checksum": "3ada74c00644783c346bfecbdc6ac356",
            "filesize": 37828582,
            "modifiedDatetime": "2021-09-11T04:50:28.000Z",
            "bitRate": 525.0655974895843,
            "duration": 562.855,
            "frameHeight": 540,
            "frameWidth": 960,
            "label": "480p",
            "frameRate": 23.976,
            "mimetype": "video/mp4",
            "subtitled": false,
            "subtitles": {
                "url": "https://download-a.akamaihd.net/files/media_publication/0c/co-r21_E_139.vtt",
                "modifiedDatetime": "2021-09-11T04:50:22.000Z",
                "checksum": "a3162f9ce7cf2cc675a5f55bbd2e42df"
            }
        },
        {
            "progressiveDownloadURL": "https://download-a.akamaihd.net/files/media_publication/21/CO-r21_E_139_r720P.mp4",
            "checksum": "4f3e829a6a9a4cc7b08e1a790072b273",
            "filesize": 60526295,
            "modifiedDatetime": "2021-09-11T04:50:23.000Z",
            "bitRate": 840.1127816000568,
            "duration": 562.855,
            "frameHeight": 720,
            "frameWidth": 1280,
            "label": "720p",
            "frameRate": 23.976,
            "mimetype": "video/mp4",
            "subtitled": false,
            "subtitles": {
                "url": "https://download-a.akamaihd.net/files/media_publication/0c/co-r21_E_139.vtt",
                "modifiedDatetime": "2021-09-11T04:50:22.000Z",
                "checksum": "a3162f9ce7cf2cc675a5f55bbd2e42df"
            }
        }
    ],
    "printReferences": [
        "co-r21-139.v",
        "co-r21-139"
    ],
    "subtitlesUrl": "https://download-a.akamaihd.net/files/media_publication/0c/co-r21_E_139.vtt",
    "Name": "pub-co-r21_E_139_VIDEO",
    "Title": "James Mantz: Imitate Women of Strong Faith!—Rahab",
    "UndatedReferenceTitle": "James Mantz: Imitate Women of Strong Faith!—Rahab",
    "ShortTitle": null,
    "Category": "vod",
    "Year": 2021,
    "Symbol": "2021Convention"
}