{
    "guid": "5f22123212b86d2c3b04ebea",
    "languageAgnosticNaturalKey": "pub-co-r20_56_VIDEO",
    "naturalKey": "pub-co-r20_E_56_VIDEO",
    "type": "video",
    "primaryCategory": "2020ConventionAD",
    "description": "",
    "firstPublished": "2020-08-03T17:31:05.288Z",
    "duration": 6871.979,
    "durationFormattedHHMM": "1:54:31",
    "durationFormattedMinSec": "1h 54m 31s",
    "files": [
        {
            "progressiveDownloadURL": "https://download-a.akamaihd.net/files/media_publication/d4/CO-r20_E_56_r240P.mp4",
            "checksum": "6e2a159926ddb89027b34c3fb7f93ea6",
            "filesize": 64369152,
            "modifiedDatetime": "2020-08-05T03:23:10.000Z",
            "bitRate": 73.17891978424264,
            "duration": 6871.979,
            "frameHeight": 234,
            "frameWidth": 416,
            "label": "240p",
            "frameRate": 23.976,
            "mimetype": "video/mp4",
            "subtitled": false,
            "subtitles": {
                "url": "https://download-a.akamaihd.net/files/media_publication/93/co-r20_E_56.vtt",
                "modifiedDatetime": "2020-08-03T14:37:24.000Z",
                "checksum": "ab054913878e85f2cf7331d072724169"
            }
        },
        {
            "progressiveDownloadURL": "https://download-a.akamaihd.net/files/media_publication/ca/CO-r20_E_56_r360P.mp4",
            "checksum": "acad2baa2f40e42bd8c8278ca0f2e49f",
            "filesize": 348222783,
            "modifiedDatetime": "2020-08-03T14:35:26.000Z",
            "bitRate": 395.88333619824067,
            "duration": 6871.95,
            "frameHeight": 360,
            "frameWidth": 640,
            "label": "360p",
            "frameRate": 23.976,
            "mimetype": "video/mp4",
            "subtitled": false,
            "subtitles": {
                "url": "https://download-a.akamaihd.net/files/media_publication/93/co-r20_E_56.vtt",
                "modifiedDatetime": "2020-08-03T14:37:24.000Z",
                "checksum": "ab054913878e85f2cf7331d072724169"
            }
        },
        {
            "progressiveDownloadURL": "https://download-a.akamaihd.net/files/media_publication/fd/CO-r20_E_56_r480P.mp4",
            "checksum": "eaf038e3cb9a74bea5999f71144648a9",
            "filesize": 657591186,
            "modifiedDatetime": "2020-08-03T14:35:42.000Z",
            "bitRate": 747.5943714120447,
            "duration": 6871.95,
            "frameHeight": 540,
            "frameWidth": 960,
            "label": "480p",
            "frameRate": 23.976,
            "mimetype": "video/mp4",
            "subtitled": false,
            "subtitles": {
                "url": "https://download-a.akamaihd.net/files/media_publication/93/co-r20_E_56.vtt",
                "modifiedDatetime": "2020-08-03T14:37:24.000Z",
                "checksum": "ab054913878e85f2cf7331d072724169"
            }
        },
        {
            "progressiveDownloadURL": "https://download-a.akamaihd.net/files/media_publication/07/CO-r20_E_56_r720P.mp4",
            "checksum": "cd46a487d49d866196d045dbd3d412ca",
            "filesize": 1132173966,
            "modifiedDatetime": "2020-08-03T14:36:56.000Z",
            "bitRate": 1287.1323437124834,
            "duration": 6871.95,
            "frameHeight": 720,
            "frameWidth": 1280,
            "label": "720p",
            "frameRate": 23.976,
            "mimetype": "video/mp4",
            "subtitled": false,
            "subtitles": {
                "url": "https://download-a.akamaihd.net/files/media_publication/93/co-r20_E_56.vtt",
                "modifiedDatetime": "2020-08-03T14:37:24.000Z",
                "checksum": "ab054913878e85f2cf7331d072724169"
            }
        }
    ],
    "printReferences": [
        "co-r20-56.v",
        "co-r20-56"
    ],
    "subtitlesUrl": "https://download-a.akamaihd.net/files/media_publication/93/co-r20_E_56.vtt",
    "Name": "pub-co-r20_E_56_VIDEO",
    "Title": "2020 “Always Rejoice”! Convention: Saturday Afternoon Session—Part 1 (With Audio Descriptions)",
    "UndatedReferenceTitle": "2020 “Always Rejoice”! Convention: Saturday Afternoon Session—Part 1 (With Audio Descriptions)",
    "ShortTitle": null,
    "Category": "vod",
    "Year": 2020,
    "Symbol": "2020ConventionAD"
}