{
    "guid": "60abf060ca9c8caf425221aa",
    "languageAgnosticNaturalKey": "pub-co-r21_142_VIDEO",
    "naturalKey": "pub-co-r21_E_142_VIDEO",
    "type": "video",
    "primaryCategory": "2021Convention",
    "description": "",
    "firstPublished": "2021-09-13T16:32:57.488Z",
    "duration": 594.454,
    "durationFormattedHHMM": "9:54",
    "durationFormattedMinSec": "9m 54s",
    "files": [
        {
            "progressiveDownloadURL": "https://download-a.akamaihd.net/files/media_publication/54/CO-r21_E_142_r240P.mp4",
            "checksum": "28c96a7cd7a6da0d5e1957ba82588751",
            "filesize": 12333582,
            "modifiedDatetime": "2021-09-11T04:51:09.000Z",
            "bitRate": 162.0917840152476,
            "duration": 594.454,
            "frameHeight": 234,
            "frameWidth": 416,
            "label": "240p",
            "frameRate": 23.622,
            "mimetype": "video/mp4",
            "subtitled": false,
            "subtitles": {
                "url": "https://download-a.akamaihd.net/files/media_publication/e5/co-r21_E_142.vtt",
                "modifiedDatetime": "2021-09-11T04:50:58.000Z",
                "checksum": "a23786c0667bd4239bfaa0316c4871a1"
            }
        },
        {
            "progressiveDownloadURL": "https://download-a.akamaihd.net/files/media_publication/c5/CO-r21_E_142_r360P.mp4",
            "checksum": "c0a1c7d9dd704fa2e68fcfd289e7448c",
            "filesize": 22742102,
            "modifiedDatetime": "2021-09-11T04:51:07.000Z",
            "bitRate": 298.8963726113632,
            "duration": 594.429,
            "frameHeight": 360,
            "frameWidth": 640,
            "label": "360p",
            "frameRate": 23.976,
            "mimetype": "video/mp4",
            "subtitled": false,
            "subtitles": {
                "url": "https://download-a.akamaihd.net/files/media_publication/e5/co-r21_E_142.vtt",
                "modifiedDatetime": "2021-09-11T04:50:58.000Z",
                "checksum": "a23786c0667bd4239bfaa0316c4871a1"
            }
        },
        {
            "progressiveDownloadURL": "https://download-a.akamaihd.net/files/media_publication/5e/CO-r21_E_142_r480P.mp4",
            "checksum": "540f89fdb831a2cb29b03249b30aa606",
            "filesize": 40017462,
            "modifiedDatetime": "2021-09-11T04:51:04.000Z",
            "bitRate": 525.9440940381442,
            "duration": 594.429,
            "frameHeight": 540,
            "frameWidth": 960,
            "label": "480p",
            "frameRate": 23.976,
            "mimetype": "video/mp4",
            "subtitled": false,
            "subtitles": {
                "url": "https://download-a.akamaihd.net/files/media_publication/e5/co-r21_E_142.vtt",
                "modifiedDatetime": "2021-09-11T04:50:58.000Z",
                "checksum": "a23786c0667bd4239bfaa0316c4871a1"
            }
        },
        {
            "progressiveDownloadURL": "https://download-a.akamaihd.net/files/media_publication/ce/CO-r21_E_142_r720P.mp4",
            "checksum": "361f3b8c4fa02bf8d814e4c35b0e9e44",
            "filesize": 64162566,
            "modifiedDatetime": "2021-09-11T04:51:00.000Z",
            "bitRate": 843.2799322963718,
            "duration": 594.429,
            "frameHeight": 720,
            "frameWidth": 1280,
            "label": "720p",
            "frameRate": 23.976,
            "mimetype": "video/mp4",
            "subtitled": false,
            "subtitles": {
                "url": "https://download-a.akamaihd.net/files/media_publication/e5/co-r21_E_142.vtt",
                "modifiedDatetime": "2021-09-11T04:50:58.000Z",
                "checksum": "a23786c0667bd4239bfaa0316c4871a1"
            }
        }
    ],
    "printReferences": [
        "co-r21-142.v",
        "co-r21-142"
    ],
    "subtitlesUrl": "https://download-a.akamaihd.net/files/media_publication/e5/co-r21_E_142.vtt",
    "Name": "pub-co-r21_E_142_VIDEO",
    "Title": "Geoffrey W. Jackson: Imitate Women of Strong Faith!—Mary the Mother of Jesus",
    "UndatedReferenceTitle": "Geoffrey W. Jackson: Imitate Women of Strong Faith!—Mary the Mother of Jesus",
    "ShortTitle": null,
    "Category": "vod",
    "Year": 2021,
    "Symbol": "2021Convention"
}