{
    "guid": "5f86f8700ca056895ecff090",
    "languageAgnosticNaturalKey": "pub-co-r20_101_VIDEO",
    "naturalKey": "pub-co-r20_E_101_VIDEO",
    "type": "video",
    "primaryCategory": "2020Convention",
    "description": "",
    "firstPublished": "2020-12-01T23:46:36.711Z",
    "duration": 1978.186,
    "durationFormattedHHMM": "32:58",
    "durationFormattedMinSec": "32m 58s",
    "files": [
        {
            "progressiveDownloadURL": "https://download-a.akamaihd.net/files/media_publication/71/CO-r20_E_101_r240P.mp4",
            "checksum": "3cea989f103db18493bc4bc741794691",
            "filesize": 49592635,
            "modifiedDatetime": "2020-11-29T12:48:04.000Z",
            "bitRate": 195.85744765027152,
            "duration": 1978.186,
            "frameHeight": 234,
            "frameWidth": 416,
            "label": "240p",
            "frameRate": 23.483,
            "mimetype": "video/mp4",
            "subtitled": false,
            "subtitles": {
                "url": "https://download-a.akamaihd.net/files/media_publication/d5/co-r20_E_101.vtt",
                "modifiedDatetime": "2020-11-29T12:48:23.000Z",
                "checksum": "5d0fcdc7c423c790d9bcb92501f69c2f"
            }
        },
        {
            "progressiveDownloadURL": "https://download-a.akamaihd.net/files/media_publication/00/CO-r20_E_101_r360P.mp4",
            "checksum": "b409c82777d95d0bf2ee0108932d4597",
            "filesize": 69509051,
            "modifiedDatetime": "2020-11-29T12:48:06.000Z",
            "bitRate": 274.5138530641204,
            "duration": 1978.186,
            "frameHeight": 360,
            "frameWidth": 640,
            "label": "360p",
            "frameRate": 23.976,
            "mimetype": "video/mp4",
            "subtitled": false,
            "subtitles": {
                "url": "https://download-a.akamaihd.net/files/media_publication/d5/co-r20_E_101.vtt",
                "modifiedDatetime": "2020-11-29T12:48:23.000Z",
                "checksum": "5d0fcdc7c423c790d9bcb92501f69c2f"
            }
        },
        {
            "progressiveDownloadURL": "https://download-a.akamaihd.net/files/media_publication/a8/CO-r20_E_101_r480P.mp4",
            "checksum": "48d353b3179acaa8d7f9d64e11364b33",
            "filesize": 122588979,
            "modifiedDatetime": "2020-11-29T12:48:08.000Z",
            "bitRate": 484.14375515623914,
            "duration": 1978.186,
            "frameHeight": 540,
            "frameWidth": 960,
            "label": "480p",
            "frameRate": 23.976,
            "mimetype": "video/mp4",
            "subtitled": false,
            "subtitles": {
                "url": "https://download-a.akamaihd.net/files/media_publication/d5/co-r20_E_101.vtt",
                "modifiedDatetime": "2020-11-29T12:48:23.000Z",
                "checksum": "5d0fcdc7c423c790d9bcb92501f69c2f"
            }
        },
        {
            "progressiveDownloadURL": "https://download-a.akamaihd.net/files/media_publication/c0/CO-r20_E_101_r720P.mp4",
            "checksum": "62aa967c3c6fe272f224d51dae6f864b",
            "filesize": 200667089,
            "modifiedDatetime": "2020-11-29T12:48:13.000Z",
            "bitRate": 792.4996096486883,
            "duration": 1978.186,
            "frameHeight": 720,
            "frameWidth": 1280,
            "label": "720p",
            "frameRate": 23.976,
            "mimetype": "video/mp4",
            "subtitled": false,
            "subtitles": {
                "url": "https://download-a.akamaihd.net/files/media_publication/d5/co-r20_E_101.vtt",
                "modifiedDatetime": "2020-11-29T12:48:23.000Z",
                "checksum": "5d0fcdc7c423c790d9bcb92501f69c2f"
            }
        }
    ],
    "printReferences": [
        "co-r20-101.v",
        "co-r20-101"
    ],
    "subtitlesUrl": "https://download-a.akamaihd.net/files/media_publication/d5/co-r20_E_101.vtt",
    "Name": "pub-co-r20_E_101_VIDEO",
    "Title": "Kenneth Cook, Jr.: Why Jehovah Is “the Happy God”",
    "UndatedReferenceTitle": "Kenneth Cook, Jr.: Why Jehovah Is “the Happy God”",
    "ShortTitle": null,
    "Category": "vod",
    "Year": 2020,
    "Symbol": "2020Convention"
}