{
    "guid": "6081cd1b0524ac0a0a1a59db",
    "languageAgnosticNaturalKey": "pub-co-r21_124_VIDEO",
    "naturalKey": "pub-co-r21_E_124_VIDEO",
    "type": "video",
    "primaryCategory": "2021Convention",
    "description": "",
    "firstPublished": "2021-09-13T16:44:19.095Z",
    "duration": 739.52,
    "durationFormattedHHMM": "12:19",
    "durationFormattedMinSec": "12m 19s",
    "files": [
        {
            "progressiveDownloadURL": "https://download-a.akamaihd.net/files/media_publication/28/CO-r21_E_124_r240P.mp4",
            "checksum": "d0e9ff82be28e6a5f48731742e5efa2d",
            "filesize": 14626729,
            "modifiedDatetime": "2021-09-11T05:02:05.000Z",
            "bitRate": 154.52093291932604,
            "duration": 739.52,
            "frameHeight": 234,
            "frameWidth": 416,
            "label": "240p",
            "frameRate": 23.46,
            "mimetype": "video/mp4",
            "subtitled": false,
            "subtitles": {
                "url": "https://download-a.akamaihd.net/files/media_publication/0b/co-r21_E_124.vtt",
                "modifiedDatetime": "2021-09-11T05:01:53.000Z",
                "checksum": "a378426385f5943ff65d71e3713bb3cd"
            }
        },
        {
            "progressiveDownloadURL": "https://download-a.akamaihd.net/files/media_publication/e3/CO-r21_E_124_r360P.mp4",
            "checksum": "8931ba6158093943950d3db1c23b1107",
            "filesize": 28458382,
            "modifiedDatetime": "2021-09-11T05:02:02.000Z",
            "bitRate": 300.6546530379045,
            "duration": 739.49,
            "frameHeight": 360,
            "frameWidth": 640,
            "label": "360p",
            "frameRate": 23.976,
            "mimetype": "video/mp4",
            "subtitled": false,
            "subtitles": {
                "url": "https://download-a.akamaihd.net/files/media_publication/0b/co-r21_E_124.vtt",
                "modifiedDatetime": "2021-09-11T05:01:53.000Z",
                "checksum": "a378426385f5943ff65d71e3713bb3cd"
            }
        },
        {
            "progressiveDownloadURL": "https://download-a.akamaihd.net/files/media_publication/67/CO-r21_E_124_r480P.mp4",
            "checksum": "f131b63b574f482df760185614939555",
            "filesize": 51362376,
            "modifiedDatetime": "2021-09-11T05:01:59.000Z",
            "bitRate": 542.6287880836793,
            "duration": 739.49,
            "frameHeight": 540,
            "frameWidth": 960,
            "label": "480p",
            "frameRate": 23.976,
            "mimetype": "video/mp4",
            "subtitled": false,
            "subtitles": {
                "url": "https://download-a.akamaihd.net/files/media_publication/0b/co-r21_E_124.vtt",
                "modifiedDatetime": "2021-09-11T05:01:53.000Z",
                "checksum": "a378426385f5943ff65d71e3713bb3cd"
            }
        },
        {
            "progressiveDownloadURL": "https://download-a.akamaihd.net/files/media_publication/19/CO-r21_E_124_r720P.mp4",
            "checksum": "b0690b139f7ba9fd4628c76a4b81d0da",
            "filesize": 84225603,
            "modifiedDatetime": "2021-09-11T05:01:55.000Z",
            "bitRate": 889.8193666411986,
            "duration": 739.49,
            "frameHeight": 720,
            "frameWidth": 1280,
            "label": "720p",
            "frameRate": 23.976,
            "mimetype": "video/mp4",
            "subtitled": false,
            "subtitles": {
                "url": "https://download-a.akamaihd.net/files/media_publication/0b/co-r21_E_124.vtt",
                "modifiedDatetime": "2021-09-11T05:01:53.000Z",
                "checksum": "a378426385f5943ff65d71e3713bb3cd"
            }
        }
    ],
    "printReferences": [
        "co-r21-124.v",
        "co-r21-124"
    ],
    "subtitlesUrl": "https://download-a.akamaihd.net/files/media_publication/0b/co-r21_E_124.vtt",
    "Name": "pub-co-r21_E_124_VIDEO",
    "Title": "Anthony Morris: Remember—Faithless People Can Acquire Faith!—Nonreligious People",
    "UndatedReferenceTitle": "Anthony Morris: Remember—Faithless People Can Acquire Faith!—Nonreligious People",
    "ShortTitle": null,
    "Category": "vod",
    "Year": 2021,
    "Symbol": "2021Convention"
}