{
    "guid": "6272970bb685ba3441e1167b",
    "languageAgnosticNaturalKey": "pub-co-r22_1_VIDEO",
    "naturalKey": "pub-co-r22_E_1_VIDEO",
    "type": "video",
    "primaryCategory": "2022Convention",
    "description": "",
    "firstPublished": "2022-06-27T15:51:10.149Z",
    "duration": 6056.619,
    "durationFormattedHHMM": "1:40:56",
    "durationFormattedMinSec": "1h 40m 56s",
    "files": [
        {
            "progressiveDownloadURL": "https://download-a.akamaihd.net/files/media_publication/75/CO-r22_E_01_r240P.mp4",
            "checksum": "d08e137d67a0cbf2280e77ec9b16933f",
            "filesize": 63335776,
            "modifiedDatetime": "2022-06-27T12:26:26.000Z",
            "bitRate": 81.69751968879007,
            "duration": 6056.619,
            "frameHeight": 234,
            "frameWidth": 416,
            "label": "240p",
            "frameRate": 23.976,
            "mimetype": "video/mp4",
            "subtitled": false,
            "subtitles": {
                "url": "https://download-a.akamaihd.net/files/media_publication/a8/CO-r22_E_01.vtt",
                "modifiedDatetime": "2022-06-27T12:25:52.000Z",
                "checksum": "44b5297ea678aaf47dee13b2c55e356a"
            }
        },
        {
            "progressiveDownloadURL": "https://download-a.akamaihd.net/files/media_publication/0f/CO-r22_E_01_r360P.mp4",
            "checksum": "3e87336ae137965ba912c6871a76cda2",
            "filesize": 227790337,
            "modifiedDatetime": "2022-06-27T12:26:20.000Z",
            "bitRate": 293.8303000814153,
            "duration": 6056.598,
            "frameHeight": 360,
            "frameWidth": 640,
            "label": "360p",
            "frameRate": 23.976,
            "mimetype": "video/mp4",
            "subtitled": false,
            "subtitles": {
                "url": "https://download-a.akamaihd.net/files/media_publication/a8/CO-r22_E_01.vtt",
                "modifiedDatetime": "2022-06-27T12:25:52.000Z",
                "checksum": "44b5297ea678aaf47dee13b2c55e356a"
            }
        },
        {
            "progressiveDownloadURL": "https://download-a.akamaihd.net/files/media_publication/ad/CO-r22_E_01_r480P.mp4",
            "checksum": "d0e83b5a501161e4044d74d3459d67a1",
            "filesize": 418837144,
            "modifiedDatetime": "2022-06-27T12:26:09.000Z",
            "bitRate": 540.2645490917508,
            "duration": 6056.598,
            "frameHeight": 540,
            "frameWidth": 960,
            "label": "480p",
            "frameRate": 23.976,
            "mimetype": "video/mp4",
            "subtitled": false,
            "subtitles": {
                "url": "https://download-a.akamaihd.net/files/media_publication/a8/CO-r22_E_01.vtt",
                "modifiedDatetime": "2022-06-27T12:25:52.000Z",
                "checksum": "44b5297ea678aaf47dee13b2c55e356a"
            }
        },
        {
            "progressiveDownloadURL": "https://download-a.akamaihd.net/files/media_publication/1e/CO-r22_E_01_r720P.mp4",
            "checksum": "322bf0d3c7f07e0ee15030d5cb885a55",
            "filesize": 724456911,
            "modifiedDatetime": "2022-06-27T12:25:58.000Z",
            "bitRate": 934.488241944983,
            "duration": 6056.598,
            "frameHeight": 720,
            "frameWidth": 1280,
            "label": "720p",
            "frameRate": 23.976,
            "mimetype": "video/mp4",
            "subtitled": false,
            "subtitles": {
                "url": "https://download-a.akamaihd.net/files/media_publication/a8/CO-r22_E_01.vtt",
                "modifiedDatetime": "2022-06-27T12:25:52.000Z",
                "checksum": "44b5297ea678aaf47dee13b2c55e356a"
            }
        }
    ],
    "printReferences": [
        "co-r22-1.v",
        "co-r22-1"
    ],
    "subtitlesUrl": "https://download-a.akamaihd.net/files/media_publication/a8/CO-r22_E_01.vtt",
    "Name": "pub-co-r22_E_1_VIDEO",
    "Title": "2022 “Pursue Peace”! Convention: Friday Morning Session—Part 1",
    "UndatedReferenceTitle": "2022 “Pursue Peace”! Convention: Friday Morning Session—Part 1",
    "ShortTitle": null,
    "Category": "vod",
    "Year": 2022,
    "Symbol": "2022Convention"
}