{
    "guid": "5c62cbd5351dc4182b664d36",
    "languageAgnosticNaturalKey": "pub-jwbcov_201805_2_VIDEO",
    "naturalKey": "pub-jwbcov_E_201805_2_VIDEO",
    "type": "video",
    "primaryCategory": "2018Convention",
    "description": "",
    "firstPublished": "2019-02-12T13:39:02.553Z",
    "duration": 196.224,
    "durationFormattedHHMM": "3:16",
    "durationFormattedMinSec": "3m 16s",
    "files": [
        {
            "progressiveDownloadURL": "https://download-a.akamaihd.net/files/media_periodical/2d/jwbcov_E_201805_02_r240P.mp4",
            "checksum": "81df1e6b99664e9116ea244cab691849",
            "filesize": 4693933,
            "modifiedDatetime": "2020-11-06T02:11:52.000Z",
            "bitRate": 186.88514943381034,
            "duration": 196.224,
            "frameHeight": 234,
            "frameWidth": 416,
            "label": "240p",
            "frameRate": 23.483,
            "mimetype": "video/mp4",
            "subtitled": false,
            "subtitles": {
                "url": "https://download-a.akamaihd.net/files/media_periodical/40/jwbcov_E_201805_02.vtt",
                "modifiedDatetime": "2019-02-15T18:25:01.000Z",
                "checksum": "d480dcc465ee5dd181da865096322b0e"
            }
        },
        {
            "progressiveDownloadURL": "https://download-a.akamaihd.net/files/media_periodical/da/jwbcov_E_201805_02_r360P.mp4",
            "checksum": "0f87505c6b18404639e20471eb140c29",
            "filesize": 8239291,
            "modifiedDatetime": "2019-02-15T18:23:02.000Z",
            "bitRate": 328.08585726336287,
            "duration": 196.197,
            "frameHeight": 360,
            "frameWidth": 640,
            "label": "360p",
            "frameRate": 23.976,
            "mimetype": "video/mp4",
            "subtitled": false,
            "subtitles": {
                "url": "https://download-a.akamaihd.net/files/media_periodical/40/jwbcov_E_201805_02.vtt",
                "modifiedDatetime": "2019-02-15T18:25:01.000Z",
                "checksum": "d480dcc465ee5dd181da865096322b0e"
            }
        },
        {
            "progressiveDownloadURL": "https://download-a.akamaihd.net/files/media_periodical/d3/jwbcov_E_201805_02_r480P.mp4",
            "checksum": "0678f25fba9274fe521fdf484d52731e",
            "filesize": 14646193,
            "modifiedDatetime": "2019-02-15T18:24:04.000Z",
            "bitRate": 583.2065873203974,
            "duration": 196.197,
            "frameHeight": 540,
            "frameWidth": 960,
            "label": "480p",
            "frameRate": 23.976,
            "mimetype": "video/mp4",
            "subtitled": false,
            "subtitles": {
                "url": "https://download-a.akamaihd.net/files/media_periodical/40/jwbcov_E_201805_02.vtt",
                "modifiedDatetime": "2019-02-15T18:25:01.000Z",
                "checksum": "d480dcc465ee5dd181da865096322b0e"
            }
        },
        {
            "progressiveDownloadURL": "https://download-a.akamaihd.net/files/media_periodical/bf/jwbcov_E_201805_02_r720P.mp4",
            "checksum": "743ba5827415b0fed19a6ca213973be9",
            "filesize": 24146621,
            "modifiedDatetime": "2019-02-15T18:26:03.000Z",
            "bitRate": 961.5105050663363,
            "duration": 196.197,
            "frameHeight": 720,
            "frameWidth": 1280,
            "label": "720p",
            "frameRate": 23.976,
            "mimetype": "video/mp4",
            "subtitled": false,
            "subtitles": {
                "url": "https://download-a.akamaihd.net/files/media_periodical/40/jwbcov_E_201805_02.vtt",
                "modifiedDatetime": "2019-02-15T18:25:01.000Z",
                "checksum": "d480dcc465ee5dd181da865096322b0e"
            }
        }
    ],
    "printReferences": [
        "jwbcov.201805-2.v",
        "jwbcov.201805-2"
    ],
    "subtitlesUrl": "https://download-a.akamaihd.net/files/media_periodical/40/jwbcov_E_201805_02.vtt",
    "Name": "pub-jwbcov_E_201805_2_VIDEO",
    "Title": "Jehovah—The Source of True Courage",
    "UndatedReferenceTitle": "Jehovah—The Source of True Courage",
    "ShortTitle": null,
    "Category": "vod",
    "Year": 2019,
    "Symbol": "2018Convention"
}