{
    "guid": "62503e75dedf1bc789199abf",
    "languageAgnosticNaturalKey": "pub-co-r22_122_VIDEO",
    "naturalKey": "pub-co-r22_E_122_VIDEO",
    "type": "video",
    "primaryCategory": "2022Convention",
    "description": "",
    "firstPublished": "2022-07-18T14:40:03.279Z",
    "duration": 715.414,
    "durationFormattedHHMM": "11:55",
    "durationFormattedMinSec": "11m 55s",
    "files": [
        {
            "progressiveDownloadURL": "https://download-a.akamaihd.net/files/media_publication/ed/CO-r22_E_122_r240P.mp4",
            "checksum": "080f2e8550994f991db6f112e1c1e85e",
            "filesize": 14489363,
            "modifiedDatetime": "2022-07-18T00:00:15.000Z",
            "bitRate": 158.2274716982055,
            "duration": 715.414,
            "frameHeight": 234,
            "frameWidth": 416,
            "label": "240p",
            "frameRate": 23.976,
            "mimetype": "video/mp4",
            "subtitled": false,
            "subtitles": {
                "url": "https://download-a.akamaihd.net/files/media_publication/fe/CO-r22_E_122.vtt",
                "modifiedDatetime": "2022-07-18T00:00:04.000Z",
                "checksum": "e36ec48330ac080342a91623efd546c0"
            }
        },
        {
            "progressiveDownloadURL": "https://download-a.akamaihd.net/files/media_publication/32/CO-r22_E_122_r360P.mp4",
            "checksum": "d0bf7905c40aff3c386bd9af5e6b0210",
            "filesize": 27581682,
            "modifiedDatetime": "2022-07-18T00:00:13.000Z",
            "bitRate": 301.2081357144055,
            "duration": 715.392,
            "frameHeight": 360,
            "frameWidth": 640,
            "label": "360p",
            "frameRate": 23.976,
            "mimetype": "video/mp4",
            "subtitled": false,
            "subtitles": {
                "url": "https://download-a.akamaihd.net/files/media_publication/fe/CO-r22_E_122.vtt",
                "modifiedDatetime": "2022-07-18T00:00:04.000Z",
                "checksum": "e36ec48330ac080342a91623efd546c0"
            }
        },
        {
            "progressiveDownloadURL": "https://download-a.akamaihd.net/files/media_publication/62/CO-r22_E_122_r480P.mp4",
            "checksum": "e3acf9108fdd2e6932d025fd88bb740b",
            "filesize": 49078213,
            "modifiedDatetime": "2022-07-18T00:00:10.000Z",
            "bitRate": 535.96285541703,
            "duration": 715.392,
            "frameHeight": 540,
            "frameWidth": 960,
            "label": "480p",
            "frameRate": 23.976,
            "mimetype": "video/mp4",
            "subtitled": false,
            "subtitles": {
                "url": "https://download-a.akamaihd.net/files/media_publication/fe/CO-r22_E_122.vtt",
                "modifiedDatetime": "2022-07-18T00:00:04.000Z",
                "checksum": "e36ec48330ac080342a91623efd546c0"
            }
        },
        {
            "progressiveDownloadURL": "https://download-a.akamaihd.net/files/media_publication/16/CO-r22_E_122_r720P.mp4",
            "checksum": "09386d0ca276015656a439411a870b77",
            "filesize": 81231505,
            "modifiedDatetime": "2022-07-18T00:00:07.000Z",
            "bitRate": 887.095652191386,
            "duration": 715.392,
            "frameHeight": 720,
            "frameWidth": 1280,
            "label": "720p",
            "frameRate": 23.976,
            "mimetype": "video/mp4",
            "subtitled": false,
            "subtitles": {
                "url": "https://download-a.akamaihd.net/files/media_publication/fe/CO-r22_E_122.vtt",
                "modifiedDatetime": "2022-07-18T00:00:04.000Z",
                "checksum": "e36ec48330ac080342a91623efd546c0"
            }
        }
    ],
    "printReferences": [
        "co-r22-122.v",
        "co-r22-122"
    ],
    "subtitlesUrl": "https://download-a.akamaihd.net/files/media_publication/fe/CO-r22_E_122.vtt",
    "Name": "pub-co-r22_E_122_VIDEO",
    "Title": "William Malenfant: Be Ready to Share “the Good News of Peace”—Help Students Grow to Maturity",
    "UndatedReferenceTitle": "William Malenfant: Be Ready to Share “the Good News of Peace”—Help Students Grow to Maturity",
    "ShortTitle": null,
    "Category": "vod",
    "Year": 2022,
    "Symbol": "2022Convention"
}