{
    "guid": "5f874d640ca056895ed1893d",
    "languageAgnosticNaturalKey": "pub-co-r20_144_VIDEO",
    "naturalKey": "pub-co-r20_E_144_VIDEO",
    "type": "video",
    "primaryCategory": "2020Convention",
    "description": "",
    "firstPublished": "2020-12-01T23:43:48.359Z",
    "duration": 768.769,
    "durationFormattedHHMM": "12:48",
    "durationFormattedMinSec": "12m 48s",
    "files": [
        {
            "progressiveDownloadURL": "https://download-a.akamaihd.net/files/media_publication/81/CO-r20_E_144_r240P.mp4",
            "checksum": "200cbec32a3eec45ffa6ce86df0918da",
            "filesize": 19400474,
            "modifiedDatetime": "2020-12-01T23:34:11.000Z",
            "bitRate": 197.15441585833975,
            "duration": 768.769,
            "frameHeight": 234,
            "frameWidth": 416,
            "label": "240p",
            "frameRate": 23.438,
            "mimetype": "video/mp4",
            "subtitled": false,
            "subtitles": {
                "url": "https://download-a.akamaihd.net/files/media_publication/c1/co-r20_E_144.vtt",
                "modifiedDatetime": "2020-12-01T23:34:24.000Z",
                "checksum": "52b34347d4cdb3645a28931f55e680a2"
            }
        },
        {
            "progressiveDownloadURL": "https://download-a.akamaihd.net/files/media_publication/8a/CO-r20_E_144_r360P.mp4",
            "checksum": "8f7709612354fa81170c895d9c7b9001",
            "filesize": 26127177,
            "modifiedDatetime": "2020-12-01T23:34:14.000Z",
            "bitRate": 265.5135291778154,
            "duration": 768.769,
            "frameHeight": 360,
            "frameWidth": 640,
            "label": "360p",
            "frameRate": 23.976,
            "mimetype": "video/mp4",
            "subtitled": false,
            "subtitles": {
                "url": "https://download-a.akamaihd.net/files/media_publication/c1/co-r20_E_144.vtt",
                "modifiedDatetime": "2020-12-01T23:34:24.000Z",
                "checksum": "52b34347d4cdb3645a28931f55e680a2"
            }
        },
        {
            "progressiveDownloadURL": "https://download-a.akamaihd.net/files/media_publication/35/CO-r20_E_144_r480P.mp4",
            "checksum": "bbb6162c23c30d38692cd1206751f0c4",
            "filesize": 45899052,
            "modifiedDatetime": "2020-12-01T23:34:17.000Z",
            "bitRate": 466.44225215897103,
            "duration": 768.769,
            "frameHeight": 540,
            "frameWidth": 960,
            "label": "480p",
            "frameRate": 23.976,
            "mimetype": "video/mp4",
            "subtitled": false,
            "subtitles": {
                "url": "https://download-a.akamaihd.net/files/media_publication/c1/co-r20_E_144.vtt",
                "modifiedDatetime": "2020-12-01T23:34:24.000Z",
                "checksum": "52b34347d4cdb3645a28931f55e680a2"
            }
        },
        {
            "progressiveDownloadURL": "https://download-a.akamaihd.net/files/media_publication/4c/CO-r20_E_144_r720P.mp4",
            "checksum": "c2fa176be3b2a9dba18112e4cd284098",
            "filesize": 76418909,
            "modifiedDatetime": "2020-12-01T23:34:20.000Z",
            "bitRate": 776.595734950941,
            "duration": 768.769,
            "frameHeight": 720,
            "frameWidth": 1280,
            "label": "720p",
            "frameRate": 23.976,
            "mimetype": "video/mp4",
            "subtitled": false,
            "subtitles": {
                "url": "https://download-a.akamaihd.net/files/media_publication/c1/co-r20_E_144.vtt",
                "modifiedDatetime": "2020-12-01T23:34:24.000Z",
                "checksum": "52b34347d4cdb3645a28931f55e680a2"
            }
        }
    ],
    "printReferences": [
        "co-r20-144.v",
        "co-r20-144"
    ],
    "subtitlesUrl": "https://download-a.akamaihd.net/files/media_publication/c1/co-r20_E_144.vtt",
    "Name": "pub-co-r20_E_144_VIDEO",
    "Title": "David Schafer: We Can Rejoice Despite . . . Sword",
    "UndatedReferenceTitle": "David Schafer: We Can Rejoice Despite . . . Sword",
    "ShortTitle": null,
    "Category": "vod",
    "Year": 2020,
    "Symbol": "2020Convention"
}