{
    "guid": "6269b36cb685ba3441742d42",
    "languageAgnosticNaturalKey": "pub-co-r22_143_VIDEO",
    "naturalKey": "pub-co-r22_E_143_VIDEO",
    "type": "video",
    "primaryCategory": "2022Convention",
    "description": "",
    "firstPublished": "2022-08-08T14:07:27.410Z",
    "duration": 993.408,
    "durationFormattedHHMM": "16:33",
    "durationFormattedMinSec": "16m 33s",
    "files": [
        {
            "progressiveDownloadURL": "https://download-a.akamaihd.net/files/media_publication/6c/CO-r22_E_143_r240P.mp4",
            "checksum": "182e441f4a98609fd7b9c1a7f734b410",
            "filesize": 18176079,
            "modifiedDatetime": "2022-08-07T23:53:47.000Z",
            "bitRate": 142.94289676296145,
            "duration": 993.408,
            "frameHeight": 234,
            "frameWidth": 416,
            "label": "240p",
            "frameRate": 23.976,
            "mimetype": "video/mp4",
            "subtitled": false,
            "subtitles": {
                "url": "https://download-a.akamaihd.net/files/media_publication/b0/CO-r22_E_143.vtt",
                "modifiedDatetime": "2022-08-07T23:53:22.000Z",
                "checksum": "53409505c27688f6d8c769ade7cea9e6"
            }
        },
        {
            "progressiveDownloadURL": "https://download-a.akamaihd.net/files/media_publication/e3/CO-r22_E_143_r360P.mp4",
            "checksum": "ff335d8d6759dd19c4b43f213167ba94",
            "filesize": 36397254,
            "modifiedDatetime": "2022-08-07T23:53:43.000Z",
            "bitRate": 286.2464949460784,
            "duration": 993.387,
            "frameHeight": 360,
            "frameWidth": 640,
            "label": "360p",
            "frameRate": 23.976,
            "mimetype": "video/mp4",
            "subtitled": false,
            "subtitles": {
                "url": "https://download-a.akamaihd.net/files/media_publication/b0/CO-r22_E_143.vtt",
                "modifiedDatetime": "2022-08-07T23:53:22.000Z",
                "checksum": "53409505c27688f6d8c769ade7cea9e6"
            }
        },
        {
            "progressiveDownloadURL": "https://download-a.akamaihd.net/files/media_publication/b6/CO-r22_E_143_r480P.mp4",
            "checksum": "7dd0292051b191e49e153846ca7cb4da",
            "filesize": 67418036,
            "modifiedDatetime": "2022-08-07T23:53:39.000Z",
            "bitRate": 530.2096828829046,
            "duration": 993.387,
            "frameHeight": 540,
            "frameWidth": 960,
            "label": "480p",
            "frameRate": 23.976,
            "mimetype": "video/mp4",
            "subtitled": false,
            "subtitles": {
                "url": "https://download-a.akamaihd.net/files/media_publication/b0/CO-r22_E_143.vtt",
                "modifiedDatetime": "2022-08-07T23:53:22.000Z",
                "checksum": "53409505c27688f6d8c769ade7cea9e6"
            }
        },
        {
            "progressiveDownloadURL": "https://download-a.akamaihd.net/files/media_publication/dd/CO-r22_E_143_r720P.mp4",
            "checksum": "85ef0b2c76ff38d6bf13ab3a4a328412",
            "filesize": 115991789,
            "modifiedDatetime": "2022-08-07T23:53:35.000Z",
            "bitRate": 912.2183515211092,
            "duration": 993.387,
            "frameHeight": 720,
            "frameWidth": 1280,
            "label": "720p",
            "frameRate": 23.976,
            "mimetype": "video/mp4",
            "subtitled": false,
            "subtitles": {
                "url": "https://download-a.akamaihd.net/files/media_publication/b0/CO-r22_E_143.vtt",
                "modifiedDatetime": "2022-08-07T23:53:22.000Z",
                "checksum": "53409505c27688f6d8c769ade7cea9e6"
            }
        }
    ],
    "printReferences": [
        "co-r22-143.v",
        "co-r22-143"
    ],
    "subtitlesUrl": "https://download-a.akamaihd.net/files/media_publication/b0/CO-r22_E_143.vtt",
    "Name": "pub-co-r22_E_143_VIDEO",
    "Title": "M. Stephen Lett: How They Sowed and Reaped Peace—Modern-Day Examples",
    "UndatedReferenceTitle": "M. Stephen Lett: How They Sowed and Reaped Peace—Modern-Day Examples",
    "ShortTitle": null,
    "Category": "vod",
    "Year": 2022,
    "Symbol": "2022Convention"
}