{
    "guid": "5c37735099077ca5aeb94388",
    "languageAgnosticNaturalKey": "pub-jwb_201902_3_VIDEO",
    "naturalKey": "pub-jwb_E_201902_3_VIDEO",
    "type": "video",
    "primaryCategory": "FamilyDatingMarriage",
    "description": "",
    "firstPublished": "2019-02-19T03:17:02.057Z",
    "duration": 344.534,
    "durationFormattedHHMM": "5:44",
    "durationFormattedMinSec": "5m 44s",
    "files": [
        {
            "progressiveDownloadURL": "https://download-a.akamaihd.net/files/media_periodical/14/jwb_E_201902_03_r240P.mp4",
            "checksum": "7eb2b2150f610a2734c91fcd94fb9983",
            "filesize": 8125451,
            "modifiedDatetime": "2020-11-04T21:06:48.000Z",
            "bitRate": 184.2491189185973,
            "duration": 344.534,
            "frameHeight": 234,
            "frameWidth": 416,
            "label": "240p",
            "frameRate": 23.857,
            "mimetype": "video/mp4",
            "subtitled": false,
            "subtitles": {
                "url": "https://download-a.akamaihd.net/files/media_periodical/21/jwb_E_201902_03.vtt",
                "modifiedDatetime": "2019-02-19T02:46:48.000Z",
                "checksum": "53cc9dee6ec90073093b2cb0f08762cc"
            }
        },
        {
            "progressiveDownloadURL": "https://download-a.akamaihd.net/files/media_periodical/05/jwb_E_201902_03_r360P.mp4",
            "checksum": "5291e11bf565b5e20f4f3574eed4bea3",
            "filesize": 14784476,
            "modifiedDatetime": "2019-02-19T02:46:20.000Z",
            "bitRate": 335.2676213020156,
            "duration": 344.512,
            "frameHeight": 360,
            "frameWidth": 640,
            "label": "360p",
            "frameRate": 23.976,
            "mimetype": "video/mp4",
            "subtitled": false,
            "subtitles": {
                "url": "https://download-a.akamaihd.net/files/media_periodical/21/jwb_E_201902_03.vtt",
                "modifiedDatetime": "2019-02-19T02:46:48.000Z",
                "checksum": "53cc9dee6ec90073093b2cb0f08762cc"
            }
        },
        {
            "progressiveDownloadURL": "https://download-a.akamaihd.net/files/media_periodical/a4/jwb_E_201902_03_r480P.mp4",
            "checksum": "2b848edd87ce7e865b8cfe4382f795e6",
            "filesize": 26287079,
            "modifiedDatetime": "2019-02-19T02:46:25.000Z",
            "bitRate": 596.1121954750488,
            "duration": 344.512,
            "frameHeight": 540,
            "frameWidth": 960,
            "label": "480p",
            "frameRate": 23.976,
            "mimetype": "video/mp4",
            "subtitled": false,
            "subtitles": {
                "url": "https://download-a.akamaihd.net/files/media_periodical/21/jwb_E_201902_03.vtt",
                "modifiedDatetime": "2019-02-19T02:46:48.000Z",
                "checksum": "53cc9dee6ec90073093b2cb0f08762cc"
            }
        },
        {
            "progressiveDownloadURL": "https://download-a.akamaihd.net/files/media_periodical/43/jwb_E_201902_03_r720P.mp4",
            "checksum": "13c0884f00c1c59ad015542f17f9f814",
            "filesize": 42465975,
            "modifiedDatetime": "2019-02-19T02:46:39.000Z",
            "bitRate": 963.001084686455,
            "duration": 344.512,
            "frameHeight": 720,
            "frameWidth": 1280,
            "label": "720p",
            "frameRate": 23.976,
            "mimetype": "video/mp4",
            "subtitled": false,
            "subtitles": {
                "url": "https://download-a.akamaihd.net/files/media_periodical/21/jwb_E_201902_03.vtt",
                "modifiedDatetime": "2019-02-19T02:46:48.000Z",
                "checksum": "53cc9dee6ec90073093b2cb0f08762cc"
            }
        }
    ],
    "printReferences": [
        "jwb.201902-3.v",
        "jwb.201902-3"
    ],
    "subtitlesUrl": "https://download-a.akamaihd.net/files/media_periodical/21/jwb_E_201902_03.vtt",
    "Name": "pub-jwb_E_201902_3_VIDEO",
    "Title": "How to Strengthen the Marriage Bond",
    "UndatedReferenceTitle": "How to Strengthen the Marriage Bond",
    "ShortTitle": null,
    "Category": "vod",
    "Year": 2019,
    "Symbol": "FamilyDatingMarriage"
}