{
    "guid": "606dad070524ac0a0adfbe3e",
    "languageAgnosticNaturalKey": "pub-co-r21_102_VIDEO",
    "naturalKey": "pub-co-r21_E_102_VIDEO",
    "type": "video",
    "primaryCategory": "2021Convention",
    "description": "",
    "firstPublished": "2021-09-13T16:55:46.328Z",
    "duration": 871.104,
    "durationFormattedHHMM": "14:31",
    "durationFormattedMinSec": "14m 31s",
    "files": [
        {
            "progressiveDownloadURL": "https://download-a.akamaihd.net/files/media_publication/1f/CO-r21_E_102_r240P.mp4",
            "checksum": "56ef4419d3ec691b08447dc787799bdd",
            "filesize": 18527035,
            "modifiedDatetime": "2021-09-11T05:04:05.000Z",
            "bitRate": 166.15979370718077,
            "duration": 871.104,
            "frameHeight": 234,
            "frameWidth": 416,
            "label": "240p",
            "frameRate": 23.976,
            "mimetype": "video/mp4",
            "subtitled": false,
            "subtitles": {
                "url": "https://download-a.akamaihd.net/files/media_publication/5e/co-r21_E_102.vtt",
                "modifiedDatetime": "2021-09-11T05:04:12.000Z",
                "checksum": "e4f58511a4b9ed8aea9f59c4875ae4e1"
            }
        },
        {
            "progressiveDownloadURL": "https://download-a.akamaihd.net/files/media_publication/d1/CO-r21_E_102_r360P.mp4",
            "checksum": "7795d7f7070701899407fa9900983936",
            "filesize": 37841308,
            "modifiedDatetime": "2021-09-11T05:04:23.000Z",
            "bitRate": 339.38928542728564,
            "duration": 871.08,
            "frameHeight": 360,
            "frameWidth": 640,
            "label": "360p",
            "frameRate": 23.976,
            "mimetype": "video/mp4",
            "subtitled": false,
            "subtitles": {
                "url": "https://download-a.akamaihd.net/files/media_publication/5e/co-r21_E_102.vtt",
                "modifiedDatetime": "2021-09-11T05:04:12.000Z",
                "checksum": "e4f58511a4b9ed8aea9f59c4875ae4e1"
            }
        },
        {
            "progressiveDownloadURL": "https://download-a.akamaihd.net/files/media_publication/89/CO-r21_E_102_r480P.mp4",
            "checksum": "fdd5583de0cd94692a37ba40adc86eb3",
            "filesize": 68756215,
            "modifiedDatetime": "2021-09-11T05:04:20.000Z",
            "bitRate": 616.6574019464343,
            "duration": 871.08,
            "frameHeight": 540,
            "frameWidth": 960,
            "label": "480p",
            "frameRate": 23.976,
            "mimetype": "video/mp4",
            "subtitled": false,
            "subtitles": {
                "url": "https://download-a.akamaihd.net/files/media_publication/5e/co-r21_E_102.vtt",
                "modifiedDatetime": "2021-09-11T05:04:12.000Z",
                "checksum": "e4f58511a4b9ed8aea9f59c4875ae4e1"
            }
        },
        {
            "progressiveDownloadURL": "https://download-a.akamaihd.net/files/media_publication/56/CO-r21_E_102_r720P.mp4",
            "checksum": "0d36d2835995d5227595810814aba8c3",
            "filesize": 115439836,
            "modifiedDatetime": "2021-09-11T05:04:16.000Z",
            "bitRate": 1035.3511947811912,
            "duration": 871.08,
            "frameHeight": 720,
            "frameWidth": 1280,
            "label": "720p",
            "frameRate": 23.976,
            "mimetype": "video/mp4",
            "subtitled": false,
            "subtitles": {
                "url": "https://download-a.akamaihd.net/files/media_publication/5e/co-r21_E_102.vtt",
                "modifiedDatetime": "2021-09-11T05:04:12.000Z",
                "checksum": "e4f58511a4b9ed8aea9f59c4875ae4e1"
            }
        }
    ],
    "printReferences": [
        "co-r21-102.v",
        "co-r21-102"
    ],
    "subtitlesUrl": "https://download-a.akamaihd.net/files/media_publication/5e/co-r21_E_102.vtt",
    "Name": "pub-co-r21_E_102_VIDEO",
    "Title": "David Schafer: Why We Have Faith in . . . God’s Existence",
    "UndatedReferenceTitle": "David Schafer: Why We Have Faith in . . . God’s Existence",
    "ShortTitle": null,
    "Category": "vod",
    "Year": 2021,
    "Symbol": "2021Convention"
}