{
    "guid": "60edb0dab765b4a6fb56a5ca",
    "languageAgnosticNaturalKey": "pub-jwbcov21_2_VIDEO",
    "naturalKey": "pub-jwbcov21_E_2_VIDEO",
    "type": "video",
    "primaryCategory": "2021Convention",
    "description": "",
    "firstPublished": "2021-09-13T16:24:33.352Z",
    "duration": 279.552,
    "durationFormattedHHMM": "4:39",
    "durationFormattedMinSec": "4m 39s",
    "files": [
        {
            "progressiveDownloadURL": "https://download-a.akamaihd.net/files/media_publication/03/jwbcov21_E_02_r240P.mp4",
            "checksum": "cbf33588deedc09597f9c67ec87aeda7",
            "filesize": 5439435,
            "modifiedDatetime": "2021-09-11T04:29:36.000Z",
            "bitRate": 152.01317085014594,
            "duration": 279.552,
            "frameHeight": 234,
            "frameWidth": 416,
            "label": "240p",
            "frameRate": 23.857,
            "mimetype": "video/mp4",
            "subtitled": false,
            "subtitles": {
                "url": "https://download-a.akamaihd.net/files/media_publication/ef/jwbcov21_E_02.vtt",
                "modifiedDatetime": "2021-09-11T04:29:41.000Z",
                "checksum": "37b5c41e0c98d6bcc630dd9bf0639eb4"
            }
        },
        {
            "progressiveDownloadURL": "https://download-a.akamaihd.net/files/media_publication/1d/jwbcov21_E_02_r360P.mp4",
            "checksum": "b3816992531473e4622b7f0fc263d179",
            "filesize": 9476771,
            "modifiedDatetime": "2021-09-11T04:29:34.000Z",
            "bitRate": 264.86247835660447,
            "duration": 279.531,
            "frameHeight": 360,
            "frameWidth": 640,
            "label": "360p",
            "frameRate": 23.976,
            "mimetype": "video/mp4",
            "subtitled": false,
            "subtitles": {
                "url": "https://download-a.akamaihd.net/files/media_publication/ef/jwbcov21_E_02.vtt",
                "modifiedDatetime": "2021-09-11T04:29:41.000Z",
                "checksum": "37b5c41e0c98d6bcc630dd9bf0639eb4"
            }
        },
        {
            "progressiveDownloadURL": "https://download-a.akamaihd.net/files/media_publication/5c/jwbcov21_E_02_r480P.mp4",
            "checksum": "9dc4b6fe2420b5a0eb889a719cff0634",
            "filesize": 16395367,
            "modifiedDatetime": "2021-09-11T04:29:32.000Z",
            "bitRate": 458.22754788377677,
            "duration": 279.531,
            "frameHeight": 540,
            "frameWidth": 960,
            "label": "480p",
            "frameRate": 23.976,
            "mimetype": "video/mp4",
            "subtitled": false,
            "subtitles": {
                "url": "https://download-a.akamaihd.net/files/media_publication/ef/jwbcov21_E_02.vtt",
                "modifiedDatetime": "2021-09-11T04:29:41.000Z",
                "checksum": "37b5c41e0c98d6bcc630dd9bf0639eb4"
            }
        },
        {
            "progressiveDownloadURL": "https://download-a.akamaihd.net/files/media_publication/00/jwbcov21_E_02_r720P.mp4",
            "checksum": "361b6a9d444b83c90d8d4d9fe979f934",
            "filesize": 25880264,
            "modifiedDatetime": "2021-09-11T04:29:30.000Z",
            "bitRate": 723.3171365608823,
            "duration": 279.531,
            "frameHeight": 720,
            "frameWidth": 1280,
            "label": "720p",
            "frameRate": 23.976,
            "mimetype": "video/mp4",
            "subtitled": false,
            "subtitles": {
                "url": "https://download-a.akamaihd.net/files/media_publication/ef/jwbcov21_E_02.vtt",
                "modifiedDatetime": "2021-09-11T04:29:41.000Z",
                "checksum": "37b5c41e0c98d6bcc630dd9bf0639eb4"
            }
        }
    ],
    "printReferences": [
        "jwbcov21-2.v",
        "jwbcov21-2"
    ],
    "subtitlesUrl": "https://download-a.akamaihd.net/files/media_publication/ef/jwbcov21_E_02.vtt",
    "Name": "pub-jwbcov21_E_2_VIDEO",
    "Title": "How Powerful Is Faith?",
    "UndatedReferenceTitle": "How Powerful Is Faith?",
    "ShortTitle": null,
    "Category": "vod",
    "Year": 2021,
    "Symbol": "2021Convention"
}