{
    "guid": "624c8c1ededf1bc78910b5bb",
    "languageAgnosticNaturalKey": "pub-co-r22_113_VIDEO",
    "naturalKey": "pub-co-r22_E_113_VIDEO",
    "type": "video",
    "primaryCategory": "2022Convention",
    "description": "",
    "firstPublished": "2022-07-04T15:28:09.235Z",
    "duration": 840.022,
    "durationFormattedHHMM": "14:00",
    "durationFormattedMinSec": "14m 0s",
    "files": [
        {
            "progressiveDownloadURL": "https://download-a.akamaihd.net/files/media_publication/ea/CO-r22_E_113_r240P.mp4",
            "checksum": "d52b29b0f9c397713c32e91638a3580c",
            "filesize": 16376311,
            "modifiedDatetime": "2022-07-03T22:20:59.000Z",
            "bitRate": 152.30164371050054,
            "duration": 840.043,
            "frameHeight": 234,
            "frameWidth": 416,
            "label": "240p",
            "frameRate": 23.976,
            "mimetype": "video/mp4",
            "subtitled": false,
            "subtitles": {
                "url": "https://download-a.akamaihd.net/files/media_publication/1f/CO-r22_E_113.vtt",
                "modifiedDatetime": "2022-07-03T22:21:03.000Z",
                "checksum": "7c1ad6c140d12e56c66beefde92ac235"
            }
        },
        {
            "progressiveDownloadURL": "https://download-a.akamaihd.net/files/media_publication/b5/CO-r22_E_113_r360P.mp4",
            "checksum": "49faa4f4aec92ed313f47a4a399322ea",
            "filesize": 33116478,
            "modifiedDatetime": "2022-07-03T22:20:57.000Z",
            "bitRate": 307.9948910564247,
            "duration": 840.022,
            "frameHeight": 360,
            "frameWidth": 640,
            "label": "360p",
            "frameRate": 23.976,
            "mimetype": "video/mp4",
            "subtitled": false,
            "subtitles": {
                "url": "https://download-a.akamaihd.net/files/media_publication/1f/CO-r22_E_113.vtt",
                "modifiedDatetime": "2022-07-03T22:21:03.000Z",
                "checksum": "7c1ad6c140d12e56c66beefde92ac235"
            }
        },
        {
            "progressiveDownloadURL": "https://download-a.akamaihd.net/files/media_publication/de/CO-r22_E_113_r480P.mp4",
            "checksum": "362e6810d0df1e307d380cc29697be4e",
            "filesize": 60635565,
            "modifiedDatetime": "2022-07-03T22:20:48.000Z",
            "bitRate": 563.9320774485668,
            "duration": 840.022,
            "frameHeight": 540,
            "frameWidth": 960,
            "label": "480p",
            "frameRate": 23.976,
            "mimetype": "video/mp4",
            "subtitled": false,
            "subtitles": {
                "url": "https://download-a.akamaihd.net/files/media_publication/1f/CO-r22_E_113.vtt",
                "modifiedDatetime": "2022-07-03T22:21:03.000Z",
                "checksum": "7c1ad6c140d12e56c66beefde92ac235"
            }
        },
        {
            "progressiveDownloadURL": "https://download-a.akamaihd.net/files/media_publication/52/CO-r22_E_113_r720P.mp4",
            "checksum": "36a1ebaa89c3f660771858d5f2576184",
            "filesize": 107259772,
            "modifiedDatetime": "2022-07-03T22:20:41.000Z",
            "bitRate": 997.553598298616,
            "duration": 840.022,
            "frameHeight": 720,
            "frameWidth": 1280,
            "label": "720p",
            "frameRate": 23.976,
            "mimetype": "video/mp4",
            "subtitled": false,
            "subtitles": {
                "url": "https://download-a.akamaihd.net/files/media_publication/1f/CO-r22_E_113.vtt",
                "modifiedDatetime": "2022-07-03T22:21:03.000Z",
                "checksum": "7c1ad6c140d12e56c66beefde92ac235"
            }
        }
    ],
    "printReferences": [
        "co-r22-113.v",
        "co-r22-113"
    ],
    "subtitlesUrl": "https://download-a.akamaihd.net/files/media_publication/1f/CO-r22_E_113.vtt",
    "Name": "pub-co-r22_E_113_VIDEO",
    "Title": "Robert Luccioni: Follow the Road Map to Family Peace—Improve Communication",
    "UndatedReferenceTitle": "Robert Luccioni: Follow the Road Map to Family Peace—Improve Communication",
    "ShortTitle": null,
    "Category": "vod",
    "Year": 2022,
    "Symbol": "2022Convention"
}