{
    "guid": "60edb0ccb765b4a6fb56a512",
    "languageAgnosticNaturalKey": "pub-jwbcov21_1_VIDEO",
    "naturalKey": "pub-jwbcov21_E_1_VIDEO",
    "type": "video",
    "primaryCategory": "2021Convention",
    "description": "",
    "firstPublished": "2021-09-13T16:25:04.329Z",
    "duration": 66.688,
    "durationFormattedHHMM": "1:06",
    "durationFormattedMinSec": "1m 6s",
    "files": [
        {
            "progressiveDownloadURL": "https://download-a.akamaihd.net/files/media_publication/ee/jwbcov21_E_01_r240P.mp4",
            "checksum": "b4c24effd546a3e830add939a0277890",
            "filesize": 2118838,
            "modifiedDatetime": "2021-09-11T04:29:50.000Z",
            "bitRate": 248.22189711792225,
            "duration": 66.688,
            "frameHeight": 234,
            "frameWidth": 416,
            "label": "240p",
            "frameRate": 23.928,
            "mimetype": "video/mp4",
            "subtitled": false,
            "subtitles": {
                "url": "https://download-a.akamaihd.net/files/media_publication/fa/jwbcov21_E_01.vtt",
                "modifiedDatetime": "2021-09-11T04:29:57.000Z",
                "checksum": "40a2867c90983ac966b539c9af0f63b4"
            }
        },
        {
            "progressiveDownloadURL": "https://download-a.akamaihd.net/files/media_publication/05/jwbcov21_E_01_r360P.mp4",
            "checksum": "e2b794751ec32af68fdb4eeab96ceb7b",
            "filesize": 3569465,
            "modifiedDatetime": "2021-09-11T04:29:48.000Z",
            "bitRate": 418.3950025130906,
            "duration": 66.651,
            "frameHeight": 360,
            "frameWidth": 640,
            "label": "360p",
            "frameRate": 23.976,
            "mimetype": "video/mp4",
            "subtitled": false,
            "subtitles": {
                "url": "https://download-a.akamaihd.net/files/media_publication/fa/jwbcov21_E_01.vtt",
                "modifiedDatetime": "2021-09-11T04:29:57.000Z",
                "checksum": "40a2867c90983ac966b539c9af0f63b4"
            }
        },
        {
            "progressiveDownloadURL": "https://download-a.akamaihd.net/files/media_publication/91/jwbcov21_E_01_r480P.mp4",
            "checksum": "e3745f85c3dced1e972f32016a032c87",
            "filesize": 6157195,
            "modifiedDatetime": "2021-09-11T04:29:44.000Z",
            "bitRate": 721.7158922971898,
            "duration": 66.651,
            "frameHeight": 540,
            "frameWidth": 960,
            "label": "480p",
            "frameRate": 23.976,
            "mimetype": "video/mp4",
            "subtitled": false,
            "subtitles": {
                "url": "https://download-a.akamaihd.net/files/media_publication/fa/jwbcov21_E_01.vtt",
                "modifiedDatetime": "2021-09-11T04:29:57.000Z",
                "checksum": "40a2867c90983ac966b539c9af0f63b4"
            }
        },
        {
            "progressiveDownloadURL": "https://download-a.akamaihd.net/files/media_publication/61/jwbcov21_E_01_r720P.mp4",
            "checksum": "35465d5a885ea004cafe5dba45017e71",
            "filesize": 9636753,
            "modifiedDatetime": "2021-09-11T04:29:42.000Z",
            "bitRate": 1129.5724417113022,
            "duration": 66.651,
            "frameHeight": 720,
            "frameWidth": 1280,
            "label": "720p",
            "frameRate": 23.976,
            "mimetype": "video/mp4",
            "subtitled": false,
            "subtitles": {
                "url": "https://download-a.akamaihd.net/files/media_publication/fa/jwbcov21_E_01.vtt",
                "modifiedDatetime": "2021-09-11T04:29:57.000Z",
                "checksum": "40a2867c90983ac966b539c9af0f63b4"
            }
        }
    ],
    "printReferences": [
        "jwbcov21-1.v",
        "jwbcov21-1"
    ],
    "subtitlesUrl": "https://download-a.akamaihd.net/files/media_publication/fa/jwbcov21_E_01.vtt",
    "Name": "pub-jwbcov21_E_1_VIDEO",
    "Title": "Excerpts of the 2021 Regional Convention",
    "UndatedReferenceTitle": "Excerpts of the 2021 Regional Convention",
    "ShortTitle": null,
    "Category": "vod",
    "Year": 2021,
    "Symbol": "2021Convention"
}