{
    "guid": "60959eb4b738cf2eda5ebe68",
    "languageAgnosticNaturalKey": "pub-co-r21_137_VIDEO",
    "naturalKey": "pub-co-r21_E_137_VIDEO",
    "type": "video",
    "primaryCategory": "2021Convention",
    "description": "",
    "firstPublished": "2021-09-13T16:38:57.181Z",
    "duration": 2044.416,
    "durationFormattedHHMM": "34:04",
    "durationFormattedMinSec": "34m 4s",
    "files": [
        {
            "progressiveDownloadURL": "https://download-a.akamaihd.net/files/media_publication/21/CO-r21_E_137_r240P.mp4",
            "checksum": "cab161d9ab12f2676783a0ae529c6648",
            "filesize": 33019864,
            "modifiedDatetime": "2021-09-11T04:53:43.000Z",
            "bitRate": 126.18160271686389,
            "duration": 2044.416,
            "frameHeight": 234,
            "frameWidth": 416,
            "label": "240p",
            "frameRate": 23.952,
            "mimetype": "video/mp4",
            "subtitled": false,
            "subtitles": {
                "url": "https://download-a.akamaihd.net/files/media_publication/67/co-r21_E_137.vtt",
                "modifiedDatetime": "2021-09-11T04:53:23.000Z",
                "checksum": "d6fcb3bf011c7fd116dcf20cef2b0a57"
            }
        },
        {
            "progressiveDownloadURL": "https://download-a.akamaihd.net/files/media_publication/e9/CO-r21_E_137_r360P.mp4",
            "checksum": "bb0df51dc1924b991bcb0e993bca50c1",
            "filesize": 66328488,
            "modifiedDatetime": "2021-09-11T04:53:37.000Z",
            "bitRate": 253.47150378819563,
            "duration": 2044.377,
            "frameHeight": 360,
            "frameWidth": 640,
            "label": "360p",
            "frameRate": 23.976,
            "mimetype": "video/mp4",
            "subtitled": false,
            "subtitles": {
                "url": "https://download-a.akamaihd.net/files/media_publication/67/co-r21_E_137.vtt",
                "modifiedDatetime": "2021-09-11T04:53:23.000Z",
                "checksum": "d6fcb3bf011c7fd116dcf20cef2b0a57"
            }
        },
        {
            "progressiveDownloadURL": "https://download-a.akamaihd.net/files/media_publication/61/CO-r21_E_137_r480P.mp4",
            "checksum": "ba25106dc64b9b7b00d5c835a58e132b",
            "filesize": 116557947,
            "modifiedDatetime": "2021-09-11T04:53:31.000Z",
            "bitRate": 445.42125104004793,
            "duration": 2044.377,
            "frameHeight": 540,
            "frameWidth": 960,
            "label": "480p",
            "frameRate": 23.976,
            "mimetype": "video/mp4",
            "subtitled": false,
            "subtitles": {
                "url": "https://download-a.akamaihd.net/files/media_publication/67/co-r21_E_137.vtt",
                "modifiedDatetime": "2021-09-11T04:53:23.000Z",
                "checksum": "d6fcb3bf011c7fd116dcf20cef2b0a57"
            }
        },
        {
            "progressiveDownloadURL": "https://download-a.akamaihd.net/files/media_publication/19/CO-r21_E_137_r720P.mp4",
            "checksum": "7c34f38fa3982eaa55e6f9e9d782bd83",
            "filesize": 190327143,
            "modifiedDatetime": "2021-09-11T04:53:24.000Z",
            "bitRate": 727.3271048771827,
            "duration": 2044.377,
            "frameHeight": 720,
            "frameWidth": 1280,
            "label": "720p",
            "frameRate": 23.976,
            "mimetype": "video/mp4",
            "subtitled": false,
            "subtitles": {
                "url": "https://download-a.akamaihd.net/files/media_publication/67/co-r21_E_137.vtt",
                "modifiedDatetime": "2021-09-11T04:53:23.000Z",
                "checksum": "d6fcb3bf011c7fd116dcf20cef2b0a57"
            }
        }
    ],
    "printReferences": [
        "co-r21-137.v",
        "co-r21-137"
    ],
    "subtitlesUrl": "https://download-a.akamaihd.net/files/media_publication/67/co-r21_E_137.vtt",
    "Name": "pub-co-r21_E_137_VIDEO",
    "Title": "David H. Splane: “Put Up a Hard Fight for the Faith”!",
    "UndatedReferenceTitle": "David H. Splane: “Put Up a Hard Fight for the Faith”!",
    "ShortTitle": null,
    "Category": "vod",
    "Year": 2021,
    "Symbol": "2021Convention"
}