{
    "guid": "628797d52b229f0b1c4dad42",
    "languageAgnosticNaturalKey": "pub-co-r22_11_VIDEO",
    "naturalKey": "pub-co-r22_E_11_VIDEO",
    "type": "video",
    "primaryCategory": "2022Convention",
    "description": "",
    "firstPublished": "2022-08-15T14:26:12.800Z",
    "duration": 4093.782,
    "durationFormattedHHMM": "1:08:13",
    "durationFormattedMinSec": "1h 8m 13s",
    "files": [
        {
            "progressiveDownloadURL": "https://download-a.akamaihd.net/files/media_publication/1e/CO-r22_E_11_r240P.mp4",
            "checksum": "054e568b054790882e1519ded12eb517",
            "filesize": 63747413,
            "modifiedDatetime": "2022-08-14T16:16:36.000Z",
            "bitRate": 121.65441737310388,
            "duration": 4093.782,
            "frameHeight": 234,
            "frameWidth": 416,
            "label": "240p",
            "frameRate": 23.976,
            "mimetype": "video/mp4",
            "subtitled": false,
            "subtitles": {
                "url": "https://download-a.akamaihd.net/files/media_publication/6f/CO-r22_E_11.vtt",
                "modifiedDatetime": "2022-08-14T16:15:48.000Z",
                "checksum": "2fe15ca36b01b67a1fe4281b3baaf1e9"
            }
        },
        {
            "progressiveDownloadURL": "https://download-a.akamaihd.net/files/media_publication/3b/CO-r22_E_11_r360P.mp4",
            "checksum": "0826e4548e422ea02d7051a81e317c4b",
            "filesize": 186239942,
            "modifiedDatetime": "2022-08-14T16:16:28.000Z",
            "bitRate": 355.41886844245874,
            "duration": 4093.76,
            "frameHeight": 360,
            "frameWidth": 640,
            "label": "360p",
            "frameRate": 23.976,
            "mimetype": "video/mp4",
            "subtitled": false,
            "subtitles": {
                "url": "https://download-a.akamaihd.net/files/media_publication/6f/CO-r22_E_11.vtt",
                "modifiedDatetime": "2022-08-14T16:15:48.000Z",
                "checksum": "2fe15ca36b01b67a1fe4281b3baaf1e9"
            }
        },
        {
            "progressiveDownloadURL": "https://download-a.akamaihd.net/files/media_publication/a8/CO-r22_E_11_r480P.mp4",
            "checksum": "0f78d45ddceb689a0242242810478569",
            "filesize": 351260750,
            "modifiedDatetime": "2022-08-14T16:16:12.000Z",
            "bitRate": 670.3433052682619,
            "duration": 4093.76,
            "frameHeight": 540,
            "frameWidth": 960,
            "label": "480p",
            "frameRate": 23.976,
            "mimetype": "video/mp4",
            "subtitled": false,
            "subtitles": {
                "url": "https://download-a.akamaihd.net/files/media_publication/6f/CO-r22_E_11.vtt",
                "modifiedDatetime": "2022-08-14T16:15:48.000Z",
                "checksum": "2fe15ca36b01b67a1fe4281b3baaf1e9"
            }
        },
        {
            "progressiveDownloadURL": "https://download-a.akamaihd.net/files/media_publication/02/CO-r22_E_11_r720P.mp4",
            "checksum": "27bc885ac7e64f61fe4071662d39b00d",
            "filesize": 591570168,
            "modifiedDatetime": "2022-08-14T16:15:55.000Z",
            "bitRate": 1128.9479445546392,
            "duration": 4093.76,
            "frameHeight": 720,
            "frameWidth": 1280,
            "label": "720p",
            "frameRate": 23.976,
            "mimetype": "video/mp4",
            "subtitled": false,
            "subtitles": {
                "url": "https://download-a.akamaihd.net/files/media_publication/6f/CO-r22_E_11.vtt",
                "modifiedDatetime": "2022-08-14T16:15:48.000Z",
                "checksum": "2fe15ca36b01b67a1fe4281b3baaf1e9"
            }
        }
    ],
    "printReferences": [
        "co-r22-11.v",
        "co-r22-11"
    ],
    "subtitlesUrl": "https://download-a.akamaihd.net/files/media_publication/6f/CO-r22_E_11.vtt",
    "Name": "pub-co-r22_E_11_VIDEO",
    "Title": "2022 “Pursue Peace”! Convention: Sunday Afternoon Session—Part 1",
    "UndatedReferenceTitle": "2022 “Pursue Peace”! Convention: Sunday Afternoon Session—Part 1",
    "ShortTitle": null,
    "Category": "vod",
    "Year": 2022,
    "Symbol": "2022Convention"
}