{
    "guid": "5cc89a0a48fd57354cf2ec65",
    "languageAgnosticNaturalKey": "docid-502019252_1_VIDEO",
    "naturalKey": "docid-502019252_E_1_VIDEO",
    "type": "video",
    "primaryCategory": "MeetingsConventions",
    "description": "",
    "firstPublished": "2019-05-17T19:09:50.647Z",
    "duration": 106.646,
    "durationFormattedHHMM": "1:46",
    "durationFormattedMinSec": "1m 46s",
    "files": [
        {
            "progressiveDownloadURL": "https://download-a.akamaihd.net/files/content_assets/17/502019252_E_cnt_1_r240P.mp4",
            "checksum": "0b775d36526384fe6a69f971516a39f0",
            "filesize": 2881466,
            "modifiedDatetime": "2020-11-01T02:24:52.000Z",
            "bitRate": 211.08577091498978,
            "duration": 106.646,
            "frameHeight": 234,
            "frameWidth": 416,
            "label": "240p",
            "frameRate": 23.529,
            "mimetype": "video/mp4",
            "subtitled": false,
            "subtitles": {
                "url": "https://download-a.akamaihd.net/files/content_assets/8c/502019252_E_cnt_1.vtt",
                "modifiedDatetime": "2019-05-17T18:48:28.000Z",
                "checksum": "e93b28a705d0f67cb4eeb330f27b99f9"
            }
        },
        {
            "progressiveDownloadURL": "https://download-a.akamaihd.net/files/content_assets/59/502019252_E_cnt_1_r360P.mp4",
            "checksum": "5c4fc960d43f07932e0718fd935c846d",
            "filesize": 5042359,
            "modifiedDatetime": "2020-06-19T20:26:03.000Z",
            "bitRate": 369.51663747092147,
            "duration": 106.608,
            "frameHeight": 360,
            "frameWidth": 640,
            "label": "360p",
            "frameRate": 23.976,
            "mimetype": "video/mp4",
            "subtitled": false,
            "subtitles": {
                "url": "https://download-a.akamaihd.net/files/content_assets/8c/502019252_E_cnt_1.vtt",
                "modifiedDatetime": "2019-05-17T18:48:28.000Z",
                "checksum": "e93b28a705d0f67cb4eeb330f27b99f9"
            }
        },
        {
            "progressiveDownloadURL": "https://download-a.akamaihd.net/files/content_assets/0f/502019252_E_cnt_1_r480P.mp4",
            "checksum": "a62e20efce6aaf8054af0766366e564a",
            "filesize": 9042924,
            "modifiedDatetime": "2020-06-19T20:26:06.000Z",
            "bitRate": 662.68801356371,
            "duration": 106.608,
            "frameHeight": 540,
            "frameWidth": 960,
            "label": "480p",
            "frameRate": 23.976,
            "mimetype": "video/mp4",
            "subtitled": false,
            "subtitles": {
                "url": "https://download-a.akamaihd.net/files/content_assets/8c/502019252_E_cnt_1.vtt",
                "modifiedDatetime": "2019-05-17T18:48:28.000Z",
                "checksum": "e93b28a705d0f67cb4eeb330f27b99f9"
            }
        },
        {
            "progressiveDownloadURL": "https://download-a.akamaihd.net/files/content_assets/4c/502019252_E_cnt_1_r720P.mp4",
            "checksum": "1260e88674e49db47ec063862492148b",
            "filesize": 14076840,
            "modifiedDatetime": "2020-06-19T20:26:09.000Z",
            "bitRate": 1031.585926947321,
            "duration": 106.608,
            "frameHeight": 720,
            "frameWidth": 1280,
            "label": "720p",
            "frameRate": 23.976,
            "mimetype": "video/mp4",
            "subtitled": false,
            "subtitles": {
                "url": "https://download-a.akamaihd.net/files/content_assets/8c/502019252_E_cnt_1.vtt",
                "modifiedDatetime": "2019-05-17T18:48:28.000Z",
                "checksum": "e93b28a705d0f67cb4eeb330f27b99f9"
            }
        }
    ],
    "printReferences": [
        "502019252-1.v",
        "502019252-1"
    ],
    "subtitlesUrl": "https://download-a.akamaihd.net/files/content_assets/8c/502019252_E_cnt_1.vtt",
    "Name": "docid-502019252_E_1_VIDEO",
    "Title": "Feature Bible Drama Trailer: The Story of Josiah—Love Jehovah; Hate What Is Bad",
    "UndatedReferenceTitle": "Feature Bible Drama Trailer: The Story of Josiah—Love Jehovah; Hate What Is Bad",
    "ShortTitle": null,
    "Category": "vod",
    "Year": 2019,
    "Symbol": "MeetingsConventions"
}