{
    "guid": "6258210bdedf1bc7892b8cf9",
    "languageAgnosticNaturalKey": "pub-co-r22_117_VIDEO",
    "naturalKey": "pub-co-r22_E_117_VIDEO",
    "type": "video",
    "primaryCategory": "2022Convention",
    "description": "",
    "firstPublished": "2022-07-04T15:29:27.564Z",
    "duration": 1853.782,
    "durationFormattedHHMM": "30:53",
    "durationFormattedMinSec": "30m 53s",
    "files": [
        {
            "progressiveDownloadURL": "https://download-a.akamaihd.net/files/media_publication/17/CO-r22_E_117_r240P.mp4",
            "checksum": "0533fbe3df7180a5bbee0ad93672ae07",
            "filesize": 41801535,
            "modifiedDatetime": "2022-07-03T22:19:53.000Z",
            "bitRate": 176.16461521936256,
            "duration": 1853.803,
            "frameHeight": 234,
            "frameWidth": 416,
            "label": "240p",
            "frameRate": 23.976,
            "mimetype": "video/mp4",
            "subtitled": false,
            "subtitles": {
                "url": "https://download-a.akamaihd.net/files/media_publication/80/CO-r22_E_117.vtt",
                "modifiedDatetime": "2022-07-03T22:19:58.000Z",
                "checksum": "61401c2a52efabddee0f309fa088ed1b"
            }
        },
        {
            "progressiveDownloadURL": "https://download-a.akamaihd.net/files/media_publication/88/CO-r22_E_117_r360P.mp4",
            "checksum": "b4fb3494305962c93f8c7c1eacfe422d",
            "filesize": 81302791,
            "modifiedDatetime": "2022-07-03T22:19:50.000Z",
            "bitRate": 342.6390237295971,
            "duration": 1853.782,
            "frameHeight": 360,
            "frameWidth": 640,
            "label": "360p",
            "frameRate": 23.976,
            "mimetype": "video/mp4",
            "subtitled": false,
            "subtitles": {
                "url": "https://download-a.akamaihd.net/files/media_publication/80/CO-r22_E_117.vtt",
                "modifiedDatetime": "2022-07-03T22:19:58.000Z",
                "checksum": "61401c2a52efabddee0f309fa088ed1b"
            }
        },
        {
            "progressiveDownloadURL": "https://download-a.akamaihd.net/files/media_publication/8d/CO-r22_E_117_r480P.mp4",
            "checksum": "f5c6a1072bd92d13d2111e46e2bbd7f7",
            "filesize": 150201734,
            "modifiedDatetime": "2022-07-03T22:19:46.000Z",
            "bitRate": 633.003798113802,
            "duration": 1853.782,
            "frameHeight": 540,
            "frameWidth": 960,
            "label": "480p",
            "frameRate": 23.976,
            "mimetype": "video/mp4",
            "subtitled": false,
            "subtitles": {
                "url": "https://download-a.akamaihd.net/files/media_publication/80/CO-r22_E_117.vtt",
                "modifiedDatetime": "2022-07-03T22:19:58.000Z",
                "checksum": "61401c2a52efabddee0f309fa088ed1b"
            }
        },
        {
            "progressiveDownloadURL": "https://download-a.akamaihd.net/files/media_publication/7e/CO-r22_E_117_r720P.mp4",
            "checksum": "cc9333b177fe3b1480de7b983174d4a6",
            "filesize": 254531758,
            "modifiedDatetime": "2022-07-03T22:19:37.000Z",
            "bitRate": 1072.6878130087573,
            "duration": 1853.782,
            "frameHeight": 720,
            "frameWidth": 1280,
            "label": "720p",
            "frameRate": 23.976,
            "mimetype": "video/mp4",
            "subtitled": false,
            "subtitles": {
                "url": "https://download-a.akamaihd.net/files/media_publication/80/CO-r22_E_117.vtt",
                "modifiedDatetime": "2022-07-03T22:19:58.000Z",
                "checksum": "61401c2a52efabddee0f309fa088ed1b"
            }
        }
    ],
    "printReferences": [
        "co-r22-117.v",
        "co-r22-117"
    ],
    "subtitlesUrl": "https://download-a.akamaihd.net/files/media_publication/80/CO-r22_E_117.vtt",
    "Name": "pub-co-r22_E_117_VIDEO",
    "Title": "Anthony Morris: Do Not Be Misled by Imitation Peace!",
    "UndatedReferenceTitle": "Anthony Morris: Do Not Be Misled by Imitation Peace!",
    "ShortTitle": null,
    "Category": "vod",
    "Year": 2022,
    "Symbol": "2022Convention"
}