{
    "guid": "5f8494630ca056895ec614e5",
    "languageAgnosticNaturalKey": "pub-co-r20_110_VIDEO",
    "naturalKey": "pub-co-r20_E_110_VIDEO",
    "type": "video",
    "primaryCategory": "2020Convention",
    "description": "",
    "firstPublished": "2020-12-01T23:46:01.003Z",
    "duration": 867.034,
    "durationFormattedHHMM": "14:27",
    "durationFormattedMinSec": "14m 27s",
    "files": [
        {
            "progressiveDownloadURL": "https://download-a.akamaihd.net/files/media_publication/23/CO-r20_E_110_r240P.mp4",
            "checksum": "1969b72371a593944e69402459706bf8",
            "filesize": 23666142,
            "modifiedDatetime": "2020-11-29T12:51:22.000Z",
            "bitRate": 213.2462329908631,
            "duration": 867.034,
            "frameHeight": 234,
            "frameWidth": 416,
            "label": "240p",
            "frameRate": 23.576,
            "mimetype": "video/mp4",
            "subtitled": false,
            "subtitles": {
                "url": "https://download-a.akamaihd.net/files/media_publication/e4/co-r20_E_110.vtt",
                "modifiedDatetime": "2020-11-29T12:51:45.000Z",
                "checksum": "c64511864a5bcd354a1f109692dcf311"
            }
        },
        {
            "progressiveDownloadURL": "https://download-a.akamaihd.net/files/media_publication/b7/CO-r20_E_110_r360P.mp4",
            "checksum": "0476530f22876c6ccf3c9e098a710442",
            "filesize": 31710233,
            "modifiedDatetime": "2020-11-29T12:51:28.000Z",
            "bitRate": 285.7283512670783,
            "duration": 867.034,
            "frameHeight": 360,
            "frameWidth": 640,
            "label": "360p",
            "frameRate": 23.976,
            "mimetype": "video/mp4",
            "subtitled": false,
            "subtitles": {
                "url": "https://download-a.akamaihd.net/files/media_publication/e4/co-r20_E_110.vtt",
                "modifiedDatetime": "2020-11-29T12:51:45.000Z",
                "checksum": "c64511864a5bcd354a1f109692dcf311"
            }
        },
        {
            "progressiveDownloadURL": "https://download-a.akamaihd.net/files/media_publication/5b/CO-r20_E_110_r480P.mp4",
            "checksum": "12379cf21f5c5a59cafaf19f332e49e9",
            "filesize": 54566643,
            "modifiedDatetime": "2020-11-29T12:51:30.000Z",
            "bitRate": 491.6784098864635,
            "duration": 867.034,
            "frameHeight": 540,
            "frameWidth": 960,
            "label": "480p",
            "frameRate": 23.976,
            "mimetype": "video/mp4",
            "subtitled": false,
            "subtitles": {
                "url": "https://download-a.akamaihd.net/files/media_publication/e4/co-r20_E_110.vtt",
                "modifiedDatetime": "2020-11-29T12:51:45.000Z",
                "checksum": "c64511864a5bcd354a1f109692dcf311"
            }
        },
        {
            "progressiveDownloadURL": "https://download-a.akamaihd.net/files/media_publication/66/CO-r20_E_110_r720P.mp4",
            "checksum": "1ccca1a9a97e729a8760a62661b1887a",
            "filesize": 85735280,
            "modifiedDatetime": "2020-11-29T12:51:38.000Z",
            "bitRate": 772.526654087383,
            "duration": 867.034,
            "frameHeight": 720,
            "frameWidth": 1280,
            "label": "720p",
            "frameRate": 23.976,
            "mimetype": "video/mp4",
            "subtitled": false,
            "subtitles": {
                "url": "https://download-a.akamaihd.net/files/media_publication/e4/co-r20_E_110.vtt",
                "modifiedDatetime": "2020-11-29T12:51:45.000Z",
                "checksum": "c64511864a5bcd354a1f109692dcf311"
            }
        }
    ],
    "printReferences": [
        "co-r20-110.v",
        "co-r20-110"
    ],
    "subtitlesUrl": "https://download-a.akamaihd.net/files/media_publication/e4/co-r20_E_110.vtt",
    "Name": "pub-co-r20_E_110_VIDEO",
    "Title": "Gary Breaux: Cultivate Joy in Your Family—Parents, Rejoice in Your Children",
    "UndatedReferenceTitle": "Gary Breaux: Cultivate Joy in Your Family—Parents, Rejoice in Your Children",
    "ShortTitle": null,
    "Category": "vod",
    "Year": 2020,
    "Symbol": "2020Convention"
}