{
    "guid": "609adecdca9c8caf422b3de0",
    "languageAgnosticNaturalKey": "pub-co-r21_140_VIDEO",
    "naturalKey": "pub-co-r21_E_140_VIDEO",
    "type": "video",
    "primaryCategory": "2021Convention",
    "description": "",
    "firstPublished": "2021-09-13T16:34:38.833Z",
    "duration": 723.141,
    "durationFormattedHHMM": "12:03",
    "durationFormattedMinSec": "12m 3s",
    "files": [
        {
            "progressiveDownloadURL": "https://download-a.akamaihd.net/files/media_publication/0e/CO-r21_E_140_r240P.mp4",
            "checksum": "bc8aba4840aacf3c74f622078e755382",
            "filesize": 13214767,
            "modifiedDatetime": "2021-09-11T04:52:31.000Z",
            "bitRate": 142.7590778873557,
            "duration": 723.179,
            "frameHeight": 234,
            "frameWidth": 416,
            "label": "240p",
            "frameRate": 23.645,
            "mimetype": "video/mp4",
            "subtitled": false,
            "subtitles": {
                "url": "https://download-a.akamaihd.net/files/media_publication/05/co-r21_E_140.vtt",
                "modifiedDatetime": "2021-09-11T04:52:18.000Z",
                "checksum": "7b34b9a19a2f2d3aa8afebd2e65a0474"
            }
        },
        {
            "progressiveDownloadURL": "https://download-a.akamaihd.net/files/media_publication/63/CO-r21_E_140_r360P.mp4",
            "checksum": "5afec8bc009c5bb91af66efadec33d7f",
            "filesize": 24671684,
            "modifiedDatetime": "2021-09-11T04:52:28.000Z",
            "bitRate": 266.5421145392116,
            "duration": 723.141,
            "frameHeight": 360,
            "frameWidth": 640,
            "label": "360p",
            "frameRate": 23.976,
            "mimetype": "video/mp4",
            "subtitled": false,
            "subtitles": {
                "url": "https://download-a.akamaihd.net/files/media_publication/05/co-r21_E_140.vtt",
                "modifiedDatetime": "2021-09-11T04:52:18.000Z",
                "checksum": "7b34b9a19a2f2d3aa8afebd2e65a0474"
            }
        },
        {
            "progressiveDownloadURL": "https://download-a.akamaihd.net/files/media_publication/07/CO-r21_E_140_r480P.mp4",
            "checksum": "7565d92bedc9f5f14080f831450b629c",
            "filesize": 42843034,
            "modifiedDatetime": "2021-09-11T04:52:25.000Z",
            "bitRate": 462.8574553579454,
            "duration": 723.141,
            "frameHeight": 540,
            "frameWidth": 960,
            "label": "480p",
            "frameRate": 23.976,
            "mimetype": "video/mp4",
            "subtitled": false,
            "subtitles": {
                "url": "https://download-a.akamaihd.net/files/media_publication/05/co-r21_E_140.vtt",
                "modifiedDatetime": "2021-09-11T04:52:18.000Z",
                "checksum": "7b34b9a19a2f2d3aa8afebd2e65a0474"
            }
        },
        {
            "progressiveDownloadURL": "https://download-a.akamaihd.net/files/media_publication/35/CO-r21_E_140_r720P.mp4",
            "checksum": "91ed8005d5c10fdf3ee5c207d14efd39",
            "filesize": 68321386,
            "modifiedDatetime": "2021-09-11T04:52:20.000Z",
            "bitRate": 738.1144591787771,
            "duration": 723.141,
            "frameHeight": 720,
            "frameWidth": 1280,
            "label": "720p",
            "frameRate": 23.976,
            "mimetype": "video/mp4",
            "subtitled": false,
            "subtitles": {
                "url": "https://download-a.akamaihd.net/files/media_publication/05/co-r21_E_140.vtt",
                "modifiedDatetime": "2021-09-11T04:52:18.000Z",
                "checksum": "7b34b9a19a2f2d3aa8afebd2e65a0474"
            }
        }
    ],
    "printReferences": [
        "co-r21-140.v",
        "co-r21-140"
    ],
    "subtitlesUrl": "https://download-a.akamaihd.net/files/media_publication/05/co-r21_E_140.vtt",
    "Name": "pub-co-r21_E_140_VIDEO",
    "Title": "Kenneth Flodin: Imitate Women of Strong Faith!—Hannah",
    "UndatedReferenceTitle": "Kenneth Flodin: Imitate Women of Strong Faith!—Hannah",
    "ShortTitle": null,
    "Category": "vod",
    "Year": 2021,
    "Symbol": "2021Convention"
}