{
    "guid": "5e80ecd4001474da27dc8c42",
    "languageAgnosticNaturalKey": "pub-jwb_202005_12_VIDEO",
    "naturalKey": "pub-jwb_E_202005_12_VIDEO",
    "type": "video",
    "primaryCategory": "MeetingsConventions",
    "description": "",
    "firstPublished": "2020-05-04T12:07:56.378Z",
    "duration": 107.563,
    "durationFormattedHHMM": "1:47",
    "durationFormattedMinSec": "1m 47s",
    "files": [
        {
            "progressiveDownloadURL": "https://download-a.akamaihd.net/files/media_periodical/3a/jwb_E_202005_12_r240P.mp4",
            "checksum": "b57bf80d561ad735af1c51d9fda9129d",
            "filesize": 2840103,
            "modifiedDatetime": "2020-10-18T03:03:34.000Z",
            "bitRate": 206.28194348893206,
            "duration": 107.563,
            "frameHeight": 234,
            "frameWidth": 416,
            "label": "240p",
            "frameRate": 23.857,
            "mimetype": "video/mp4",
            "subtitled": false,
            "subtitles": {
                "url": "https://download-a.akamaihd.net/files/media_periodical/83/jwb_E_202005_12.vtt",
                "modifiedDatetime": "2020-05-04T09:21:45.000Z",
                "checksum": "8aaaae83f0b86eb0dd725ca5bacd4c0a"
            }
        },
        {
            "progressiveDownloadURL": "https://download-a.akamaihd.net/files/media_periodical/c9/jwb_E_202005_12_r360P.mp4",
            "checksum": "63d177647a3750b1e458c2caa549190f",
            "filesize": 4901677,
            "modifiedDatetime": "2020-05-04T09:21:58.000Z",
            "bitRate": 356.14038988244704,
            "duration": 107.526,
            "frameHeight": 360,
            "frameWidth": 640,
            "label": "360p",
            "frameRate": 23.976,
            "mimetype": "video/mp4",
            "subtitled": false,
            "subtitles": {
                "url": "https://download-a.akamaihd.net/files/media_periodical/83/jwb_E_202005_12.vtt",
                "modifiedDatetime": "2020-05-04T09:21:45.000Z",
                "checksum": "8aaaae83f0b86eb0dd725ca5bacd4c0a"
            }
        },
        {
            "progressiveDownloadURL": "https://download-a.akamaihd.net/files/media_periodical/f2/jwb_E_202005_12_r480P.mp4",
            "checksum": "e7c8fe6464df9110f27ac4d76c59d2da",
            "filesize": 8669605,
            "modifiedDatetime": "2020-05-04T09:22:05.000Z",
            "bitRate": 629.9061535117088,
            "duration": 107.526,
            "frameHeight": 540,
            "frameWidth": 960,
            "label": "480p",
            "frameRate": 23.976,
            "mimetype": "video/mp4",
            "subtitled": false,
            "subtitles": {
                "url": "https://download-a.akamaihd.net/files/media_periodical/83/jwb_E_202005_12.vtt",
                "modifiedDatetime": "2020-05-04T09:21:45.000Z",
                "checksum": "8aaaae83f0b86eb0dd725ca5bacd4c0a"
            }
        },
        {
            "progressiveDownloadURL": "https://download-a.akamaihd.net/files/media_periodical/8b/jwb_E_202005_12_r720P.mp4",
            "checksum": "2d54213d1cce9c8c4ffcd230094c2fa6",
            "filesize": 13770818,
            "modifiedDatetime": "2020-05-04T09:22:12.000Z",
            "bitRate": 1000.5441997749382,
            "duration": 107.526,
            "frameHeight": 720,
            "frameWidth": 1280,
            "label": "720p",
            "frameRate": 23.976,
            "mimetype": "video/mp4",
            "subtitled": false,
            "subtitles": {
                "url": "https://download-a.akamaihd.net/files/media_periodical/83/jwb_E_202005_12.vtt",
                "modifiedDatetime": "2020-05-04T09:21:45.000Z",
                "checksum": "8aaaae83f0b86eb0dd725ca5bacd4c0a"
            }
        }
    ],
    "printReferences": [
        "jwb.202005-12.v",
        "jwb.202005-12"
    ],
    "subtitlesUrl": "https://download-a.akamaihd.net/files/media_periodical/83/jwb_E_202005_12.vtt",
    "Name": "pub-jwb_E_202005_12_VIDEO",
    "Title": "Feature Bible Drama Trailer: Nehemiah: “The Joy of Jehovah Is Your Stronghold”",
    "UndatedReferenceTitle": "Feature Bible Drama Trailer: Nehemiah: “The Joy of Jehovah Is Your Stronghold”",
    "ShortTitle": null,
    "Category": "vod",
    "Year": 2020,
    "Symbol": "MeetingsConventions"
}