{
    "guid": "5efb792caf341cff1318c495",
    "languageAgnosticNaturalKey": "pub-co-r20_4_VIDEO",
    "naturalKey": "pub-co-r20_E_4_VIDEO",
    "type": "video",
    "primaryCategory": "2020Convention",
    "description": "",
    "firstPublished": "2020-07-15T21:23:11.526Z",
    "duration": 7180.246,
    "durationFormattedHHMM": "1:59:40",
    "durationFormattedMinSec": "1h 59m 40s",
    "files": [
        {
            "progressiveDownloadURL": "https://download-a.akamaihd.net/files/media_publication/e3/CO-r20_E_04_r240P.mp4",
            "checksum": "1306c21e67606258cce239997c62e390",
            "filesize": 63392853,
            "modifiedDatetime": "2020-08-05T19:54:11.000Z",
            "bitRate": 68.97488805571564,
            "duration": 7180.246,
            "frameHeight": 234,
            "frameWidth": 416,
            "label": "240p",
            "frameRate": 23.976,
            "mimetype": "video/mp4",
            "subtitled": false,
            "subtitles": {
                "url": "https://download-a.akamaihd.net/files/media_publication/ed/CO-r20_E_04.vtt",
                "modifiedDatetime": "2020-07-21T16:59:47.000Z",
                "checksum": "875dfbc4e4c24159cc233298de0db0c5"
            }
        },
        {
            "progressiveDownloadURL": "https://download-a.akamaihd.net/files/media_publication/ea/CO-r20_E_04_r360P.mp4",
            "checksum": "fdefbafe8c76fe4e3f1a3a1b5ecb6f70",
            "filesize": 304674969,
            "modifiedDatetime": "2020-07-21T16:59:44.000Z",
            "bitRate": 331.50439977188705,
            "duration": 7180.216,
            "frameHeight": 360,
            "frameWidth": 640,
            "label": "360p",
            "frameRate": 23.976,
            "mimetype": "video/mp4",
            "subtitled": false,
            "subtitles": {
                "url": "https://download-a.akamaihd.net/files/media_publication/ed/CO-r20_E_04.vtt",
                "modifiedDatetime": "2020-07-21T16:59:47.000Z",
                "checksum": "875dfbc4e4c24159cc233298de0db0c5"
            }
        },
        {
            "progressiveDownloadURL": "https://download-a.akamaihd.net/files/media_publication/a0/CO-r20_E_04_r480P.mp4",
            "checksum": "a733769883f5c8f7c3d890875a1b4072",
            "filesize": 560374821,
            "modifiedDatetime": "2020-07-21T16:59:45.000Z",
            "bitRate": 609.7209734446011,
            "duration": 7180.216,
            "frameHeight": 540,
            "frameWidth": 960,
            "label": "480p",
            "frameRate": 23.976,
            "mimetype": "video/mp4",
            "subtitled": false,
            "subtitles": {
                "url": "https://download-a.akamaihd.net/files/media_publication/ed/CO-r20_E_04.vtt",
                "modifiedDatetime": "2020-07-21T16:59:47.000Z",
                "checksum": "875dfbc4e4c24159cc233298de0db0c5"
            }
        },
        {
            "progressiveDownloadURL": "https://download-a.akamaihd.net/files/media_publication/be/CO-r20_E_04_r720P.mp4",
            "checksum": "ba3b047bbbe05d208ef364665b419ca8",
            "filesize": 949674350,
            "modifiedDatetime": "2020-07-21T16:59:46.000Z",
            "bitRate": 1033.3019033654418,
            "duration": 7180.216,
            "frameHeight": 720,
            "frameWidth": 1280,
            "label": "720p",
            "frameRate": 23.976,
            "mimetype": "video/mp4",
            "subtitled": false,
            "subtitles": {
                "url": "https://download-a.akamaihd.net/files/media_publication/ed/CO-r20_E_04.vtt",
                "modifiedDatetime": "2020-07-21T16:59:47.000Z",
                "checksum": "875dfbc4e4c24159cc233298de0db0c5"
            }
        }
    ],
    "printReferences": [
        "co-r20-4.v",
        "co-r20-4"
    ],
    "subtitlesUrl": "https://download-a.akamaihd.net/files/media_publication/ed/CO-r20_E_04.vtt",
    "Name": "pub-co-r20_E_4_VIDEO",
    "Title": "2020 “Always Rejoice”! Convention: Friday Afternoon Session—Part 2",
    "UndatedReferenceTitle": "2020 “Always Rejoice”! Convention: Friday Afternoon Session—Part 2",
    "ShortTitle": null,
    "Category": "vod",
    "Year": 2020,
    "Symbol": "2020Convention"
}