{
    "guid": "5e2b4b98faacdecc1350f747",
    "languageAgnosticNaturalKey": "pub-jwbcov_201905_14_VIDEO",
    "naturalKey": "pub-jwbcov_E_201905_14_VIDEO",
    "type": "video",
    "primaryCategory": "2019Convention",
    "description": "",
    "firstPublished": "2020-03-16T21:39:33.894Z",
    "duration": 112.64,
    "durationFormattedHHMM": "1:52",
    "durationFormattedMinSec": "1m 52s",
    "files": [
        {
            "progressiveDownloadURL": "https://download-a.akamaihd.net/files/media_periodical/5f/jwbcov_E_201905_14_r240P.mp4",
            "checksum": "7408fec25c229c89f9c2ba5e8aa74774",
            "filesize": 4906292,
            "modifiedDatetime": "2020-11-07T12:30:11.000Z",
            "bitRate": 340.2912486683239,
            "duration": 112.64,
            "frameHeight": 234,
            "frameWidth": 416,
            "label": "240p",
            "frameRate": 23.529,
            "mimetype": "video/mp4",
            "subtitled": false,
            "subtitles": {
                "url": "https://download-a.akamaihd.net/files/media_periodical/5b/jwbcov_E_201905_14.vtt",
                "modifiedDatetime": "2020-03-16T20:14:22.000Z",
                "checksum": "ca1ddfe8bee65091b29e83813e6336aa"
            }
        },
        {
            "progressiveDownloadURL": "https://download-a.akamaihd.net/files/media_periodical/39/jwbcov_E_201905_14_r360P.mp4",
            "checksum": "3ec946bcb2b665c2fcb89e448741a67d",
            "filesize": 8511672,
            "modifiedDatetime": "2020-03-16T20:14:11.000Z",
            "bitRate": 590.4899701635676,
            "duration": 112.614,
            "frameHeight": 360,
            "frameWidth": 640,
            "label": "360p",
            "frameRate": 23.976,
            "mimetype": "video/mp4",
            "subtitled": false,
            "subtitles": {
                "url": "https://download-a.akamaihd.net/files/media_periodical/5b/jwbcov_E_201905_14.vtt",
                "modifiedDatetime": "2020-03-16T20:14:22.000Z",
                "checksum": "ca1ddfe8bee65091b29e83813e6336aa"
            }
        },
        {
            "progressiveDownloadURL": "https://download-a.akamaihd.net/files/media_periodical/f2/jwbcov_E_201905_14_r480P.mp4",
            "checksum": "e8f8ec8adf231658679726670dc9fe39",
            "filesize": 16092337,
            "modifiedDatetime": "2020-03-16T20:14:15.000Z",
            "bitRate": 1116.3921254240147,
            "duration": 112.614,
            "frameHeight": 540,
            "frameWidth": 960,
            "label": "480p",
            "frameRate": 23.976,
            "mimetype": "video/mp4",
            "subtitled": false,
            "subtitles": {
                "url": "https://download-a.akamaihd.net/files/media_periodical/5b/jwbcov_E_201905_14.vtt",
                "modifiedDatetime": "2020-03-16T20:14:22.000Z",
                "checksum": "ca1ddfe8bee65091b29e83813e6336aa"
            }
        },
        {
            "progressiveDownloadURL": "https://download-a.akamaihd.net/files/media_periodical/31/jwbcov_E_201905_14_r720P.mp4",
            "checksum": "bc5e6e1fb9dcaaef34340ffbbceaeeb0",
            "filesize": 27538854,
            "modifiedDatetime": "2020-03-16T20:14:18.000Z",
            "bitRate": 1910.4844590814641,
            "duration": 112.614,
            "frameHeight": 720,
            "frameWidth": 1280,
            "label": "720p",
            "frameRate": 23.976,
            "mimetype": "video/mp4",
            "subtitled": false,
            "subtitles": {
                "url": "https://download-a.akamaihd.net/files/media_periodical/5b/jwbcov_E_201905_14.vtt",
                "modifiedDatetime": "2020-03-16T20:14:22.000Z",
                "checksum": "ca1ddfe8bee65091b29e83813e6336aa"
            }
        }
    ],
    "printReferences": [
        "jwbcov.201905-14.v",
        "jwbcov.201905-14"
    ],
    "subtitlesUrl": "https://download-a.akamaihd.net/files/media_periodical/5b/jwbcov_E_201905_14.vtt",
    "Name": "pub-jwbcov_E_201905_14_VIDEO",
    "Title": "Display Unfailing Love in the Congregation—To Those Taking the Lead",
    "UndatedReferenceTitle": "Display Unfailing Love in the Congregation—To Those Taking the Lead",
    "ShortTitle": null,
    "Category": "vod",
    "Year": 2020,
    "Symbol": "2019Convention"
}