{
    "guid": "624c8c06dedf1bc78910b535",
    "languageAgnosticNaturalKey": "pub-co-r22_112_VIDEO",
    "naturalKey": "pub-co-r22_E_112_VIDEO",
    "type": "video",
    "primaryCategory": "2022Convention",
    "description": "",
    "firstPublished": "2022-07-04T15:27:49.630Z",
    "duration": 846.912,
    "durationFormattedHHMM": "14:06",
    "durationFormattedMinSec": "14m 6s",
    "files": [
        {
            "progressiveDownloadURL": "https://download-a.akamaihd.net/files/media_publication/e9/CO-r22_E_112_r240P.mp4",
            "checksum": "32d7ae53e91ff2ed2b7e6a02e04a3062",
            "filesize": 16093793,
            "modifiedDatetime": "2022-07-03T22:21:09.000Z",
            "bitRate": 148.46023885893692,
            "duration": 846.912,
            "frameHeight": 234,
            "frameWidth": 416,
            "label": "240p",
            "frameRate": 23.976,
            "mimetype": "video/mp4",
            "subtitled": false,
            "subtitles": {
                "url": "https://download-a.akamaihd.net/files/media_publication/79/CO-r22_E_112.vtt",
                "modifiedDatetime": "2022-07-03T22:21:11.000Z",
                "checksum": "7cd81cf32c8d2cfe5a286b0ef5bf9654"
            }
        },
        {
            "progressiveDownloadURL": "https://download-a.akamaihd.net/files/media_publication/52/CO-r22_E_112_r360P.mp4",
            "checksum": "976c2960fd21a4b476108e81ab79414e",
            "filesize": 31787897,
            "modifiedDatetime": "2022-07-03T22:21:07.000Z",
            "bitRate": 293.2407420937287,
            "duration": 846.891,
            "frameHeight": 360,
            "frameWidth": 640,
            "label": "360p",
            "frameRate": 23.976,
            "mimetype": "video/mp4",
            "subtitled": false,
            "subtitles": {
                "url": "https://download-a.akamaihd.net/files/media_publication/79/CO-r22_E_112.vtt",
                "modifiedDatetime": "2022-07-03T22:21:11.000Z",
                "checksum": "7cd81cf32c8d2cfe5a286b0ef5bf9654"
            }
        },
        {
            "progressiveDownloadURL": "https://download-a.akamaihd.net/files/media_publication/a4/CO-r22_E_112_r480P.mp4",
            "checksum": "033a7c4e1d8d6458c123725bacdb6456",
            "filesize": 57909267,
            "modifiedDatetime": "2022-07-03T22:21:04.000Z",
            "bitRate": 534.2082374679859,
            "duration": 846.891,
            "frameHeight": 540,
            "frameWidth": 960,
            "label": "480p",
            "frameRate": 23.976,
            "mimetype": "video/mp4",
            "subtitled": false,
            "subtitles": {
                "url": "https://download-a.akamaihd.net/files/media_publication/79/CO-r22_E_112.vtt",
                "modifiedDatetime": "2022-07-03T22:21:11.000Z",
                "checksum": "7cd81cf32c8d2cfe5a286b0ef5bf9654"
            }
        },
        {
            "progressiveDownloadURL": "https://download-a.akamaihd.net/files/media_publication/20/CO-r22_E_112_r720P.mp4",
            "checksum": "89d5affb824839fd03a0206fa34f367e",
            "filesize": 101580192,
            "modifiedDatetime": "2022-07-03T22:20:52.000Z",
            "bitRate": 937.0689380333479,
            "duration": 846.891,
            "frameHeight": 720,
            "frameWidth": 1280,
            "label": "720p",
            "frameRate": 23.976,
            "mimetype": "video/mp4",
            "subtitled": false,
            "subtitles": {
                "url": "https://download-a.akamaihd.net/files/media_publication/79/CO-r22_E_112.vtt",
                "modifiedDatetime": "2022-07-03T22:21:11.000Z",
                "checksum": "7cd81cf32c8d2cfe5a286b0ef5bf9654"
            }
        }
    ],
    "printReferences": [
        "co-r22-112.v",
        "co-r22-112"
    ],
    "subtitlesUrl": "https://download-a.akamaihd.net/files/media_publication/79/CO-r22_E_112.vtt",
    "Name": "pub-co-r22_E_112_VIDEO",
    "Title": "Joel Dellinger: Follow the Road Map to Family Peace—Show Love and Respect",
    "UndatedReferenceTitle": "Joel Dellinger: Follow the Road Map to Family Peace—Show Love and Respect",
    "ShortTitle": null,
    "Category": "vod",
    "Year": 2022,
    "Symbol": "2022Convention"
}