{
    "guid": "5f2dcd6612b86d2c3b36698c",
    "languageAgnosticNaturalKey": "pub-co-r20_58_VIDEO",
    "naturalKey": "pub-co-r20_E_58_VIDEO",
    "type": "video",
    "primaryCategory": "2020ConventionAD",
    "description": "",
    "firstPublished": "2020-08-13T19:19:14.003Z",
    "duration": 6681.451,
    "durationFormattedHHMM": "1:51:21",
    "durationFormattedMinSec": "1h 51m 21s",
    "files": [
        {
            "progressiveDownloadURL": "https://download-a.akamaihd.net/files/media_publication/66/CO-r20_E_58_r240P.mp4",
            "checksum": "2e3806fbea027fcfd3954c03e1cb7caa",
            "filesize": 64161997,
            "modifiedDatetime": "2020-08-13T12:59:29.000Z",
            "bitRate": 75.02346444844092,
            "duration": 6681.451,
            "frameHeight": 234,
            "frameWidth": 416,
            "label": "240p",
            "frameRate": 23.976,
            "mimetype": "video/mp4",
            "subtitled": false,
            "subtitles": {
                "url": "https://download-a.akamaihd.net/files/media_publication/26/co-r20_E_58.vtt",
                "modifiedDatetime": "2020-08-13T16:46:07.000Z",
                "checksum": "ca913c3b94a6c19c51ba95d045e5d5b0"
            }
        },
        {
            "progressiveDownloadURL": "https://download-a.akamaihd.net/files/media_publication/e4/CO-r20_E_58_r360P.mp4",
            "checksum": "c5ff17645a8ac36583015b8c9de2115f",
            "filesize": 269537370,
            "modifiedDatetime": "2020-08-13T12:59:32.000Z",
            "bitRate": 315.16635866729644,
            "duration": 6681.426,
            "frameHeight": 360,
            "frameWidth": 640,
            "label": "360p",
            "frameRate": 23.976,
            "mimetype": "video/mp4",
            "subtitled": false,
            "subtitles": {
                "url": "https://download-a.akamaihd.net/files/media_publication/26/co-r20_E_58.vtt",
                "modifiedDatetime": "2020-08-13T16:46:07.000Z",
                "checksum": "ca913c3b94a6c19c51ba95d045e5d5b0"
            }
        },
        {
            "progressiveDownloadURL": "https://download-a.akamaihd.net/files/media_publication/37/CO-r20_E_58_r480P.mp4",
            "checksum": "4938ff5ee7e54c94c0542eff3c23198f",
            "filesize": 495986271,
            "modifiedDatetime": "2020-08-13T12:59:40.000Z",
            "bitRate": 579.9499601114343,
            "duration": 6681.426,
            "frameHeight": 540,
            "frameWidth": 960,
            "label": "480p",
            "frameRate": 23.976,
            "mimetype": "video/mp4",
            "subtitled": false,
            "subtitles": {
                "url": "https://download-a.akamaihd.net/files/media_publication/26/co-r20_E_58.vtt",
                "modifiedDatetime": "2020-08-13T16:46:07.000Z",
                "checksum": "ca913c3b94a6c19c51ba95d045e5d5b0"
            }
        },
        {
            "progressiveDownloadURL": "https://download-a.akamaihd.net/files/media_publication/5e/CO-r20_E_58_r720P.mp4",
            "checksum": "41342ab4e484fe314610233b43ff8083",
            "filesize": 842639759,
            "modifiedDatetime": "2020-08-07T21:56:02.000Z",
            "bitRate": 985.287140378042,
            "duration": 6681.426,
            "frameHeight": 720,
            "frameWidth": 1280,
            "label": "720p",
            "frameRate": 23.976,
            "mimetype": "video/mp4",
            "subtitled": false,
            "subtitles": {
                "url": "https://download-a.akamaihd.net/files/media_publication/26/co-r20_E_58.vtt",
                "modifiedDatetime": "2020-08-13T16:46:07.000Z",
                "checksum": "ca913c3b94a6c19c51ba95d045e5d5b0"
            }
        }
    ],
    "printReferences": [
        "co-r20-58.v",
        "co-r20-58"
    ],
    "subtitlesUrl": "https://download-a.akamaihd.net/files/media_publication/26/co-r20_E_58.vtt",
    "Name": "pub-co-r20_E_58_VIDEO",
    "Title": "2020 “Always Rejoice”! Convention: Sunday Morning Session—Part 1 (With Audio Descriptions)",
    "UndatedReferenceTitle": "2020 “Always Rejoice”! Convention: Sunday Morning Session—Part 1 (With Audio Descriptions)",
    "ShortTitle": null,
    "Category": "vod",
    "Year": 2020,
    "Symbol": "2020ConventionAD"
}