{
    "guid": "60f8800723708c1b981f3311",
    "languageAgnosticNaturalKey": "pub-jwbcov21_3_VIDEO",
    "naturalKey": "pub-jwbcov21_E_3_VIDEO",
    "type": "video",
    "primaryCategory": "OriginsLife",
    "description": "",
    "firstPublished": "2021-09-13T16:24:02.868Z",
    "duration": 217.344,
    "durationFormattedHHMM": "3:37",
    "durationFormattedMinSec": "3m 37s",
    "files": [
        {
            "progressiveDownloadURL": "https://download-a.akamaihd.net/files/media_publication/46/jwbcov21_E_03_r240P.mp4",
            "checksum": "ed65295c615eeb268b479de750777d4e",
            "filesize": 6074090,
            "modifiedDatetime": "2021-09-11T04:23:48.000Z",
            "bitRate": 218.3351190969155,
            "duration": 217.344,
            "frameHeight": 234,
            "frameWidth": 416,
            "label": "240p",
            "frameRate": 23.553,
            "mimetype": "video/mp4",
            "subtitled": false,
            "subtitles": {
                "url": "https://download-a.akamaihd.net/files/media_publication/e8/jwbcov21_E_03.vtt",
                "modifiedDatetime": "2021-09-11T04:23:55.000Z",
                "checksum": "c2aafe0ea8e4aaf6361e8ddb72801279"
            }
        },
        {
            "progressiveDownloadURL": "https://download-a.akamaihd.net/files/media_publication/41/jwbcov21_E_03_r360P.mp4",
            "checksum": "3e009af1df4e91e60b0ebf63b6fa40c1",
            "filesize": 11358710,
            "modifiedDatetime": "2021-09-11T04:23:46.000Z",
            "bitRate": 408.371399595954,
            "duration": 217.302,
            "frameHeight": 360,
            "frameWidth": 640,
            "label": "360p",
            "frameRate": 23.976,
            "mimetype": "video/mp4",
            "subtitled": false,
            "subtitles": {
                "url": "https://download-a.akamaihd.net/files/media_publication/e8/jwbcov21_E_03.vtt",
                "modifiedDatetime": "2021-09-11T04:23:55.000Z",
                "checksum": "c2aafe0ea8e4aaf6361e8ddb72801279"
            }
        },
        {
            "progressiveDownloadURL": "https://download-a.akamaihd.net/files/media_publication/6e/jwbcov21_E_03_r480P.mp4",
            "checksum": "029241ae9cc58089407294b74f5c6331",
            "filesize": 21368286,
            "modifiedDatetime": "2021-09-11T04:23:45.000Z",
            "bitRate": 768.2383704475799,
            "duration": 217.302,
            "frameHeight": 540,
            "frameWidth": 960,
            "label": "480p",
            "frameRate": 23.976,
            "mimetype": "video/mp4",
            "subtitled": false,
            "subtitles": {
                "url": "https://download-a.akamaihd.net/files/media_publication/e8/jwbcov21_E_03.vtt",
                "modifiedDatetime": "2021-09-11T04:23:55.000Z",
                "checksum": "c2aafe0ea8e4aaf6361e8ddb72801279"
            }
        },
        {
            "progressiveDownloadURL": "https://download-a.akamaihd.net/files/media_publication/94/jwbcov21_E_03_r720P.mp4",
            "checksum": "c5122fa40dd88b43a2d2e6ae3f331847",
            "filesize": 36183494,
            "modifiedDatetime": "2021-09-11T04:23:39.000Z",
            "bitRate": 1300.87871660178,
            "duration": 217.302,
            "frameHeight": 720,
            "frameWidth": 1280,
            "label": "720p",
            "frameRate": 23.976,
            "mimetype": "video/mp4",
            "subtitled": false,
            "subtitles": {
                "url": "https://download-a.akamaihd.net/files/media_publication/e8/jwbcov21_E_03.vtt",
                "modifiedDatetime": "2021-09-11T04:23:55.000Z",
                "checksum": "c2aafe0ea8e4aaf6361e8ddb72801279"
            }
        }
    ],
    "printReferences": [
        "jwbcov21-3.v",
        "jwbcov21-3"
    ],
    "subtitlesUrl": "https://download-a.akamaihd.net/files/media_publication/e8/jwbcov21_E_03.vtt",
    "Name": "pub-jwbcov21_E_3_VIDEO",
    "Title": "Why We Have Faith in . . . God’s Existence",
    "UndatedReferenceTitle": "Why We Have Faith in . . . God’s Existence",
    "ShortTitle": null,
    "Category": "vod",
    "Year": 2021,
    "Symbol": "OriginsLife"
}