{
    "guid": "5f8494a50ca056895ec615a7",
    "languageAgnosticNaturalKey": "pub-co-r20_127_VIDEO",
    "naturalKey": "pub-co-r20_E_127_VIDEO",
    "type": "video",
    "primaryCategory": "2020Convention",
    "description": "",
    "firstPublished": "2020-12-01T23:45:01.579Z",
    "duration": 860.403,
    "durationFormattedHHMM": "14:20",
    "durationFormattedMinSec": "14m 20s",
    "files": [
        {
            "progressiveDownloadURL": "https://download-a.akamaihd.net/files/media_publication/44/CO-r20_E_127_r240P.mp4",
            "checksum": "ea9800654c3b95956590b56ed3870f25",
            "filesize": 24095801,
            "modifiedDatetime": "2020-11-30T22:46:51.000Z",
            "bitRate": 218.7910145739845,
            "duration": 860.403,
            "frameHeight": 234,
            "frameWidth": 416,
            "label": "240p",
            "frameRate": 23.786,
            "mimetype": "video/mp4",
            "subtitled": false,
            "subtitles": {
                "url": "https://download-a.akamaihd.net/files/media_publication/cb/co-r20_E_127.vtt",
                "modifiedDatetime": "2020-11-30T22:47:14.000Z",
                "checksum": "c5130721a730a983855aafbaec73edeb"
            }
        },
        {
            "progressiveDownloadURL": "https://download-a.akamaihd.net/files/media_publication/bf/CO-r20_E_127_r360P.mp4",
            "checksum": "1c4f2d053a89ae3d7f1a7405a0fa1335",
            "filesize": 34121080,
            "modifiedDatetime": "2020-11-30T22:46:57.000Z",
            "bitRate": 309.82102282302594,
            "duration": 860.403,
            "frameHeight": 360,
            "frameWidth": 640,
            "label": "360p",
            "frameRate": 23.976,
            "mimetype": "video/mp4",
            "subtitled": false,
            "subtitles": {
                "url": "https://download-a.akamaihd.net/files/media_publication/cb/co-r20_E_127.vtt",
                "modifiedDatetime": "2020-11-30T22:47:14.000Z",
                "checksum": "c5130721a730a983855aafbaec73edeb"
            }
        },
        {
            "progressiveDownloadURL": "https://download-a.akamaihd.net/files/media_publication/80/CO-r20_E_127_r480P.mp4",
            "checksum": "91778e06ae3f736459870143106967f4",
            "filesize": 61483811,
            "modifiedDatetime": "2020-11-30T22:47:04.000Z",
            "bitRate": 558.2759165617739,
            "duration": 860.403,
            "frameHeight": 540,
            "frameWidth": 960,
            "label": "480p",
            "frameRate": 23.976,
            "mimetype": "video/mp4",
            "subtitled": false,
            "subtitles": {
                "url": "https://download-a.akamaihd.net/files/media_publication/cb/co-r20_E_127.vtt",
                "modifiedDatetime": "2020-11-30T22:47:14.000Z",
                "checksum": "c5130721a730a983855aafbaec73edeb"
            }
        },
        {
            "progressiveDownloadURL": "https://download-a.akamaihd.net/files/media_publication/40/CO-r20_E_127_r720P.mp4",
            "checksum": "b3c90c86820852ff672258e03c79658a",
            "filesize": 102571577,
            "modifiedDatetime": "2020-11-30T22:47:09.000Z",
            "bitRate": 931.3547782986577,
            "duration": 860.403,
            "frameHeight": 720,
            "frameWidth": 1280,
            "label": "720p",
            "frameRate": 23.976,
            "mimetype": "video/mp4",
            "subtitled": false,
            "subtitles": {
                "url": "https://download-a.akamaihd.net/files/media_publication/cb/co-r20_E_127.vtt",
                "modifiedDatetime": "2020-11-30T22:47:14.000Z",
                "checksum": "c5130721a730a983855aafbaec73edeb"
            }
        }
    ],
    "printReferences": [
        "co-r20-127.v",
        "co-r20-127"
    ],
    "subtitlesUrl": "https://download-a.akamaihd.net/files/media_publication/cb/co-r20_E_127.vtt",
    "Name": "pub-co-r20_E_127_VIDEO",
    "Title": "Joel Dellinger: Experience the Joy of Disciple-Making—Accept Jehovah’s Help—Our Brothers",
    "UndatedReferenceTitle": "Joel Dellinger: Experience the Joy of Disciple-Making—Accept Jehovah’s Help—Our Brothers",
    "ShortTitle": null,
    "Category": "vod",
    "Year": 2020,
    "Symbol": "2020Convention"
}