{
    "guid": "5f7cc0c20ca056895eb12f9e",
    "languageAgnosticNaturalKey": "pub-co-r20_113_VIDEO",
    "naturalKey": "pub-co-r20_E_113_VIDEO",
    "type": "video",
    "primaryCategory": "2020Convention",
    "description": "",
    "firstPublished": "2020-12-01T23:45:52.802Z",
    "duration": 586.838,
    "durationFormattedHHMM": "9:46",
    "durationFormattedMinSec": "9m 46s",
    "files": [
        {
            "progressiveDownloadURL": "https://download-a.akamaihd.net/files/media_publication/cf/CO-r20_E_113_r240P.mp4",
            "checksum": "47ed0039f39fbeec2308b1bee29c18ad",
            "filesize": 17987168,
            "modifiedDatetime": "2020-11-29T12:52:44.000Z",
            "bitRate": 239.46089039905394,
            "duration": 586.838,
            "frameHeight": 234,
            "frameWidth": 416,
            "label": "240p",
            "frameRate": 23.833,
            "mimetype": "video/mp4",
            "subtitled": false,
            "subtitles": {
                "url": "https://download-a.akamaihd.net/files/media_publication/f0/co-r20_E_113.vtt",
                "modifiedDatetime": "2020-11-29T12:52:57.000Z",
                "checksum": "6d118b9963600efa210a20550718b737"
            }
        },
        {
            "progressiveDownloadURL": "https://download-a.akamaihd.net/files/media_publication/19/CO-r20_E_113_r360P.mp4",
            "checksum": "f45ea224c0cd583b8589ca4fcb409079",
            "filesize": 25938805,
            "modifiedDatetime": "2020-11-29T12:52:46.000Z",
            "bitRate": 345.3200270986201,
            "duration": 586.838,
            "frameHeight": 360,
            "frameWidth": 640,
            "label": "360p",
            "frameRate": 23.976,
            "mimetype": "video/mp4",
            "subtitled": false,
            "subtitles": {
                "url": "https://download-a.akamaihd.net/files/media_publication/f0/co-r20_E_113.vtt",
                "modifiedDatetime": "2020-11-29T12:52:57.000Z",
                "checksum": "6d118b9963600efa210a20550718b737"
            }
        },
        {
            "progressiveDownloadURL": "https://download-a.akamaihd.net/files/media_publication/9d/CO-r20_E_113_r480P.mp4",
            "checksum": "064a0237c010bb22fe4906d89140b4d2",
            "filesize": 48154963,
            "modifiedDatetime": "2020-11-29T12:52:48.000Z",
            "bitRate": 641.0809259753117,
            "duration": 586.838,
            "frameHeight": 540,
            "frameWidth": 960,
            "label": "480p",
            "frameRate": 23.976,
            "mimetype": "video/mp4",
            "subtitled": false,
            "subtitles": {
                "url": "https://download-a.akamaihd.net/files/media_publication/f0/co-r20_E_113.vtt",
                "modifiedDatetime": "2020-11-29T12:52:57.000Z",
                "checksum": "6d118b9963600efa210a20550718b737"
            }
        },
        {
            "progressiveDownloadURL": "https://download-a.akamaihd.net/files/media_publication/49/CO-r20_E_113_r720P.mp4",
            "checksum": "fe89b5b893c4cf65241cb5d3baf3f1a9",
            "filesize": 83403175,
            "modifiedDatetime": "2020-11-29T12:52:50.000Z",
            "bitRate": 1110.3359098891005,
            "duration": 586.838,
            "frameHeight": 720,
            "frameWidth": 1280,
            "label": "720p",
            "frameRate": 23.976,
            "mimetype": "video/mp4",
            "subtitled": false,
            "subtitles": {
                "url": "https://download-a.akamaihd.net/files/media_publication/f0/co-r20_E_113.vtt",
                "modifiedDatetime": "2020-11-29T12:52:57.000Z",
                "checksum": "6d118b9963600efa210a20550718b737"
            }
        }
    ],
    "printReferences": [
        "co-r20-113.v",
        "co-r20-113"
    ],
    "subtitlesUrl": "https://download-a.akamaihd.net/files/media_publication/f0/co-r20_E_113.vtt",
    "Name": "pub-co-r20_E_113_VIDEO",
    "Title": "Ralph Walls: Creation Proves That Jehovah Wants Us to Rejoice—Delicious Food",
    "UndatedReferenceTitle": "Ralph Walls: Creation Proves That Jehovah Wants Us to Rejoice—Delicious Food",
    "ShortTitle": null,
    "Category": "vod",
    "Year": 2020,
    "Symbol": "2020Convention"
}