{
    "guid": "6081d1460524ac0a0a1a6bb4",
    "languageAgnosticNaturalKey": "pub-co-r21_134_VIDEO",
    "naturalKey": "pub-co-r21_E_134_VIDEO",
    "type": "video",
    "primaryCategory": "2021Convention",
    "description": "",
    "firstPublished": "2021-09-13T16:39:57.650Z",
    "duration": 664.278,
    "durationFormattedHHMM": "11:04",
    "durationFormattedMinSec": "11m 4s",
    "files": [
        {
            "progressiveDownloadURL": "https://download-a.akamaihd.net/files/media_publication/4a/CO-r21_E_134_r240P.mp4",
            "checksum": "777f2c3707a67d4f026e572d36ad252b",
            "filesize": 14083810,
            "modifiedDatetime": "2021-09-11T05:01:24.000Z",
            "bitRate": 165.63812985677683,
            "duration": 664.278,
            "frameHeight": 234,
            "frameWidth": 416,
            "label": "240p",
            "frameRate": 23.881,
            "mimetype": "video/mp4",
            "subtitled": false,
            "subtitles": {
                "url": "https://download-a.akamaihd.net/files/media_publication/4b/co-r21_E_134.vtt",
                "modifiedDatetime": "2021-09-11T05:01:13.000Z",
                "checksum": "dd6d2f5a853d6892a69f837f5df272ee"
            }
        },
        {
            "progressiveDownloadURL": "https://download-a.akamaihd.net/files/media_publication/96/CO-r21_E_134_r360P.mp4",
            "checksum": "de213a35469a4a6f4458b3f03fd5d140",
            "filesize": 26283504,
            "modifiedDatetime": "2021-09-11T05:01:22.000Z",
            "bitRate": 309.13134100516675,
            "duration": 664.248,
            "frameHeight": 360,
            "frameWidth": 640,
            "label": "360p",
            "frameRate": 23.976,
            "mimetype": "video/mp4",
            "subtitled": false,
            "subtitles": {
                "url": "https://download-a.akamaihd.net/files/media_publication/4b/co-r21_E_134.vtt",
                "modifiedDatetime": "2021-09-11T05:01:13.000Z",
                "checksum": "dd6d2f5a853d6892a69f837f5df272ee"
            }
        },
        {
            "progressiveDownloadURL": "https://download-a.akamaihd.net/files/media_publication/9f/CO-r21_E_134_r480P.mp4",
            "checksum": "535e986bc9641e33f6bc2abd4ebfdf19",
            "filesize": 46200539,
            "modifiedDatetime": "2021-09-11T05:01:18.000Z",
            "bitRate": 543.3839634255579,
            "duration": 664.248,
            "frameHeight": 540,
            "frameWidth": 960,
            "label": "480p",
            "frameRate": 23.976,
            "mimetype": "video/mp4",
            "subtitled": false,
            "subtitles": {
                "url": "https://download-a.akamaihd.net/files/media_publication/4b/co-r21_E_134.vtt",
                "modifiedDatetime": "2021-09-11T05:01:13.000Z",
                "checksum": "dd6d2f5a853d6892a69f837f5df272ee"
            }
        },
        {
            "progressiveDownloadURL": "https://download-a.akamaihd.net/files/media_publication/25/CO-r21_E_134_r720P.mp4",
            "checksum": "a9ad8588ff6967ffb03e60b7f3d81dbb",
            "filesize": 74214732,
            "modifiedDatetime": "2021-09-11T05:01:15.000Z",
            "bitRate": 872.8706653990678,
            "duration": 664.248,
            "frameHeight": 720,
            "frameWidth": 1280,
            "label": "720p",
            "frameRate": 23.976,
            "mimetype": "video/mp4",
            "subtitled": false,
            "subtitles": {
                "url": "https://download-a.akamaihd.net/files/media_publication/4b/co-r21_E_134.vtt",
                "modifiedDatetime": "2021-09-11T05:01:13.000Z",
                "checksum": "dd6d2f5a853d6892a69f837f5df272ee"
            }
        }
    ],
    "printReferences": [
        "co-r21-134.v",
        "co-r21-134"
    ],
    "subtitlesUrl": "https://download-a.akamaihd.net/files/media_publication/4b/co-r21_E_134.vtt",
    "Name": "pub-co-r21_E_134_VIDEO",
    "Title": "Robert Luccioni: Enter the Door to Activity in Faith—Assist With a Theocratic Building Project",
    "UndatedReferenceTitle": "Robert Luccioni: Enter the Door to Activity in Faith—Assist With a Theocratic Building Project",
    "ShortTitle": null,
    "Category": "vod",
    "Year": 2021,
    "Symbol": "2021Convention"
}