{
    "guid": "5f2dce2312b86d2c3b366cd5",
    "languageAgnosticNaturalKey": "pub-co-r20_59_VIDEO",
    "naturalKey": "pub-co-r20_E_59_VIDEO",
    "type": "video",
    "primaryCategory": "2020ConventionAD",
    "description": "",
    "firstPublished": "2020-08-13T19:19:10.988Z",
    "duration": 2048.923,
    "durationFormattedHHMM": "34:08",
    "durationFormattedMinSec": "34m 8s",
    "files": [
        {
            "progressiveDownloadURL": "https://download-a.akamaihd.net/files/media_publication/91/CO-r20_E_59_r240P.mp4",
            "checksum": "8e2a5a967ebcb3a03b008c30e4e5e3fd",
            "filesize": 49376956,
            "modifiedDatetime": "2020-08-13T16:47:06.000Z",
            "bitRate": 188.27328735633307,
            "duration": 2048.923,
            "frameHeight": 234,
            "frameWidth": 416,
            "label": "240p",
            "frameRate": 23.669,
            "mimetype": "video/mp4",
            "subtitled": false,
            "subtitles": {
                "url": "https://download-a.akamaihd.net/files/media_publication/aa/co-r20_E_59.vtt",
                "modifiedDatetime": "2020-08-13T16:47:19.000Z",
                "checksum": "510e9fd0ddd7dc03cd6819775602a99c"
            }
        },
        {
            "progressiveDownloadURL": "https://download-a.akamaihd.net/files/media_publication/cb/CO-r20_E_59_r360P.mp4",
            "checksum": "b87fee9f2ae8751d06bc9f14e60f3a48",
            "filesize": 67667635,
            "modifiedDatetime": "2020-08-13T16:47:08.000Z",
            "bitRate": 258.0152589616594,
            "duration": 2048.923,
            "frameHeight": 360,
            "frameWidth": 640,
            "label": "360p",
            "frameRate": 23.976,
            "mimetype": "video/mp4",
            "subtitled": false,
            "subtitles": {
                "url": "https://download-a.akamaihd.net/files/media_publication/aa/co-r20_E_59.vtt",
                "modifiedDatetime": "2020-08-13T16:47:19.000Z",
                "checksum": "510e9fd0ddd7dc03cd6819775602a99c"
            }
        },
        {
            "progressiveDownloadURL": "https://download-a.akamaihd.net/files/media_publication/6e/CO-r20_E_59_r480P.mp4",
            "checksum": "19e939039dcf9f02c0eb84475a8e86eb",
            "filesize": 119150153,
            "modifiedDatetime": "2020-08-13T16:47:11.000Z",
            "bitRate": 454.3170096253008,
            "duration": 2048.923,
            "frameHeight": 540,
            "frameWidth": 960,
            "label": "480p",
            "frameRate": 23.976,
            "mimetype": "video/mp4",
            "subtitled": false,
            "subtitles": {
                "url": "https://download-a.akamaihd.net/files/media_publication/aa/co-r20_E_59.vtt",
                "modifiedDatetime": "2020-08-13T16:47:19.000Z",
                "checksum": "510e9fd0ddd7dc03cd6819775602a99c"
            }
        },
        {
            "progressiveDownloadURL": "https://download-a.akamaihd.net/files/media_publication/69/CO-r20_E_59_r720P.mp4",
            "checksum": "975c73c30bfd830841ad9ea670189c2a",
            "filesize": 194246969,
            "modifiedDatetime": "2020-08-13T16:47:14.000Z",
            "bitRate": 740.6595783797147,
            "duration": 2048.923,
            "frameHeight": 720,
            "frameWidth": 1280,
            "label": "720p",
            "frameRate": 23.976,
            "mimetype": "video/mp4",
            "subtitled": false,
            "subtitles": {
                "url": "https://download-a.akamaihd.net/files/media_publication/aa/co-r20_E_59.vtt",
                "modifiedDatetime": "2020-08-13T16:47:19.000Z",
                "checksum": "510e9fd0ddd7dc03cd6819775602a99c"
            }
        }
    ],
    "printReferences": [
        "co-r20-59.v",
        "co-r20-59"
    ],
    "subtitlesUrl": "https://download-a.akamaihd.net/files/media_publication/aa/co-r20_E_59.vtt",
    "Name": "pub-co-r20_E_59_VIDEO",
    "Title": "2020 “Always Rejoice”! Convention: Sunday Morning Session—Part 2 (With Audio Descriptions)",
    "UndatedReferenceTitle": "2020 “Always Rejoice”! Convention: Sunday Morning Session—Part 2 (With Audio Descriptions)",
    "ShortTitle": null,
    "Category": "vod",
    "Year": 2020,
    "Symbol": "2020ConventionAD"
}