{
    "guid": "5efc7e56af341cff131bc106",
    "languageAgnosticNaturalKey": "pub-co-r20_2_VIDEO",
    "naturalKey": "pub-co-r20_E_2_VIDEO",
    "type": "video",
    "primaryCategory": "2020Convention",
    "description": "",
    "firstPublished": "2020-07-06T16:27:44.831Z",
    "duration": 4256.534,
    "durationFormattedHHMM": "1:10:56",
    "durationFormattedMinSec": "1h 10m 56s",
    "files": [
        {
            "progressiveDownloadURL": "https://download-a.akamaihd.net/files/media_publication/6e/CO-r20_E_02_r240P.mp4",
            "checksum": "fe5393a0726b090915c99626bf626fd4",
            "filesize": 63976811,
            "modifiedDatetime": "2020-08-05T19:53:37.000Z",
            "bitRate": 117.42390309521785,
            "duration": 4256.534,
            "frameHeight": 234,
            "frameWidth": 416,
            "label": "240p",
            "frameRate": 23.976,
            "mimetype": "video/mp4",
            "subtitled": false,
            "subtitles": {
                "url": "https://download-a.akamaihd.net/files/media_publication/46/CO-r20_E_02.vtt",
                "modifiedDatetime": "2020-07-21T16:59:35.000Z",
                "checksum": "353b45effbaebf40e6d803d0576ec134"
            }
        },
        {
            "progressiveDownloadURL": "https://download-a.akamaihd.net/files/media_publication/de/CO-r20_E_02_r360P.mp4",
            "checksum": "fd3df1f007aec9343d4fb51c8f0d7fc5",
            "filesize": 164137032,
            "modifiedDatetime": "2020-07-21T16:59:32.000Z",
            "bitRate": 301.26144894965444,
            "duration": 4256.504,
            "frameHeight": 360,
            "frameWidth": 640,
            "label": "360p",
            "frameRate": 23.976,
            "mimetype": "video/mp4",
            "subtitled": false,
            "subtitles": {
                "url": "https://download-a.akamaihd.net/files/media_publication/46/CO-r20_E_02.vtt",
                "modifiedDatetime": "2020-07-21T16:59:35.000Z",
                "checksum": "353b45effbaebf40e6d803d0576ec134"
            }
        },
        {
            "progressiveDownloadURL": "https://download-a.akamaihd.net/files/media_publication/87/CO-r20_E_02_r480P.mp4",
            "checksum": "88b931f2c25a21e4871d1a201bd00201",
            "filesize": 298247197,
            "modifiedDatetime": "2020-07-21T16:59:33.000Z",
            "bitRate": 547.4107921812126,
            "duration": 4256.504,
            "frameHeight": 540,
            "frameWidth": 960,
            "label": "480p",
            "frameRate": 23.976,
            "mimetype": "video/mp4",
            "subtitled": false,
            "subtitles": {
                "url": "https://download-a.akamaihd.net/files/media_publication/46/CO-r20_E_02.vtt",
                "modifiedDatetime": "2020-07-21T16:59:35.000Z",
                "checksum": "353b45effbaebf40e6d803d0576ec134"
            }
        },
        {
            "progressiveDownloadURL": "https://download-a.akamaihd.net/files/media_publication/8a/CO-r20_E_02_r720P.mp4",
            "checksum": "4b4273e196bc7b0759ecadd7fcf66415",
            "filesize": 495601065,
            "modifiedDatetime": "2020-07-21T16:59:34.000Z",
            "bitRate": 909.6393003066602,
            "duration": 4256.504,
            "frameHeight": 720,
            "frameWidth": 1280,
            "label": "720p",
            "frameRate": 23.976,
            "mimetype": "video/mp4",
            "subtitled": false,
            "subtitles": {
                "url": "https://download-a.akamaihd.net/files/media_publication/46/CO-r20_E_02.vtt",
                "modifiedDatetime": "2020-07-21T16:59:35.000Z",
                "checksum": "353b45effbaebf40e6d803d0576ec134"
            }
        }
    ],
    "printReferences": [
        "co-r20-2.v",
        "co-r20-2"
    ],
    "subtitlesUrl": "https://download-a.akamaihd.net/files/media_publication/46/CO-r20_E_02.vtt",
    "Name": "pub-co-r20_E_2_VIDEO",
    "Title": "2020 “Always Rejoice”! Convention: Friday Morning Session—Part 2",
    "UndatedReferenceTitle": "2020 “Always Rejoice”! Convention: Friday Morning Session—Part 2",
    "ShortTitle": null,
    "Category": "vod",
    "Year": 2020,
    "Symbol": "2020Convention"
}