{
    "guid": "5efb788eaf341cff1318c3b5",
    "languageAgnosticNaturalKey": "pub-co-r20_8_VIDEO",
    "naturalKey": "pub-co-r20_E_8_VIDEO",
    "type": "video",
    "primaryCategory": "2020Convention",
    "description": "",
    "firstPublished": "2020-08-03T17:34:11.843Z",
    "duration": 4571.136,
    "durationFormattedHHMM": "1:16:11",
    "durationFormattedMinSec": "1h 16m 11s",
    "files": [
        {
            "progressiveDownloadURL": "https://download-a.akamaihd.net/files/media_publication/a6/CO-r20_E_08_r240P.mp4",
            "checksum": "e8d74f7d806b8f2fbf156d3a01daebf8",
            "filesize": 64015500,
            "modifiedDatetime": "2020-08-05T03:10:08.000Z",
            "bitRate": 109.40849140126217,
            "duration": 4571.136,
            "frameHeight": 234,
            "frameWidth": 416,
            "label": "240p",
            "frameRate": 23.976,
            "mimetype": "video/mp4",
            "subtitled": false,
            "subtitles": {
                "url": "https://download-a.akamaihd.net/files/media_publication/d3/CO-r20_E_08.vtt",
                "modifiedDatetime": "2020-08-03T14:35:06.000Z",
                "checksum": "9c373d051f0bae9d01ccb07ecaa805dc"
            }
        },
        {
            "progressiveDownloadURL": "https://download-a.akamaihd.net/files/media_publication/5b/CO-r20_E_08_r360P.mp4",
            "checksum": "a0bf0cd7a204311cd68d3dd20db5290a",
            "filesize": 176592158,
            "modifiedDatetime": "2020-08-03T14:34:21.000Z",
            "bitRate": 301.81427145157306,
            "duration": 4571.11,
            "frameHeight": 360,
            "frameWidth": 640,
            "label": "360p",
            "frameRate": 23.976,
            "mimetype": "video/mp4",
            "subtitled": false,
            "subtitles": {
                "url": "https://download-a.akamaihd.net/files/media_publication/d3/CO-r20_E_08.vtt",
                "modifiedDatetime": "2020-08-03T14:35:06.000Z",
                "checksum": "9c373d051f0bae9d01ccb07ecaa805dc"
            }
        },
        {
            "progressiveDownloadURL": "https://download-a.akamaihd.net/files/media_publication/a1/CO-r20_E_08_r480P.mp4",
            "checksum": "8fe48b1aeabee1686c9d9a75602f4823",
            "filesize": 322700165,
            "modifiedDatetime": "2020-08-03T14:34:36.000Z",
            "bitRate": 551.527974400638,
            "duration": 4571.11,
            "frameHeight": 540,
            "frameWidth": 960,
            "label": "480p",
            "frameRate": 23.976,
            "mimetype": "video/mp4",
            "subtitled": false,
            "subtitles": {
                "url": "https://download-a.akamaihd.net/files/media_publication/d3/CO-r20_E_08.vtt",
                "modifiedDatetime": "2020-08-03T14:35:06.000Z",
                "checksum": "9c373d051f0bae9d01ccb07ecaa805dc"
            }
        },
        {
            "progressiveDownloadURL": "https://download-a.akamaihd.net/files/media_publication/a8/CO-r20_E_08_r720P.mp4",
            "checksum": "80914a2aa23b4657b436b383cef12402",
            "filesize": 540433716,
            "modifiedDatetime": "2020-08-03T14:34:47.000Z",
            "bitRate": 923.6571437243908,
            "duration": 4571.11,
            "frameHeight": 720,
            "frameWidth": 1280,
            "label": "720p",
            "frameRate": 23.976,
            "mimetype": "video/mp4",
            "subtitled": false,
            "subtitles": {
                "url": "https://download-a.akamaihd.net/files/media_publication/d3/CO-r20_E_08.vtt",
                "modifiedDatetime": "2020-08-03T14:35:06.000Z",
                "checksum": "9c373d051f0bae9d01ccb07ecaa805dc"
            }
        }
    ],
    "printReferences": [
        "co-r20-8.v",
        "co-r20-8"
    ],
    "subtitlesUrl": "https://download-a.akamaihd.net/files/media_publication/d3/CO-r20_E_08.vtt",
    "Name": "pub-co-r20_E_8_VIDEO",
    "Title": "2020 “Always Rejoice”! Convention: Saturday Afternoon Session—Part 2",
    "UndatedReferenceTitle": "2020 “Always Rejoice”! Convention: Saturday Afternoon Session—Part 2",
    "ShortTitle": null,
    "Category": "vod",
    "Year": 2020,
    "Symbol": "2020Convention"
}