{
    "guid": "59f3a727c79cf72b829dfc37",
    "languageAgnosticNaturalKey": "pub-jwb_201711_11_VIDEO",
    "naturalKey": "pub-jwb_E_201711_11_VIDEO",
    "type": "video",
    "primaryCategory": "Reports",
    "description": "",
    "firstPublished": "2017-11-20T20:29:30.151Z",
    "duration": 669.966,
    "durationFormattedHHMM": "11:09",
    "durationFormattedMinSec": "11m 9s",
    "files": [
        {
            "progressiveDownloadURL": "https://download-a.akamaihd.net/files/media_periodical/7d/jwb_E_201711_11_r240P.mp4",
            "checksum": "d849c673c13246d4f1b1c7583c989d9f",
            "filesize": 29119676,
            "modifiedDatetime": "2020-11-11T19:43:34.000Z",
            "bitRate": 339.577350237259,
            "duration": 669.943,
            "frameHeight": 180,
            "frameWidth": 320,
            "label": "240p",
            "frameRate": 24,
            "mimetype": "video/mp4",
            "subtitled": false,
            "subtitles": {
                "url": "https://download-a.akamaihd.net/files/media_periodical/db/jwb_E_201711_11_r240P.vtt",
                "modifiedDatetime": "2019-02-24T16:28:01.000Z",
                "checksum": "aea5f15344267888bc5a294268efc586"
            }
        },
        {
            "progressiveDownloadURL": "https://download-a.akamaihd.net/files/media_periodical/9f/jwb_s-Sub_E_201711_11_r240P.mp4",
            "checksum": "b23af7fc11b0d1db291057b4b7820594",
            "filesize": 29547166,
            "modifiedDatetime": "2020-11-12T23:48:58.000Z",
            "bitRate": 344.550670295209,
            "duration": 669.966,
            "frameHeight": 180,
            "frameWidth": 320,
            "label": "240p",
            "frameRate": 23.976,
            "mimetype": "video/mp4",
            "subtitled": true,
            "subtitles": {
                "url": "https://download-a.akamaihd.net/files/media_periodical/db/jwb_E_201711_11_r240P.vtt",
                "modifiedDatetime": "2019-02-24T16:28:01.000Z",
                "checksum": "aea5f15344267888bc5a294268efc586"
            }
        },
        {
            "progressiveDownloadURL": "https://download-a.akamaihd.net/files/media_periodical/78/jwb_E_201711_11_r360P.mp4",
            "checksum": "f6dd286d5b78cdb27e8b865d8d441916",
            "filesize": 69041493,
            "modifiedDatetime": "2019-02-24T16:19:07.000Z",
            "bitRate": 805.1508598974505,
            "duration": 669.92,
            "frameHeight": 360,
            "frameWidth": 640,
            "label": "360p",
            "frameRate": 1764,
            "mimetype": "video/mp4",
            "subtitled": false,
            "subtitles": {
                "url": "https://download-a.akamaihd.net/files/media_periodical/25/jwb_E_201711_11_r360P.vtt",
                "modifiedDatetime": "2019-02-24T16:19:08.000Z",
                "checksum": "aea5f15344267888bc5a294268efc586"
            }
        },
        {
            "progressiveDownloadURL": "https://download-a.akamaihd.net/files/media_periodical/42/jwb_s-Sub_E_201711_11_r360P.mp4",
            "checksum": "9231c8f00d2588c66ef257e612af0533",
            "filesize": 69155519,
            "modifiedDatetime": "2019-02-24T14:16:14.000Z",
            "bitRate": 806.4815157759684,
            "duration": 669.91925,
            "frameHeight": 360,
            "frameWidth": 640,
            "label": "360p",
            "frameRate": 44.056,
            "mimetype": "video/mp4",
            "subtitled": true,
            "subtitles": {
                "url": "https://download-a.akamaihd.net/files/media_periodical/25/jwb_E_201711_11_r360P.vtt",
                "modifiedDatetime": "2019-02-24T16:19:08.000Z",
                "checksum": "aea5f15344267888bc5a294268efc586"
            }
        },
        {
            "progressiveDownloadURL": "https://download-a.akamaihd.net/files/media_periodical/6a/jwb_E_201711_11_r480P.mp4",
            "checksum": "57890bed0c16ba8b89f6bebdd2b979ca",
            "filesize": 94262088,
            "modifiedDatetime": "2019-02-23T18:31:29.000Z",
            "bitRate": 1099.2694090339146,
            "duration": 669.92,
            "frameHeight": 480,
            "frameWidth": 854,
            "label": "480p",
            "frameRate": 1764,
            "mimetype": "video/mp4",
            "subtitled": false,
            "subtitles": {
                "url": "https://download-a.akamaihd.net/files/media_periodical/fc/jwb_E_201711_11_r480P.vtt",
                "modifiedDatetime": "2019-02-23T18:31:29.000Z",
                "checksum": "aea5f15344267888bc5a294268efc586"
            }
        },
        {
            "progressiveDownloadURL": "https://download-a.akamaihd.net/files/media_periodical/97/jwb_s-Sub_E_201711_11_r480P.mp4",
            "checksum": "b7554e20fd52b562d63be9b3b266633c",
            "filesize": 94754814,
            "modifiedDatetime": "2019-02-24T16:17:15.000Z",
            "bitRate": 1105.0167380247694,
            "duration": 669.91925,
            "frameHeight": 480,
            "frameWidth": 854,
            "label": "480p",
            "frameRate": 44.056,
            "mimetype": "video/mp4",
            "subtitled": true,
            "subtitles": {
                "url": "https://download-a.akamaihd.net/files/media_periodical/fc/jwb_E_201711_11_r480P.vtt",
                "modifiedDatetime": "2019-02-23T18:31:29.000Z",
                "checksum": "aea5f15344267888bc5a294268efc586"
            }
        },
        {
            "progressiveDownloadURL": "https://download-a.akamaihd.net/files/media_periodical/e0/jwb_E_201711_11_r720P.mp4",
            "checksum": "bfaed8bc6fb5668e7b0ba9072a2f4091",
            "filesize": 136376898,
            "modifiedDatetime": "2019-02-24T16:32:56.000Z",
            "bitRate": 1590.4055941381062,
            "duration": 669.92,
            "frameHeight": 720,
            "frameWidth": 1280,
            "label": "720p",
            "frameRate": 1764,
            "mimetype": "video/mp4",
            "subtitled": false,
            "subtitles": {
                "url": "https://download-a.akamaihd.net/files/media_periodical/ff/jwb_E_201711_11_r720P.vtt",
                "modifiedDatetime": "2019-02-24T16:32:56.000Z",
                "checksum": "aea5f15344267888bc5a294268efc586"
            }
        },
        {
            "progressiveDownloadURL": "https://download-a.akamaihd.net/files/media_periodical/ba/jwb_s-Sub_E_201711_11_r720P.mp4",
            "checksum": "6458af8ccaa9d09b1e3338b4384240c3",
            "filesize": 136239074,
            "modifiedDatetime": "2019-02-23T23:18:12.000Z",
            "bitRate": 1588.8000913916117,
            "duration": 669.91925,
            "frameHeight": 720,
            "frameWidth": 1280,
            "label": "720p",
            "frameRate": 44.056,
            "mimetype": "video/mp4",
            "subtitled": true,
            "subtitles": {
                "url": "https://download-a.akamaihd.net/files/media_periodical/ff/jwb_E_201711_11_r720P.vtt",
                "modifiedDatetime": "2019-02-24T16:32:56.000Z",
                "checksum": "aea5f15344267888bc5a294268efc586"
            }
        }
    ],
    "printReferences": [
        "jwb.201711-11.v",
        "jwb.201711-11"
    ],
    "subtitlesUrl": "https://download-a.akamaihd.net/files/media_periodical/db/jwb_E_201711_11_r240P.vtt",
    "Name": "pub-jwb_E_201711_11_VIDEO",
    "Title": "Asia Branch Report",
    "UndatedReferenceTitle": "Asia Branch Report",
    "ShortTitle": null,
    "Category": "vod",
    "Year": 2017,
    "Symbol": "Reports"
}