{
    "guid": "5f7f2e4b0ca056895eb93332",
    "languageAgnosticNaturalKey": "pub-co-r20_119_VIDEO",
    "naturalKey": "pub-co-r20_E_119_VIDEO",
    "type": "video",
    "primaryCategory": "2020Convention",
    "description": "",
    "firstPublished": "2020-12-01T23:45:29.633Z",
    "duration": 2140.473,
    "durationFormattedHHMM": "35:40",
    "durationFormattedMinSec": "35m 40s",
    "files": [
        {
            "progressiveDownloadURL": "https://download-a.akamaihd.net/files/media_publication/ca/CO-r20_E_119_r240P.mp4",
            "checksum": "390d7c67e064319c8950b57b26c4e664",
            "filesize": 60551952,
            "modifiedDatetime": "2020-11-30T22:42:24.000Z",
            "bitRate": 221.00821874417477,
            "duration": 2140.473,
            "frameHeight": 234,
            "frameWidth": 416,
            "label": "240p",
            "frameRate": 23.46,
            "mimetype": "video/mp4",
            "subtitled": false,
            "subtitles": {
                "url": "https://download-a.akamaihd.net/files/media_publication/56/co-r20_E_119.vtt",
                "modifiedDatetime": "2020-11-30T22:43:07.000Z",
                "checksum": "119ceef585191f533fb0ec63cf080e4f"
            }
        },
        {
            "progressiveDownloadURL": "https://download-a.akamaihd.net/files/media_publication/03/CO-r20_E_119_r360P.mp4",
            "checksum": "c87a65bb1e453c3065bc8f7dd9b0c26c",
            "filesize": 86562565,
            "modifiedDatetime": "2020-11-30T22:42:30.000Z",
            "bitRate": 315.94420441766846,
            "duration": 2140.473,
            "frameHeight": 360,
            "frameWidth": 640,
            "label": "360p",
            "frameRate": 23.976,
            "mimetype": "video/mp4",
            "subtitled": false,
            "subtitles": {
                "url": "https://download-a.akamaihd.net/files/media_publication/56/co-r20_E_119.vtt",
                "modifiedDatetime": "2020-11-30T22:43:07.000Z",
                "checksum": "119ceef585191f533fb0ec63cf080e4f"
            }
        },
        {
            "progressiveDownloadURL": "https://download-a.akamaihd.net/files/media_publication/bf/CO-r20_E_119_r480P.mp4",
            "checksum": "35d10496d31fcfb253443e754b98fe1a",
            "filesize": 156883349,
            "modifiedDatetime": "2020-11-30T22:42:36.000Z",
            "bitRate": 572.6076264743821,
            "duration": 2140.473,
            "frameHeight": 540,
            "frameWidth": 960,
            "label": "480p",
            "frameRate": 23.976,
            "mimetype": "video/mp4",
            "subtitled": false,
            "subtitles": {
                "url": "https://download-a.akamaihd.net/files/media_publication/56/co-r20_E_119.vtt",
                "modifiedDatetime": "2020-11-30T22:43:07.000Z",
                "checksum": "119ceef585191f533fb0ec63cf080e4f"
            }
        },
        {
            "progressiveDownloadURL": "https://download-a.akamaihd.net/files/media_publication/b2/CO-r20_E_119_r720P.mp4",
            "checksum": "74e4fd56c1113c1b4e8d3ecb6497c237",
            "filesize": 260454856,
            "modifiedDatetime": "2020-11-30T22:42:41.000Z",
            "bitRate": 950.632669741688,
            "duration": 2140.473,
            "frameHeight": 720,
            "frameWidth": 1280,
            "label": "720p",
            "frameRate": 23.976,
            "mimetype": "video/mp4",
            "subtitled": false,
            "subtitles": {
                "url": "https://download-a.akamaihd.net/files/media_publication/56/co-r20_E_119.vtt",
                "modifiedDatetime": "2020-11-30T22:43:07.000Z",
                "checksum": "119ceef585191f533fb0ec63cf080e4f"
            }
        }
    ],
    "printReferences": [
        "co-r20-119.v",
        "co-r20-119"
    ],
    "subtitlesUrl": "https://download-a.akamaihd.net/files/media_publication/56/co-r20_E_119.vtt",
    "Name": "pub-co-r20_E_119_VIDEO",
    "Title": "Anthony Morris III: Close Friendship With Jehovah Brings the Greatest Joy!",
    "UndatedReferenceTitle": "Anthony Morris III: Close Friendship With Jehovah Brings the Greatest Joy!",
    "ShortTitle": null,
    "Category": "vod",
    "Year": 2020,
    "Symbol": "2020Convention"
}