{
    "guid": "5f0335604bd99b3c370a423b",
    "languageAgnosticNaturalKey": "pub-co-r20_51_VIDEO",
    "naturalKey": "pub-co-r20_E_51_VIDEO",
    "type": "video",
    "primaryCategory": "2020ConventionAD",
    "description": "",
    "firstPublished": "2020-07-06T15:12:19.096Z",
    "duration": 4256.59,
    "durationFormattedHHMM": "1:10:56",
    "durationFormattedMinSec": "1h 10m 56s",
    "files": [
        {
            "progressiveDownloadURL": "https://download-a.akamaihd.net/files/media_publication/2b/CO-r20_E_51_r240P.mp4",
            "checksum": "c26faa9cecf367721194ce6a0187f4be",
            "filesize": 65010270,
            "modifiedDatetime": "2020-08-05T19:54:42.000Z",
            "bitRate": 119.3191579116147,
            "duration": 4256.59,
            "frameHeight": 234,
            "frameWidth": 416,
            "label": "240p",
            "frameRate": 23.976,
            "mimetype": "video/mp4",
            "subtitled": false,
            "subtitles": {
                "url": "https://download-a.akamaihd.net/files/media_publication/82/CO-r20_E_51.vtt",
                "modifiedDatetime": "2020-07-21T16:59:35.000Z",
                "checksum": "353b45effbaebf40e6d803d0576ec134"
            }
        },
        {
            "progressiveDownloadURL": "https://download-a.akamaihd.net/files/media_publication/4a/CO-r20_E_51_r360P.mp4",
            "checksum": "14064f718453e849e1e5415c889d4bc7",
            "filesize": 163946969,
            "modifiedDatetime": "2020-07-21T16:59:19.000Z",
            "bitRate": 300.9093503688433,
            "duration": 4256.55,
            "frameHeight": 360,
            "frameWidth": 640,
            "label": "360p",
            "frameRate": 23.976,
            "mimetype": "video/mp4",
            "subtitled": false,
            "subtitles": {
                "url": "https://download-a.akamaihd.net/files/media_publication/82/CO-r20_E_51.vtt",
                "modifiedDatetime": "2020-07-21T16:59:35.000Z",
                "checksum": "353b45effbaebf40e6d803d0576ec134"
            }
        },
        {
            "progressiveDownloadURL": "https://download-a.akamaihd.net/files/media_publication/1b/CO-r20_E_51_r480P.mp4",
            "checksum": "034d78b19a3d3e75914433bd95078818",
            "filesize": 298057350,
            "modifiedDatetime": "2020-07-21T16:59:20.000Z",
            "bitRate": 547.0564299432639,
            "duration": 4256.55,
            "frameHeight": 540,
            "frameWidth": 960,
            "label": "480p",
            "frameRate": 23.976,
            "mimetype": "video/mp4",
            "subtitled": false,
            "subtitles": {
                "url": "https://download-a.akamaihd.net/files/media_publication/82/CO-r20_E_51.vtt",
                "modifiedDatetime": "2020-07-21T16:59:35.000Z",
                "checksum": "353b45effbaebf40e6d803d0576ec134"
            }
        },
        {
            "progressiveDownloadURL": "https://download-a.akamaihd.net/files/media_publication/31/CO-r20_E_51_r720P.mp4",
            "checksum": "92a2692f38d12367d72771126db2c866",
            "filesize": 495411218,
            "modifiedDatetime": "2020-07-21T16:59:21.000Z",
            "bitRate": 909.2810235108244,
            "duration": 4256.55,
            "frameHeight": 720,
            "frameWidth": 1280,
            "label": "720p",
            "frameRate": 23.976,
            "mimetype": "video/mp4",
            "subtitled": false,
            "subtitles": {
                "url": "https://download-a.akamaihd.net/files/media_publication/82/CO-r20_E_51.vtt",
                "modifiedDatetime": "2020-07-21T16:59:35.000Z",
                "checksum": "353b45effbaebf40e6d803d0576ec134"
            }
        }
    ],
    "printReferences": [
        "co-r20-51.v",
        "co-r20-51"
    ],
    "subtitlesUrl": "https://download-a.akamaihd.net/files/media_publication/82/CO-r20_E_51.vtt",
    "Name": "pub-co-r20_E_51_VIDEO",
    "Title": "2020 “Always Rejoice”! Convention: Friday Morning Session—Part 2 (With Audio Descriptions)",
    "UndatedReferenceTitle": "2020 “Always Rejoice”! Convention: Friday Morning Session—Part 2 (With Audio Descriptions)",
    "ShortTitle": null,
    "Category": "vod",
    "Year": 2020,
    "Symbol": "2020ConventionAD"
}