{
    "guid": "5dded4a21b4e587393540d03",
    "languageAgnosticNaturalKey": "pub-jwbcov_201905_7_VIDEO",
    "naturalKey": "pub-jwbcov_E_201905_7_VIDEO",
    "type": "video",
    "primaryCategory": "2019Convention",
    "description": "",
    "firstPublished": "2020-02-17T16:25:33.971Z",
    "duration": 122.859,
    "durationFormattedHHMM": "2:02",
    "durationFormattedMinSec": "2m 2s",
    "files": [
        {
            "progressiveDownloadURL": "https://download-a.akamaihd.net/files/media_periodical/fc/jwbcov_E_201905_07_r240P.mp4",
            "checksum": "bda40df5ea3c2e25bba42059f4a7bea2",
            "filesize": 3054193,
            "modifiedDatetime": "2020-11-26T22:42:52.000Z",
            "bitRate": 194.2135522224664,
            "duration": 122.859,
            "frameHeight": 234,
            "frameWidth": 416,
            "label": "240p",
            "frameRate": 23.833,
            "mimetype": "video/mp4",
            "subtitled": false,
            "subtitles": {
                "url": "https://download-a.akamaihd.net/files/media_periodical/4e/jwbcov_E_201905_07.vtt",
                "modifiedDatetime": "2020-02-17T14:54:36.000Z",
                "checksum": "4da1c62eec6884bd64fad7893edca29f"
            }
        },
        {
            "progressiveDownloadURL": "https://download-a.akamaihd.net/files/media_periodical/62/jwbcov_E_201905_07_r360P.mp4",
            "checksum": "4abc66ae181906e2eb36491447a97518",
            "filesize": 5313912,
            "modifiedDatetime": "2020-02-17T14:54:24.000Z",
            "bitRate": 337.9814502735444,
            "duration": 122.832,
            "frameHeight": 360,
            "frameWidth": 640,
            "label": "360p",
            "frameRate": 23.976,
            "mimetype": "video/mp4",
            "subtitled": false,
            "subtitles": {
                "url": "https://download-a.akamaihd.net/files/media_periodical/4e/jwbcov_E_201905_07.vtt",
                "modifiedDatetime": "2020-02-17T14:54:36.000Z",
                "checksum": "4da1c62eec6884bd64fad7893edca29f"
            }
        },
        {
            "progressiveDownloadURL": "https://download-a.akamaihd.net/files/media_periodical/5f/jwbcov_E_201905_07_r480P.mp4",
            "checksum": "112e1f246e52fa89cecd387924b5b45c",
            "filesize": 9430079,
            "modifiedDatetime": "2020-02-17T14:54:28.000Z",
            "bitRate": 599.7825663304351,
            "duration": 122.832,
            "frameHeight": 540,
            "frameWidth": 960,
            "label": "480p",
            "frameRate": 23.976,
            "mimetype": "video/mp4",
            "subtitled": false,
            "subtitles": {
                "url": "https://download-a.akamaihd.net/files/media_periodical/4e/jwbcov_E_201905_07.vtt",
                "modifiedDatetime": "2020-02-17T14:54:36.000Z",
                "checksum": "4da1c62eec6884bd64fad7893edca29f"
            }
        },
        {
            "progressiveDownloadURL": "https://download-a.akamaihd.net/files/media_periodical/18/jwbcov_E_201905_07_r720P.mp4",
            "checksum": "2288a405a01c8ad0ae7222b2ded514d4",
            "filesize": 15572362,
            "modifiedDatetime": "2020-02-17T14:54:32.000Z",
            "bitRate": 990.4510072700925,
            "duration": 122.832,
            "frameHeight": 720,
            "frameWidth": 1280,
            "label": "720p",
            "frameRate": 23.976,
            "mimetype": "video/mp4",
            "subtitled": false,
            "subtitles": {
                "url": "https://download-a.akamaihd.net/files/media_periodical/4e/jwbcov_E_201905_07.vtt",
                "modifiedDatetime": "2020-02-17T14:54:36.000Z",
                "checksum": "4da1c62eec6884bd64fad7893edca29f"
            }
        }
    ],
    "printReferences": [
        "jwbcov.201905-7.v",
        "jwbcov.201905-7"
    ],
    "subtitlesUrl": "https://download-a.akamaihd.net/files/media_periodical/4e/jwbcov_E_201905_07.vtt",
    "Name": "pub-jwbcov_E_201905_7_VIDEO",
    "Title": "Love Never Fails Despite . . . Chronic Health Problems",
    "UndatedReferenceTitle": "Love Never Fails Despite . . . Chronic Health Problems",
    "ShortTitle": null,
    "Category": "vod",
    "Year": 2020,
    "Symbol": "2019Convention"
}