{
    "guid": "627d1b49b685ba344171e51f",
    "languageAgnosticNaturalKey": "pub-co-r22_7_VIDEO",
    "naturalKey": "pub-co-r22_E_7_VIDEO",
    "type": "video",
    "primaryCategory": "2022Convention",
    "description": "",
    "firstPublished": "2022-07-25T13:05:49.086Z",
    "duration": 6393.174,
    "durationFormattedHHMM": "1:46:33",
    "durationFormattedMinSec": "1h 46m 33s",
    "files": [
        {
            "progressiveDownloadURL": "https://download-a.akamaihd.net/files/media_publication/9b/CO-r22_E_07_r240P.mp4",
            "checksum": "5c013a270b9eb7b56c7c19d250509ac5",
            "filesize": 63622390,
            "modifiedDatetime": "2022-07-24T16:15:23.000Z",
            "bitRate": 77.74697229811045,
            "duration": 6393.174,
            "frameHeight": 234,
            "frameWidth": 416,
            "label": "240p",
            "frameRate": 23.976,
            "mimetype": "video/mp4",
            "subtitled": false,
            "subtitles": {
                "url": "https://download-a.akamaihd.net/files/media_publication/83/CO-r22_E_07.vtt",
                "modifiedDatetime": "2022-07-24T16:14:26.000Z",
                "checksum": "6bb824bb3effda1a4dea04d080dd1ecd"
            }
        },
        {
            "progressiveDownloadURL": "https://download-a.akamaihd.net/files/media_publication/90/CO-r22_E_07_r360P.mp4",
            "checksum": "90c85c0572d46995c511b2e960a18153",
            "filesize": 257992493,
            "modifiedDatetime": "2022-07-24T16:15:13.000Z",
            "bitRate": 315.26958088318565,
            "duration": 6393.152,
            "frameHeight": 360,
            "frameWidth": 640,
            "label": "360p",
            "frameRate": 23.976,
            "mimetype": "video/mp4",
            "subtitled": false,
            "subtitles": {
                "url": "https://download-a.akamaihd.net/files/media_publication/83/CO-r22_E_07.vtt",
                "modifiedDatetime": "2022-07-24T16:14:26.000Z",
                "checksum": "6bb824bb3effda1a4dea04d080dd1ecd"
            }
        },
        {
            "progressiveDownloadURL": "https://download-a.akamaihd.net/files/media_publication/fb/CO-r22_E_07_r480P.mp4",
            "checksum": "f8effd5beda509c0112b97576d8e7725",
            "filesize": 477479714,
            "modifiedDatetime": "2022-07-24T16:15:00.000Z",
            "bitRate": 583.4853082837699,
            "duration": 6393.152,
            "frameHeight": 540,
            "frameWidth": 960,
            "label": "480p",
            "frameRate": 23.976,
            "mimetype": "video/mp4",
            "subtitled": false,
            "subtitles": {
                "url": "https://download-a.akamaihd.net/files/media_publication/83/CO-r22_E_07.vtt",
                "modifiedDatetime": "2022-07-24T16:14:26.000Z",
                "checksum": "6bb824bb3effda1a4dea04d080dd1ecd"
            }
        },
        {
            "progressiveDownloadURL": "https://download-a.akamaihd.net/files/media_publication/9c/CO-r22_E_07_r720P.mp4",
            "checksum": "61b4a164a8bbba0d9fef476d978a7dda",
            "filesize": 804682595,
            "modifiedDatetime": "2022-07-24T16:14:42.000Z",
            "bitRate": 983.3307222223873,
            "duration": 6393.152,
            "frameHeight": 720,
            "frameWidth": 1280,
            "label": "720p",
            "frameRate": 23.976,
            "mimetype": "video/mp4",
            "subtitled": false,
            "subtitles": {
                "url": "https://download-a.akamaihd.net/files/media_publication/83/CO-r22_E_07.vtt",
                "modifiedDatetime": "2022-07-24T16:14:26.000Z",
                "checksum": "6bb824bb3effda1a4dea04d080dd1ecd"
            }
        }
    ],
    "printReferences": [
        "co-r22-7.v",
        "co-r22-7"
    ],
    "subtitlesUrl": "https://download-a.akamaihd.net/files/media_publication/83/CO-r22_E_07.vtt",
    "Name": "pub-co-r22_E_7_VIDEO",
    "Title": "2022 “Pursue Peace”! Convention: Saturday Afternoon Session—Part 1",
    "UndatedReferenceTitle": "2022 “Pursue Peace”! Convention: Saturday Afternoon Session—Part 1",
    "ShortTitle": null,
    "Category": "vod",
    "Year": 2022,
    "Symbol": "2022Convention"
}