{
    "guid": "5f7cc1510ca056895eb1308a",
    "languageAgnosticNaturalKey": "pub-co-r20_116_VIDEO",
    "naturalKey": "pub-co-r20_E_116_VIDEO",
    "type": "video",
    "primaryCategory": "2020Convention",
    "description": "",
    "firstPublished": "2020-12-01T23:45:43.300Z",
    "duration": 530.448,
    "durationFormattedHHMM": "8:50",
    "durationFormattedMinSec": "8m 50s",
    "files": [
        {
            "progressiveDownloadURL": "https://download-a.akamaihd.net/files/media_publication/9f/CO-r20_E_116_r240P.mp4",
            "checksum": "20dc9c582aa397e6e93d264210395409",
            "filesize": 16940932,
            "modifiedDatetime": "2020-11-30T22:40:38.000Z",
            "bitRate": 249.50802199273068,
            "duration": 530.448,
            "frameHeight": 234,
            "frameWidth": 416,
            "label": "240p",
            "frameRate": 23.622,
            "mimetype": "video/mp4",
            "subtitled": false,
            "subtitles": {
                "url": "https://download-a.akamaihd.net/files/media_publication/b2/co-r20_E_116.vtt",
                "modifiedDatetime": "2020-11-30T22:41:02.000Z",
                "checksum": "ea3dc702f6395afb91e10ff49a1e8389"
            }
        },
        {
            "progressiveDownloadURL": "https://download-a.akamaihd.net/files/media_publication/66/CO-r20_E_116_r360P.mp4",
            "checksum": "5ccd680c7167b4f0a57a4cdd34dd3d0f",
            "filesize": 23864418,
            "modifiedDatetime": "2020-11-30T22:40:41.000Z",
            "bitRate": 351.47793115442045,
            "duration": 530.448,
            "frameHeight": 360,
            "frameWidth": 640,
            "label": "360p",
            "frameRate": 23.976,
            "mimetype": "video/mp4",
            "subtitled": false,
            "subtitles": {
                "url": "https://download-a.akamaihd.net/files/media_publication/b2/co-r20_E_116.vtt",
                "modifiedDatetime": "2020-11-30T22:41:02.000Z",
                "checksum": "ea3dc702f6395afb91e10ff49a1e8389"
            }
        },
        {
            "progressiveDownloadURL": "https://download-a.akamaihd.net/files/media_publication/a3/CO-r20_E_116_r480P.mp4",
            "checksum": "8fbb4c47e1520c3323b1175d83a74f1a",
            "filesize": 43379267,
            "modifiedDatetime": "2020-11-30T22:40:48.000Z",
            "bitRate": 638.8949028698383,
            "duration": 530.448,
            "frameHeight": 540,
            "frameWidth": 960,
            "label": "480p",
            "frameRate": 23.976,
            "mimetype": "video/mp4",
            "subtitled": false,
            "subtitles": {
                "url": "https://download-a.akamaihd.net/files/media_publication/b2/co-r20_E_116.vtt",
                "modifiedDatetime": "2020-11-30T22:41:02.000Z",
                "checksum": "ea3dc702f6395afb91e10ff49a1e8389"
            }
        },
        {
            "progressiveDownloadURL": "https://download-a.akamaihd.net/files/media_publication/62/CO-r20_E_116_r720P.mp4",
            "checksum": "7220bf1bb4c4549a331dc66fa5b1a25c",
            "filesize": 71891487,
            "modifiedDatetime": "2020-11-30T22:40:52.000Z",
            "bitRate": 1058.8262038644693,
            "duration": 530.448,
            "frameHeight": 720,
            "frameWidth": 1280,
            "label": "720p",
            "frameRate": 23.976,
            "mimetype": "video/mp4",
            "subtitled": false,
            "subtitles": {
                "url": "https://download-a.akamaihd.net/files/media_publication/b2/co-r20_E_116.vtt",
                "modifiedDatetime": "2020-11-30T22:41:02.000Z",
                "checksum": "ea3dc702f6395afb91e10ff49a1e8389"
            }
        }
    ],
    "printReferences": [
        "co-r20-116.v",
        "co-r20-116"
    ],
    "subtitlesUrl": "https://download-a.akamaihd.net/files/media_publication/b2/co-r20_E_116.vtt",
    "Name": "pub-co-r20_E_116_VIDEO",
    "Title": "Gajus Glockentin: Creation Proves That Jehovah Wants Us to Rejoice—Delightful Sounds",
    "UndatedReferenceTitle": "Gajus Glockentin: Creation Proves That Jehovah Wants Us to Rejoice—Delightful Sounds",
    "ShortTitle": null,
    "Category": "vod",
    "Year": 2020,
    "Symbol": "2020Convention"
}