{
    "guid": "5f7f5c8c0ca056895eba6c3c",
    "languageAgnosticNaturalKey": "pub-co-r20_126_VIDEO",
    "naturalKey": "pub-co-r20_E_126_VIDEO",
    "type": "video",
    "primaryCategory": "2020Convention",
    "description": "",
    "firstPublished": "2020-12-01T23:45:05.193Z",
    "duration": 780.823,
    "durationFormattedHHMM": "13:00",
    "durationFormattedMinSec": "13m 0s",
    "files": [
        {
            "progressiveDownloadURL": "https://download-a.akamaihd.net/files/media_publication/2d/CO-r20_E_126_r240P.mp4",
            "checksum": "9b3a240db5adcde2666aabf6d97c2871",
            "filesize": 18546815,
            "modifiedDatetime": "2020-11-30T22:46:20.000Z",
            "bitRate": 185.5695749068611,
            "duration": 780.823,
            "frameHeight": 234,
            "frameWidth": 416,
            "label": "240p",
            "frameRate": 23.833,
            "mimetype": "video/mp4",
            "subtitled": false,
            "subtitles": {
                "url": "https://download-a.akamaihd.net/files/media_publication/cd/co-r20_E_126.vtt",
                "modifiedDatetime": "2020-11-30T22:46:40.000Z",
                "checksum": "1f7b690445cec5ab85d9a7fa242c48da"
            }
        },
        {
            "progressiveDownloadURL": "https://download-a.akamaihd.net/files/media_publication/6e/CO-r20_E_126_r360P.mp4",
            "checksum": "78660c53475ca03cd43de18cc466ad3c",
            "filesize": 24763657,
            "modifiedDatetime": "2020-11-30T22:46:26.000Z",
            "bitRate": 247.7719922600897,
            "duration": 780.823,
            "frameHeight": 360,
            "frameWidth": 640,
            "label": "360p",
            "frameRate": 23.976,
            "mimetype": "video/mp4",
            "subtitled": false,
            "subtitles": {
                "url": "https://download-a.akamaihd.net/files/media_publication/cd/co-r20_E_126.vtt",
                "modifiedDatetime": "2020-11-30T22:46:40.000Z",
                "checksum": "1f7b690445cec5ab85d9a7fa242c48da"
            }
        },
        {
            "progressiveDownloadURL": "https://download-a.akamaihd.net/files/media_publication/ed/CO-r20_E_126_r480P.mp4",
            "checksum": "9f7f35e9ba05422604f7bfba6049ca8f",
            "filesize": 43424630,
            "modifiedDatetime": "2020-11-30T22:46:30.000Z",
            "bitRate": 434.4837714501238,
            "duration": 780.823,
            "frameHeight": 540,
            "frameWidth": 960,
            "label": "480p",
            "frameRate": 23.976,
            "mimetype": "video/mp4",
            "subtitled": false,
            "subtitles": {
                "url": "https://download-a.akamaihd.net/files/media_publication/cd/co-r20_E_126.vtt",
                "modifiedDatetime": "2020-11-30T22:46:40.000Z",
                "checksum": "1f7b690445cec5ab85d9a7fa242c48da"
            }
        },
        {
            "progressiveDownloadURL": "https://download-a.akamaihd.net/files/media_publication/f0/CO-r20_E_126_r720P.mp4",
            "checksum": "f5a8dd3ae971e5f8a980b6fcaadf0950",
            "filesize": 68938676,
            "modifiedDatetime": "2020-11-30T22:46:35.000Z",
            "bitRate": 689.7637572791785,
            "duration": 780.823,
            "frameHeight": 720,
            "frameWidth": 1280,
            "label": "720p",
            "frameRate": 23.976,
            "mimetype": "video/mp4",
            "subtitled": false,
            "subtitles": {
                "url": "https://download-a.akamaihd.net/files/media_publication/cd/co-r20_E_126.vtt",
                "modifiedDatetime": "2020-11-30T22:46:40.000Z",
                "checksum": "1f7b690445cec5ab85d9a7fa242c48da"
            }
        }
    ],
    "printReferences": [
        "co-r20-126.v",
        "co-r20-126"
    ],
    "subtitlesUrl": "https://download-a.akamaihd.net/files/media_publication/cd/co-r20_E_126.vtt",
    "Name": "pub-co-r20_E_126_VIDEO",
    "Title": "Robert Ciranko: Experience the Joy of Disciple-Making—Accept Jehovah’s Help—Research Tools",
    "UndatedReferenceTitle": "Robert Ciranko: Experience the Joy of Disciple-Making—Accept Jehovah’s Help—Research Tools",
    "ShortTitle": null,
    "Category": "vod",
    "Year": 2020,
    "Symbol": "2020Convention"
}