{
    "guid": "629e5a6e2b229f0b1c80e021",
    "languageAgnosticNaturalKey": "pub-co-r22_12_VIDEO",
    "naturalKey": "pub-co-r22_E_12_VIDEO",
    "type": "video",
    "primaryCategory": "2022Convention",
    "description": "",
    "firstPublished": "2022-08-15T14:23:40.655Z",
    "duration": 3961.195,
    "durationFormattedHHMM": "1:06:01",
    "durationFormattedMinSec": "1h 6m 1s",
    "files": [
        {
            "progressiveDownloadURL": "https://download-a.akamaihd.net/files/media_publication/84/CO-r22_E_12_r240P.mp4",
            "checksum": "ca043460bef384adbbbbf325d622d896",
            "filesize": 63666816,
            "modifiedDatetime": "2022-08-14T16:15:31.000Z",
            "bitRate": 125.56741084445476,
            "duration": 3961.195,
            "frameHeight": 234,
            "frameWidth": 416,
            "label": "240p",
            "frameRate": 23.976,
            "mimetype": "video/mp4",
            "subtitled": false,
            "subtitles": {
                "url": "https://download-a.akamaihd.net/files/media_publication/ea/CO-r22_E_12.vtt",
                "modifiedDatetime": "2022-08-14T16:14:57.000Z",
                "checksum": "5967e7c49d8e0d0cf54c1ccbe68ef758"
            }
        },
        {
            "progressiveDownloadURL": "https://download-a.akamaihd.net/files/media_publication/cd/CO-r22_E_12_r360P.mp4",
            "checksum": "c91e59e54265d94287395d75a1cc452c",
            "filesize": 148267043,
            "modifiedDatetime": "2022-08-14T16:15:25.000Z",
            "bitRate": 292.4224670356566,
            "duration": 3961.174,
            "frameHeight": 360,
            "frameWidth": 640,
            "label": "360p",
            "frameRate": 23.976,
            "mimetype": "video/mp4",
            "subtitled": false,
            "subtitles": {
                "url": "https://download-a.akamaihd.net/files/media_publication/ea/CO-r22_E_12.vtt",
                "modifiedDatetime": "2022-08-14T16:14:57.000Z",
                "checksum": "5967e7c49d8e0d0cf54c1ccbe68ef758"
            }
        },
        {
            "progressiveDownloadURL": "https://download-a.akamaihd.net/files/media_publication/1d/CO-r22_E_12_r480P.mp4",
            "checksum": "4a242589f8f6329b39ba7f82b6a8dec0",
            "filesize": 268362811,
            "modifiedDatetime": "2022-08-14T16:15:16.000Z",
            "bitRate": 529.2836065614639,
            "duration": 3961.174,
            "frameHeight": 540,
            "frameWidth": 960,
            "label": "480p",
            "frameRate": 23.976,
            "mimetype": "video/mp4",
            "subtitled": false,
            "subtitles": {
                "url": "https://download-a.akamaihd.net/files/media_publication/ea/CO-r22_E_12.vtt",
                "modifiedDatetime": "2022-08-14T16:14:57.000Z",
                "checksum": "5967e7c49d8e0d0cf54c1ccbe68ef758"
            }
        },
        {
            "progressiveDownloadURL": "https://download-a.akamaihd.net/files/media_publication/c5/CO-r22_E_12_r720P.mp4",
            "checksum": "467cb7aeddf87f9fb0791c85b3e3748d",
            "filesize": 453707889,
            "modifiedDatetime": "2022-08-14T16:15:04.000Z",
            "bitRate": 894.8339262078616,
            "duration": 3961.174,
            "frameHeight": 720,
            "frameWidth": 1280,
            "label": "720p",
            "frameRate": 23.976,
            "mimetype": "video/mp4",
            "subtitled": false,
            "subtitles": {
                "url": "https://download-a.akamaihd.net/files/media_publication/ea/CO-r22_E_12.vtt",
                "modifiedDatetime": "2022-08-14T16:14:57.000Z",
                "checksum": "5967e7c49d8e0d0cf54c1ccbe68ef758"
            }
        }
    ],
    "printReferences": [
        "co-r22-12.v",
        "co-r22-12"
    ],
    "subtitlesUrl": "https://download-a.akamaihd.net/files/media_publication/ea/CO-r22_E_12.vtt",
    "Name": "pub-co-r22_E_12_VIDEO",
    "Title": "2022 “Pursue Peace”! Convention: Sunday Afternoon Session—Part 2",
    "UndatedReferenceTitle": "2022 “Pursue Peace”! Convention: Sunday Afternoon Session—Part 2",
    "ShortTitle": null,
    "Category": "vod",
    "Year": 2022,
    "Symbol": "2022Convention"
}