{
    "guid": "6245a15ddedf1bc789fd3402",
    "languageAgnosticNaturalKey": "pub-co-r22_128_VIDEO",
    "naturalKey": "pub-co-r22_E_128_VIDEO",
    "type": "video",
    "primaryCategory": "2022Convention",
    "description": "",
    "firstPublished": "2022-07-25T13:34:54.213Z",
    "duration": 675.2,
    "durationFormattedHHMM": "11:15",
    "durationFormattedMinSec": "11m 15s",
    "files": [
        {
            "progressiveDownloadURL": "https://download-a.akamaihd.net/files/media_publication/1f/CO-r22_E_128_r240P.mp4",
            "checksum": "2e960f7878141bcffe2cfeb6ea971a48",
            "filesize": 13444177,
            "modifiedDatetime": "2022-07-25T00:38:26.000Z",
            "bitRate": 155.5578092602192,
            "duration": 675.2,
            "frameHeight": 234,
            "frameWidth": 416,
            "label": "240p",
            "frameRate": 23.976,
            "mimetype": "video/mp4",
            "subtitled": false,
            "subtitles": {
                "url": "https://download-a.akamaihd.net/files/media_publication/37/CO-r22_E_128.vtt",
                "modifiedDatetime": "2022-07-25T00:38:11.000Z",
                "checksum": "cd14e93de45e79323d6aa0656319c3d0"
            }
        },
        {
            "progressiveDownloadURL": "https://download-a.akamaihd.net/files/media_publication/49/CO-r22_E_128_r360P.mp4",
            "checksum": "ac6902561ef385591c2678a130d87c9b",
            "filesize": 25553986,
            "modifiedDatetime": "2022-07-25T00:38:24.000Z",
            "bitRate": 295.68531548670796,
            "duration": 675.179,
            "frameHeight": 360,
            "frameWidth": 640,
            "label": "360p",
            "frameRate": 23.976,
            "mimetype": "video/mp4",
            "subtitled": false,
            "subtitles": {
                "url": "https://download-a.akamaihd.net/files/media_publication/37/CO-r22_E_128.vtt",
                "modifiedDatetime": "2022-07-25T00:38:11.000Z",
                "checksum": "cd14e93de45e79323d6aa0656319c3d0"
            }
        },
        {
            "progressiveDownloadURL": "https://download-a.akamaihd.net/files/media_publication/93/CO-r22_E_128_r480P.mp4",
            "checksum": "768258129ac7bffee933484e96695c0c",
            "filesize": 45574106,
            "modifiedDatetime": "2022-07-25T00:38:21.000Z",
            "bitRate": 527.3382364158246,
            "duration": 675.179,
            "frameHeight": 540,
            "frameWidth": 960,
            "label": "480p",
            "frameRate": 23.976,
            "mimetype": "video/mp4",
            "subtitled": false,
            "subtitles": {
                "url": "https://download-a.akamaihd.net/files/media_publication/37/CO-r22_E_128.vtt",
                "modifiedDatetime": "2022-07-25T00:38:11.000Z",
                "checksum": "cd14e93de45e79323d6aa0656319c3d0"
            }
        },
        {
            "progressiveDownloadURL": "https://download-a.akamaihd.net/files/media_publication/69/CO-r22_E_128_r720P.mp4",
            "checksum": "1ada9fe9825f2069a350da62d13d3edc",
            "filesize": 74894082,
            "modifiedDatetime": "2022-07-25T00:38:16.000Z",
            "bitRate": 866.5998433378409,
            "duration": 675.179,
            "frameHeight": 720,
            "frameWidth": 1280,
            "label": "720p",
            "frameRate": 23.976,
            "mimetype": "video/mp4",
            "subtitled": false,
            "subtitles": {
                "url": "https://download-a.akamaihd.net/files/media_publication/37/CO-r22_E_128.vtt",
                "modifiedDatetime": "2022-07-25T00:38:11.000Z",
                "checksum": "cd14e93de45e79323d6aa0656319c3d0"
            }
        }
    ],
    "printReferences": [
        "co-r22-128.v",
        "co-r22-128"
    ],
    "subtitlesUrl": "https://download-a.akamaihd.net/files/media_publication/37/CO-r22_E_128.vtt",
    "Name": "pub-co-r22_E_128_VIDEO",
    "Title": "Gajus Glockentin: “Put Away” Peace Wreckers—Dishonesty",
    "UndatedReferenceTitle": "Gajus Glockentin: “Put Away” Peace Wreckers—Dishonesty",
    "ShortTitle": null,
    "Category": "vod",
    "Year": 2022,
    "Symbol": "2022Convention"
}