{
    "guid": "623dd291dedf1bc789ed818b",
    "languageAgnosticNaturalKey": "pub-co-r22_109_VIDEO",
    "naturalKey": "pub-co-r22_E_109_VIDEO",
    "type": "video",
    "primaryCategory": "2022Convention",
    "description": "",
    "firstPublished": "2022-07-04T15:26:34.192Z",
    "duration": 658.731,
    "durationFormattedHHMM": "10:58",
    "durationFormattedMinSec": "10m 58s",
    "files": [
        {
            "progressiveDownloadURL": "https://download-a.akamaihd.net/files/media_publication/e8/CO-r22_E_109_r240P.mp4",
            "checksum": "4f3e1f19f6c49f6b7e9ff42a0f491d51",
            "filesize": 14801396,
            "modifiedDatetime": "2022-07-03T22:23:04.000Z",
            "bitRate": 175.54344072162993,
            "duration": 658.731,
            "frameHeight": 234,
            "frameWidth": 416,
            "label": "240p",
            "frameRate": 23.976,
            "mimetype": "video/mp4",
            "subtitled": false,
            "subtitles": {
                "url": "https://download-a.akamaihd.net/files/media_publication/50/CO-r22_E_109.vtt",
                "modifiedDatetime": "2022-07-03T22:23:05.000Z",
                "checksum": "1e68f22ff279741bea7966467272a085"
            }
        },
        {
            "progressiveDownloadURL": "https://download-a.akamaihd.net/files/media_publication/21/CO-r22_E_109_r360P.mp4",
            "checksum": "1375454a4a2f68a3d44d01dcf09023b2",
            "filesize": 29124783,
            "modifiedDatetime": "2022-07-03T22:23:06.000Z",
            "bitRate": 345.4287428268889,
            "duration": 658.71,
            "frameHeight": 360,
            "frameWidth": 640,
            "label": "360p",
            "frameRate": 23.976,
            "mimetype": "video/mp4",
            "subtitled": false,
            "subtitles": {
                "url": "https://download-a.akamaihd.net/files/media_publication/50/CO-r22_E_109.vtt",
                "modifiedDatetime": "2022-07-03T22:23:05.000Z",
                "checksum": "1e68f22ff279741bea7966467272a085"
            }
        },
        {
            "progressiveDownloadURL": "https://download-a.akamaihd.net/files/media_publication/3d/CO-r22_E_109_r480P.mp4",
            "checksum": "675a2d8b35c101c3d4cdbb7d8e238902",
            "filesize": 55289918,
            "modifiedDatetime": "2022-07-03T22:22:59.000Z",
            "bitRate": 655.7551644502132,
            "duration": 658.71,
            "frameHeight": 540,
            "frameWidth": 960,
            "label": "480p",
            "frameRate": 23.976,
            "mimetype": "video/mp4",
            "subtitled": false,
            "subtitles": {
                "url": "https://download-a.akamaihd.net/files/media_publication/50/CO-r22_E_109.vtt",
                "modifiedDatetime": "2022-07-03T22:23:05.000Z",
                "checksum": "1e68f22ff279741bea7966467272a085"
            }
        },
        {
            "progressiveDownloadURL": "https://download-a.akamaihd.net/files/media_publication/33/CO-r22_E_109_r720P.mp4",
            "checksum": "77803f252ece9e67bf99c01d8c029354",
            "filesize": 106620301,
            "modifiedDatetime": "2022-07-03T22:22:56.000Z",
            "bitRate": 1264.5490451981902,
            "duration": 658.71,
            "frameHeight": 720,
            "frameWidth": 1280,
            "label": "720p",
            "frameRate": 23.976,
            "mimetype": "video/mp4",
            "subtitled": false,
            "subtitles": {
                "url": "https://download-a.akamaihd.net/files/media_publication/50/CO-r22_E_109.vtt",
                "modifiedDatetime": "2022-07-03T22:23:05.000Z",
                "checksum": "1e68f22ff279741bea7966467272a085"
            }
        }
    ],
    "printReferences": [
        "co-r22-109.v",
        "co-r22-109"
    ],
    "subtitlesUrl": "https://download-a.akamaihd.net/files/media_publication/50/CO-r22_E_109.vtt",
    "Name": "pub-co-r22_E_109_VIDEO",
    "Title": "Leonard Myers: Take Delight in God’s Promises of Peace—“The Wolf and the Lamb Will Feed Together”",
    "UndatedReferenceTitle": "Leonard Myers: Take Delight in God’s Promises of Peace—“The Wolf and the Lamb Will Feed Together”",
    "ShortTitle": null,
    "Category": "vod",
    "Year": 2022,
    "Symbol": "2022Convention"
}