{
    "guid": "6081d19c0524ac0a0a1a6d1c",
    "languageAgnosticNaturalKey": "pub-co-r21_110_VIDEO",
    "naturalKey": "pub-co-r21_E_110_VIDEO",
    "type": "video",
    "primaryCategory": "2021Convention",
    "description": "",
    "firstPublished": "2021-09-13T16:51:26.238Z",
    "duration": 547.072,
    "durationFormattedHHMM": "9:07",
    "durationFormattedMinSec": "9m 7s",
    "files": [
        {
            "progressiveDownloadURL": "https://download-a.akamaihd.net/files/media_publication/26/CO-r21_E_110_r240P.mp4",
            "checksum": "1304f2ef974a88d80f8bebd670885a41",
            "filesize": 15679764,
            "modifiedDatetime": "2021-11-10T13:46:15.000Z",
            "bitRate": 223.91596764228476,
            "duration": 547.072,
            "frameHeight": 234,
            "frameWidth": 416,
            "label": "240p",
            "frameRate": 23.576,
            "mimetype": "video/mp4",
            "subtitled": false,
            "subtitles": {
                "url": "https://download-a.akamaihd.net/files/media_publication/39/co-r21_E_110.vtt",
                "modifiedDatetime": "2021-09-11T05:00:54.000Z",
                "checksum": "9d0121af5dd35c87246c89eba5c526be"
            }
        },
        {
            "progressiveDownloadURL": "https://download-a.akamaihd.net/files/media_publication/c2/CO-r21_E_110_r360P.mp4",
            "checksum": "fa945dc9b2c89568d637804b27c01358",
            "filesize": 30287002,
            "modifiedDatetime": "2021-11-10T13:46:19.000Z",
            "bitRate": 432.5346279028531,
            "duration": 547.048,
            "frameHeight": 360,
            "frameWidth": 640,
            "label": "360p",
            "frameRate": 23.976,
            "mimetype": "video/mp4",
            "subtitled": false,
            "subtitles": {
                "url": "https://download-a.akamaihd.net/files/media_publication/39/co-r21_E_110.vtt",
                "modifiedDatetime": "2021-09-11T05:00:54.000Z",
                "checksum": "9d0121af5dd35c87246c89eba5c526be"
            }
        },
        {
            "progressiveDownloadURL": "https://download-a.akamaihd.net/files/media_publication/e8/CO-r21_E_110_r480P.mp4",
            "checksum": "f1c46eee226b2770836dab3e3a6d19c3",
            "filesize": 57311373,
            "modifiedDatetime": "2021-11-10T13:46:22.000Z",
            "bitRate": 818.4749812859201,
            "duration": 547.048,
            "frameHeight": 540,
            "frameWidth": 960,
            "label": "480p",
            "frameRate": 23.976,
            "mimetype": "video/mp4",
            "subtitled": false,
            "subtitles": {
                "url": "https://download-a.akamaihd.net/files/media_publication/39/co-r21_E_110.vtt",
                "modifiedDatetime": "2021-09-11T05:00:54.000Z",
                "checksum": "9d0121af5dd35c87246c89eba5c526be"
            }
        },
        {
            "progressiveDownloadURL": "https://download-a.akamaihd.net/files/media_publication/86/CO-r21_E_110_r720P.mp4",
            "checksum": "acecc71fb04ccc983f357640c96a549c",
            "filesize": 99317215,
            "modifiedDatetime": "2021-11-10T13:46:28.000Z",
            "bitRate": 1418.3686663464632,
            "duration": 547.048,
            "frameHeight": 720,
            "frameWidth": 1280,
            "label": "720p",
            "frameRate": 23.976,
            "mimetype": "video/mp4",
            "subtitled": false,
            "subtitles": {
                "url": "https://download-a.akamaihd.net/files/media_publication/39/co-r21_E_110.vtt",
                "modifiedDatetime": "2021-09-11T05:00:54.000Z",
                "checksum": "9d0121af5dd35c87246c89eba5c526be"
            }
        }
    ],
    "printReferences": [
        "co-r21-110.v",
        "co-r21-110"
    ],
    "subtitlesUrl": "https://download-a.akamaihd.net/files/media_publication/39/co-r21_E_110.vtt",
    "Name": "pub-co-r21_E_110_VIDEO",
    "Title": "James Mantz: Use Creation to Build Your Faith—Forests",
    "UndatedReferenceTitle": "James Mantz: Use Creation to Build Your Faith—Forests",
    "ShortTitle": null,
    "Category": "vod",
    "Year": 2021,
    "Symbol": "2021Convention"
}