{
    "guid": "60b4e1dcb9f9166228d3bdf9",
    "languageAgnosticNaturalKey": "pub-co-r21_6_VIDEO",
    "naturalKey": "pub-co-r21_E_6_VIDEO",
    "type": "video",
    "primaryCategory": "2021Convention",
    "description": "",
    "firstPublished": "2021-07-19T13:22:33.030Z",
    "duration": 4730.39,
    "durationFormattedHHMM": "1:18:50",
    "durationFormattedMinSec": "1h 18m 50s",
    "files": [
        {
            "progressiveDownloadURL": "https://download-a.akamaihd.net/files/media_publication/de/CO-r21_E_06_r240P.mp4",
            "checksum": "4548693a90fc4daec1b32208c23a3619",
            "filesize": 64255310,
            "modifiedDatetime": "2021-07-19T03:51:26.000Z",
            "bitRate": 106.12118860707045,
            "duration": 4730.39,
            "frameHeight": 234,
            "frameWidth": 416,
            "label": "240p",
            "frameRate": 23.976,
            "mimetype": "video/mp4",
            "subtitled": false,
            "subtitles": {
                "url": "https://download-a.akamaihd.net/files/media_publication/6c/co-r21_E_06.vtt",
                "modifiedDatetime": "2021-07-19T03:50:59.000Z",
                "checksum": "532c180c3291571ff0e16937d3cd3e00"
            }
        },
        {
            "progressiveDownloadURL": "https://download-a.akamaihd.net/files/media_publication/84/CO-r21_E_06_r360P.mp4",
            "checksum": "67b5a57394ca9a68dd4c95cb6f982873",
            "filesize": 161892200,
            "modifiedDatetime": "2021-07-19T03:51:19.000Z",
            "bitRate": 267.3760456938511,
            "duration": 4730.352,
            "frameHeight": 360,
            "frameWidth": 640,
            "label": "360p",
            "frameRate": 23.976,
            "mimetype": "video/mp4",
            "subtitled": false,
            "subtitles": {
                "url": "https://download-a.akamaihd.net/files/media_publication/6c/co-r21_E_06.vtt",
                "modifiedDatetime": "2021-07-19T03:50:59.000Z",
                "checksum": "532c180c3291571ff0e16937d3cd3e00"
            }
        },
        {
            "progressiveDownloadURL": "https://download-a.akamaihd.net/files/media_publication/3f/CO-r21_E_06_r480P.mp4",
            "checksum": "9d427030d51e346a91cf4249b2218d21",
            "filesize": 284865622,
            "modifiedDatetime": "2021-07-19T03:51:12.000Z",
            "bitRate": 470.47506652253367,
            "duration": 4730.352,
            "frameHeight": 540,
            "frameWidth": 960,
            "label": "480p",
            "frameRate": 23.976,
            "mimetype": "video/mp4",
            "subtitled": false,
            "subtitles": {
                "url": "https://download-a.akamaihd.net/files/media_publication/6c/co-r21_E_06.vtt",
                "modifiedDatetime": "2021-07-19T03:50:59.000Z",
                "checksum": "532c180c3291571ff0e16937d3cd3e00"
            }
        },
        {
            "progressiveDownloadURL": "https://download-a.akamaihd.net/files/media_publication/27/CO-r21_E_06_r720P.mp4",
            "checksum": "c3de70c695cc0fec9784086fb59da8c9",
            "filesize": 465072301,
            "modifiedDatetime": "2021-07-19T03:51:03.000Z",
            "bitRate": 768.0987274440677,
            "duration": 4730.352,
            "frameHeight": 720,
            "frameWidth": 1280,
            "label": "720p",
            "frameRate": 23.976,
            "mimetype": "video/mp4",
            "subtitled": false,
            "subtitles": {
                "url": "https://download-a.akamaihd.net/files/media_publication/6c/co-r21_E_06.vtt",
                "modifiedDatetime": "2021-07-19T03:50:59.000Z",
                "checksum": "532c180c3291571ff0e16937d3cd3e00"
            }
        }
    ],
    "printReferences": [
        "co-r21-6.v",
        "co-r21-6"
    ],
    "subtitlesUrl": "https://download-a.akamaihd.net/files/media_publication/6c/co-r21_E_06.vtt",
    "Name": "pub-co-r21_E_6_VIDEO",
    "Title": "2021 Powerful by Faith! Convention: Saturday Morning Session—Part 2",
    "UndatedReferenceTitle": "2021 Powerful by Faith! Convention: Saturday Morning Session—Part 2",
    "ShortTitle": null,
    "Category": "vod",
    "Year": 2021,
    "Symbol": "2021Convention"
}