{
    "guid": "5f7c7dfa0ca056895eaff4d6",
    "languageAgnosticNaturalKey": "pub-co-r20_103_VIDEO",
    "naturalKey": "pub-co-r20_E_103_VIDEO",
    "type": "video",
    "primaryCategory": "2020Convention",
    "description": "",
    "firstPublished": "2020-12-01T23:46:24.222Z",
    "duration": 642.226,
    "durationFormattedHHMM": "10:42",
    "durationFormattedMinSec": "10m 42s",
    "files": [
        {
            "progressiveDownloadURL": "https://download-a.akamaihd.net/files/media_publication/2d/CO-r20_E_103_r240P.mp4",
            "checksum": "480fb7162c2e10514bcaf6d56f7c3af8",
            "filesize": 17226254,
            "modifiedDatetime": "2020-11-29T12:48:43.000Z",
            "bitRate": 209.55257086290496,
            "duration": 642.226,
            "frameHeight": 234,
            "frameWidth": 416,
            "label": "240p",
            "frameRate": 23.881,
            "mimetype": "video/mp4",
            "subtitled": false,
            "subtitles": {
                "url": "https://download-a.akamaihd.net/files/media_publication/85/co-r20_E_103.vtt",
                "modifiedDatetime": "2020-11-29T12:48:57.000Z",
                "checksum": "caefa3c768985b11538ea0e8730d8a4d"
            }
        },
        {
            "progressiveDownloadURL": "https://download-a.akamaihd.net/files/media_publication/07/CO-r20_E_103_r360P.mp4",
            "checksum": "387363b38219789cc91629d11e6317ef",
            "filesize": 23226698,
            "modifiedDatetime": "2020-11-29T12:48:45.000Z",
            "bitRate": 282.546296981125,
            "duration": 642.226,
            "frameHeight": 360,
            "frameWidth": 640,
            "label": "360p",
            "frameRate": 23.976,
            "mimetype": "video/mp4",
            "subtitled": false,
            "subtitles": {
                "url": "https://download-a.akamaihd.net/files/media_publication/85/co-r20_E_103.vtt",
                "modifiedDatetime": "2020-11-29T12:48:57.000Z",
                "checksum": "caefa3c768985b11538ea0e8730d8a4d"
            }
        },
        {
            "progressiveDownloadURL": "https://download-a.akamaihd.net/files/media_publication/57/CO-r20_E_103_r480P.mp4",
            "checksum": "317b7bf61bba1c4b86f79d1f188a5228",
            "filesize": 40614634,
            "modifiedDatetime": "2020-11-29T12:48:48.000Z",
            "bitRate": 494.06568423732455,
            "duration": 642.226,
            "frameHeight": 540,
            "frameWidth": 960,
            "label": "480p",
            "frameRate": 23.976,
            "mimetype": "video/mp4",
            "subtitled": false,
            "subtitles": {
                "url": "https://download-a.akamaihd.net/files/media_publication/85/co-r20_E_103.vtt",
                "modifiedDatetime": "2020-11-29T12:48:57.000Z",
                "checksum": "caefa3c768985b11538ea0e8730d8a4d"
            }
        },
        {
            "progressiveDownloadURL": "https://download-a.akamaihd.net/files/media_publication/40/CO-r20_E_103_r720P.mp4",
            "checksum": "a687c79c5f83aefeddd478441dfb203d",
            "filesize": 64891670,
            "modifiedDatetime": "2020-11-29T12:48:51.000Z",
            "bitRate": 789.3890497659702,
            "duration": 642.226,
            "frameHeight": 720,
            "frameWidth": 1280,
            "label": "720p",
            "frameRate": 23.976,
            "mimetype": "video/mp4",
            "subtitled": false,
            "subtitles": {
                "url": "https://download-a.akamaihd.net/files/media_publication/85/co-r20_E_103.vtt",
                "modifiedDatetime": "2020-11-29T12:48:57.000Z",
                "checksum": "caefa3c768985b11538ea0e8730d8a4d"
            }
        }
    ],
    "printReferences": [
        "co-r20-103.v",
        "co-r20-103"
    ],
    "subtitlesUrl": "https://download-a.akamaihd.net/files/media_publication/85/co-r20_E_103.vtt",
    "Name": "pub-co-r20_E_103_VIDEO",
    "Title": "Robert Ciranko: What Contributes to Joy?—A Clean Conscience",
    "UndatedReferenceTitle": "Robert Ciranko: What Contributes to Joy?—A Clean Conscience",
    "ShortTitle": null,
    "Category": "vod",
    "Year": 2020,
    "Symbol": "2020Convention"
}