{
    "guid": "5f7cc1130ca056895eb1302d",
    "languageAgnosticNaturalKey": "pub-co-r20_115_VIDEO",
    "naturalKey": "pub-co-r20_E_115_VIDEO",
    "type": "video",
    "primaryCategory": "2020Convention",
    "description": "",
    "firstPublished": "2020-12-01T23:45:46.349Z",
    "duration": 622.498,
    "durationFormattedHHMM": "10:22",
    "durationFormattedMinSec": "10m 22s",
    "files": [
        {
            "progressiveDownloadURL": "https://download-a.akamaihd.net/files/media_publication/73/CO-r20_E_115_r240P.mp4",
            "checksum": "d296be06c52dfd4e63f7f97528216bfe",
            "filesize": 20400176,
            "modifiedDatetime": "2020-11-30T22:40:03.000Z",
            "bitRate": 256.02712779800095,
            "duration": 622.498,
            "frameHeight": 234,
            "frameWidth": 416,
            "label": "240p",
            "frameRate": 23.46,
            "mimetype": "video/mp4",
            "subtitled": false,
            "subtitles": {
                "url": "https://download-a.akamaihd.net/files/media_publication/5b/co-r20_E_115.vtt",
                "modifiedDatetime": "2020-11-30T22:40:32.000Z",
                "checksum": "e774024b901c58162fafb3f31b948cba"
            }
        },
        {
            "progressiveDownloadURL": "https://download-a.akamaihd.net/files/media_publication/2e/CO-r20_E_115_r360P.mp4",
            "checksum": "7158470f9bf1aae8bd04ee54da4bae40",
            "filesize": 30290323,
            "modifiedDatetime": "2020-11-30T22:40:08.000Z",
            "bitRate": 380.15085741239324,
            "duration": 622.498,
            "frameHeight": 360,
            "frameWidth": 640,
            "label": "360p",
            "frameRate": 23.976,
            "mimetype": "video/mp4",
            "subtitled": false,
            "subtitles": {
                "url": "https://download-a.akamaihd.net/files/media_publication/5b/co-r20_E_115.vtt",
                "modifiedDatetime": "2020-11-30T22:40:32.000Z",
                "checksum": "e774024b901c58162fafb3f31b948cba"
            }
        },
        {
            "progressiveDownloadURL": "https://download-a.akamaihd.net/files/media_publication/8c/CO-r20_E_115_r480P.mp4",
            "checksum": "073e879eab95e8fc92e9140e0a435731",
            "filesize": 55943005,
            "modifiedDatetime": "2020-11-30T22:40:10.000Z",
            "bitRate": 702.0982020223357,
            "duration": 622.498,
            "frameHeight": 540,
            "frameWidth": 960,
            "label": "480p",
            "frameRate": 23.976,
            "mimetype": "video/mp4",
            "subtitled": false,
            "subtitles": {
                "url": "https://download-a.akamaihd.net/files/media_publication/5b/co-r20_E_115.vtt",
                "modifiedDatetime": "2020-11-30T22:40:32.000Z",
                "checksum": "e774024b901c58162fafb3f31b948cba"
            }
        },
        {
            "progressiveDownloadURL": "https://download-a.akamaihd.net/files/media_publication/f8/CO-r20_E_115_r720P.mp4",
            "checksum": "04dffbaab4adb122a4581001c5bcc67a",
            "filesize": 94924960,
            "modifiedDatetime": "2020-11-30T22:40:16.000Z",
            "bitRate": 1191.331136806865,
            "duration": 622.498,
            "frameHeight": 720,
            "frameWidth": 1280,
            "label": "720p",
            "frameRate": 23.976,
            "mimetype": "video/mp4",
            "subtitled": false,
            "subtitles": {
                "url": "https://download-a.akamaihd.net/files/media_publication/5b/co-r20_E_115.vtt",
                "modifiedDatetime": "2020-11-30T22:40:32.000Z",
                "checksum": "e774024b901c58162fafb3f31b948cba"
            }
        }
    ],
    "printReferences": [
        "co-r20-115.v",
        "co-r20-115"
    ],
    "subtitlesUrl": "https://download-a.akamaihd.net/files/media_publication/5b/co-r20_E_115.vtt",
    "Name": "pub-co-r20_E_115_VIDEO",
    "Title": "Robert Luccioni: Creation Proves That Jehovah Wants Us to Rejoice—Our Well-Designed Bodies",
    "UndatedReferenceTitle": "Robert Luccioni: Creation Proves That Jehovah Wants Us to Rejoice—Our Well-Designed Bodies",
    "ShortTitle": null,
    "Category": "vod",
    "Year": 2020,
    "Symbol": "2020Convention"
}