{
    "guid": "5fb2d9ef3082cd7468f8802e",
    "languageAgnosticNaturalKey": "pub-jwbcov20_36_VIDEO",
    "naturalKey": "pub-jwbcov20_E_36_VIDEO",
    "type": "video",
    "primaryCategory": "2020Convention",
    "description": "",
    "firstPublished": "2020-11-26T18:49:13.506Z",
    "duration": 166.272,
    "durationFormattedHHMM": "2:46",
    "durationFormattedMinSec": "2m 46s",
    "files": [
        {
            "progressiveDownloadURL": "https://download-a.akamaihd.net/files/media_publication/e0/jwbcov20_E_36_r240P.mp4",
            "checksum": "2feeffec8b95325da987dbc5e82241e1",
            "filesize": 2492264,
            "modifiedDatetime": "2020-11-26T18:22:09.000Z",
            "bitRate": 117.10217294553503,
            "duration": 166.272,
            "frameHeight": 234,
            "frameWidth": 416,
            "label": "240p",
            "frameRate": 23.881,
            "mimetype": "video/mp4",
            "subtitled": false,
            "subtitles": {
                "url": "https://download-a.akamaihd.net/files/media_publication/a7/jwbcov20_E_36.vtt",
                "modifiedDatetime": "2020-11-26T18:22:17.000Z",
                "checksum": "bcc7bc09392ac321cd655d17874e1b16"
            }
        },
        {
            "progressiveDownloadURL": "https://download-a.akamaihd.net/files/media_publication/4e/jwbcov20_E_36_r360P.mp4",
            "checksum": "b2fc609d3e126fe677cc8e2744bbe3d8",
            "filesize": 4580585,
            "modifiedDatetime": "2020-11-26T18:22:10.000Z",
            "bitRate": 215.25175976385103,
            "duration": 166.251,
            "frameHeight": 360,
            "frameWidth": 640,
            "label": "360p",
            "frameRate": 23.976,
            "mimetype": "video/mp4",
            "subtitled": false,
            "subtitles": {
                "url": "https://download-a.akamaihd.net/files/media_publication/a7/jwbcov20_E_36.vtt",
                "modifiedDatetime": "2020-11-26T18:22:17.000Z",
                "checksum": "bcc7bc09392ac321cd655d17874e1b16"
            }
        },
        {
            "progressiveDownloadURL": "https://download-a.akamaihd.net/files/media_publication/41/jwbcov20_E_36_r480P.mp4",
            "checksum": "7bc0f5898aa884e23647107dc1427e0b",
            "filesize": 7358861,
            "modifiedDatetime": "2020-11-26T18:22:12.000Z",
            "bitRate": 345.8090571635659,
            "duration": 166.251,
            "frameHeight": 540,
            "frameWidth": 960,
            "label": "480p",
            "frameRate": 23.976,
            "mimetype": "video/mp4",
            "subtitled": false,
            "subtitles": {
                "url": "https://download-a.akamaihd.net/files/media_publication/a7/jwbcov20_E_36.vtt",
                "modifiedDatetime": "2020-11-26T18:22:17.000Z",
                "checksum": "bcc7bc09392ac321cd655d17874e1b16"
            }
        },
        {
            "progressiveDownloadURL": "https://download-a.akamaihd.net/files/media_publication/c2/jwbcov20_E_36_r720P.mp4",
            "checksum": "64a88f1397ffbbe54242c7cf1d631143",
            "filesize": 10385081,
            "modifiedDatetime": "2020-11-26T18:22:15.000Z",
            "bitRate": 488.0177882388677,
            "duration": 166.251,
            "frameHeight": 720,
            "frameWidth": 1280,
            "label": "720p",
            "frameRate": 23.976,
            "mimetype": "video/mp4",
            "subtitled": false,
            "subtitles": {
                "url": "https://download-a.akamaihd.net/files/media_publication/a7/jwbcov20_E_36.vtt",
                "modifiedDatetime": "2020-11-26T18:22:17.000Z",
                "checksum": "bcc7bc09392ac321cd655d17874e1b16"
            }
        }
    ],
    "printReferences": [
        "jwbcov20-36.v",
        "jwbcov20-36"
    ],
    "subtitlesUrl": "https://download-a.akamaihd.net/files/media_publication/a7/jwbcov20_E_36.vtt",
    "Name": "pub-jwbcov20_E_36_VIDEO",
    "Title": "Experience the Joy of Disciple-Making—Accept Jehovah’s Help—Research Tools",
    "UndatedReferenceTitle": "Experience the Joy of Disciple-Making—Accept Jehovah’s Help—Research Tools",
    "ShortTitle": null,
    "Category": "vod",
    "Year": 2020,
    "Symbol": "2020Convention"
}