{
    "guid": "60b0e244b9f9166228ce2076",
    "languageAgnosticNaturalKey": "pub-co-r21_4_VIDEO",
    "naturalKey": "pub-co-r21_E_4_VIDEO",
    "type": "video",
    "primaryCategory": "2021Convention",
    "description": "",
    "firstPublished": "2021-07-05T14:53:04.496Z",
    "duration": 7007.488,
    "durationFormattedHHMM": "1:56:47",
    "durationFormattedMinSec": "1h 56m 47s",
    "files": [
        {
            "progressiveDownloadURL": "https://download-a.akamaihd.net/files/media_publication/a3/CO-r21_E_04_r240P.mp4",
            "checksum": "092f313f9a80af05f09f36374787dc06",
            "filesize": 64608624,
            "modifiedDatetime": "2021-07-05T03:05:54.000Z",
            "bitRate": 72.0307869239305,
            "duration": 7007.488,
            "frameHeight": 234,
            "frameWidth": 416,
            "label": "240p",
            "frameRate": 23.976,
            "mimetype": "video/mp4",
            "subtitled": false,
            "subtitles": {
                "url": "https://download-a.akamaihd.net/files/media_publication/fc/co-r21_E_04.vtt",
                "modifiedDatetime": "2021-07-05T03:05:17.000Z",
                "checksum": "246103e52c62d8c19e04927145fee9c8"
            }
        },
        {
            "progressiveDownloadURL": "https://download-a.akamaihd.net/files/media_publication/99/CO-r21_E_04_r360P.mp4",
            "checksum": "0a8b27b4fa3753507e89a05d7d4427ec",
            "filesize": 239269073,
            "modifiedDatetime": "2021-07-05T03:05:48.000Z",
            "bitRate": 266.75708927521526,
            "duration": 7007.46,
            "frameHeight": 360,
            "frameWidth": 640,
            "label": "360p",
            "frameRate": 23.976,
            "mimetype": "video/mp4",
            "subtitled": false,
            "subtitles": {
                "url": "https://download-a.akamaihd.net/files/media_publication/fc/co-r21_E_04.vtt",
                "modifiedDatetime": "2021-07-05T03:05:17.000Z",
                "checksum": "246103e52c62d8c19e04927145fee9c8"
            }
        },
        {
            "progressiveDownloadURL": "https://download-a.akamaihd.net/files/media_publication/ef/CO-r21_E_04_r480P.mp4",
            "checksum": "59ad2b8951d84785b0e0d474399b578a",
            "filesize": 424410425,
            "modifiedDatetime": "2021-07-05T03:05:38.000Z",
            "bitRate": 473.16808734013466,
            "duration": 7007.46,
            "frameHeight": 540,
            "frameWidth": 960,
            "label": "480p",
            "frameRate": 23.976,
            "mimetype": "video/mp4",
            "subtitled": false,
            "subtitles": {
                "url": "https://download-a.akamaihd.net/files/media_publication/fc/co-r21_E_04.vtt",
                "modifiedDatetime": "2021-07-05T03:05:17.000Z",
                "checksum": "246103e52c62d8c19e04927145fee9c8"
            }
        },
        {
            "progressiveDownloadURL": "https://download-a.akamaihd.net/files/media_publication/91/CO-r21_E_04_r720P.mp4",
            "checksum": "ca2db8c14c2d49ff26b024359d702830",
            "filesize": 692780503,
            "modifiedDatetime": "2021-07-05T03:05:25.000Z",
            "bitRate": 772.3694005656115,
            "duration": 7007.46,
            "frameHeight": 720,
            "frameWidth": 1280,
            "label": "720p",
            "frameRate": 23.976,
            "mimetype": "video/mp4",
            "subtitled": false,
            "subtitles": {
                "url": "https://download-a.akamaihd.net/files/media_publication/fc/co-r21_E_04.vtt",
                "modifiedDatetime": "2021-07-05T03:05:17.000Z",
                "checksum": "246103e52c62d8c19e04927145fee9c8"
            }
        }
    ],
    "printReferences": [
        "co-r21-4.v",
        "co-r21-4"
    ],
    "subtitlesUrl": "https://download-a.akamaihd.net/files/media_publication/fc/co-r21_E_04.vtt",
    "Name": "pub-co-r21_E_4_VIDEO",
    "Title": "2021 Powerful by Faith! Convention: Friday Afternoon Session—Part 2",
    "UndatedReferenceTitle": "2021 Powerful by Faith! Convention: Friday Afternoon Session—Part 2",
    "ShortTitle": null,
    "Category": "vod",
    "Year": 2021,
    "Symbol": "2021Convention"
}