{
    "guid": "60b81c59b9f9166228db93c2",
    "languageAgnosticNaturalKey": "pub-co-r21_149_VIDEO",
    "naturalKey": "pub-co-r21_E_149_VIDEO",
    "type": "video",
    "primaryCategory": "2021Convention",
    "description": "",
    "firstPublished": "2021-09-13T16:28:46.414Z",
    "duration": 3884.288,
    "durationFormattedHHMM": "1:04:44",
    "durationFormattedMinSec": "1h 4m 44s",
    "files": [
        {
            "progressiveDownloadURL": "https://download-a.akamaihd.net/files/media_publication/11/CO-r21_E_149_r240P.mp4",
            "checksum": "13834393518e74bd0628c5944ebfaa93",
            "filesize": 64389492,
            "modifiedDatetime": "2021-09-11T04:48:07.000Z",
            "bitRate": 129.5071081881673,
            "duration": 3884.288,
            "frameHeight": 234,
            "frameWidth": 416,
            "label": "240p",
            "frameRate": 23.976,
            "mimetype": "video/mp4",
            "subtitled": false,
            "subtitles": {
                "url": "https://download-a.akamaihd.net/files/media_publication/6f/co-r21_E_149.vtt",
                "modifiedDatetime": "2021-09-11T04:48:47.000Z",
                "checksum": "37a626523e1fb8efddca75c54abfe198"
            }
        },
        {
            "progressiveDownloadURL": "https://download-a.akamaihd.net/files/media_publication/b7/CO-r21_E_149_r360P.mp4",
            "checksum": "ba6643a35de3070e38bbdc66bdaaa72a",
            "filesize": 145260431,
            "modifiedDatetime": "2021-09-11T04:48:38.000Z",
            "bitRate": 292.16581631635086,
            "duration": 3884.257,
            "frameHeight": 360,
            "frameWidth": 640,
            "label": "360p",
            "frameRate": 23.976,
            "mimetype": "video/mp4",
            "subtitled": false,
            "subtitles": {
                "url": "https://download-a.akamaihd.net/files/media_publication/6f/co-r21_E_149.vtt",
                "modifiedDatetime": "2021-09-11T04:48:47.000Z",
                "checksum": "37a626523e1fb8efddca75c54abfe198"
            }
        },
        {
            "progressiveDownloadURL": "https://download-a.akamaihd.net/files/media_publication/6f/CO-r21_E_149_r480P.mp4",
            "checksum": "6d6393590c7d48a145a1e5ef22d52ffa",
            "filesize": 268751746,
            "modifiedDatetime": "2021-09-11T04:48:30.000Z",
            "bitRate": 540.5468833872218,
            "duration": 3884.257,
            "frameHeight": 540,
            "frameWidth": 960,
            "label": "480p",
            "frameRate": 23.976,
            "mimetype": "video/mp4",
            "subtitled": false,
            "subtitles": {
                "url": "https://download-a.akamaihd.net/files/media_publication/6f/co-r21_E_149.vtt",
                "modifiedDatetime": "2021-09-11T04:48:47.000Z",
                "checksum": "37a626523e1fb8efddca75c54abfe198"
            }
        },
        {
            "progressiveDownloadURL": "https://download-a.akamaihd.net/files/media_publication/af/CO-r21_E_149_r720P.mp4",
            "checksum": "af98bd2f5fbb89c533a969b9426940d0",
            "filesize": 450334469,
            "modifiedDatetime": "2021-09-11T04:48:16.000Z",
            "bitRate": 905.7686036383535,
            "duration": 3884.257,
            "frameHeight": 720,
            "frameWidth": 1280,
            "label": "720p",
            "frameRate": 23.976,
            "mimetype": "video/mp4",
            "subtitled": false,
            "subtitles": {
                "url": "https://download-a.akamaihd.net/files/media_publication/6f/co-r21_E_149.vtt",
                "modifiedDatetime": "2021-09-11T04:48:47.000Z",
                "checksum": "37a626523e1fb8efddca75c54abfe198"
            }
        }
    ],
    "printReferences": [
        "co-r21-149.v",
        "co-r21-149"
    ],
    "subtitlesUrl": "https://download-a.akamaihd.net/files/media_publication/6f/co-r21_E_149.vtt",
    "Name": "pub-co-r21_E_149_VIDEO",
    "Title": "M. Stephen Lett: Become Powerful by Your Faith!",
    "UndatedReferenceTitle": "M. Stephen Lett: Become Powerful by Your Faith!",
    "ShortTitle": null,
    "Category": "vod",
    "Year": 2021,
    "Symbol": "2021Convention"
}