{
    "guid": "60b81c59b9f9166228db93c2",
    "languageAgnosticNaturalKey": "pub-co-r21_149_VIDEO",
    "naturalKey": "pub-co-r21_E_149_VIDEO",
    "type": "video",
    "primaryCategory": "2021Convention",
    "description": "",
    "firstPublished": "2021-09-13T16:28:46.414Z",
    "duration": 3884.352,
    "durationFormattedHHMM": "1:04:44",
    "durationFormattedMinSec": "1h 4m 44s",
    "files": [
        {
            "progressiveDownloadURL": "https://download-a.akamaihd.net/files/media_publication/11/CO-r21_E_149_r240P.mp4",
            "checksum": "e86817e21e2c52c180055569ecaa445e",
            "filesize": 67546601,
            "modifiedDatetime": "2022-09-13T15:08:11.000Z",
            "bitRate": 135.85478872988338,
            "duration": 3884.352,
            "frameHeight": 234,
            "frameWidth": 416,
            "label": "240p",
            "frameRate": 23.976,
            "mimetype": "video/mp4",
            "subtitled": false,
            "subtitles": {
                "url": "https://download-a.akamaihd.net/files/media_publication/6f/co-r21_E_149.vtt",
                "modifiedDatetime": "2022-09-13T15:07:59.000Z",
                "checksum": "37a626523e1fb8efddca75c54abfe198"
            }
        },
        {
            "progressiveDownloadURL": "https://download-a.akamaihd.net/files/media_publication/b7/CO-r21_E_149_r360P.mp4",
            "checksum": "35be0617a0d70da554d617ba5430a4a8",
            "filesize": 154446294,
            "modifiedDatetime": "2022-09-13T15:08:22.000Z",
            "bitRate": 310.63396722928303,
            "duration": 3884.352,
            "frameHeight": 360,
            "frameWidth": 640,
            "label": "360p",
            "frameRate": 23.976,
            "mimetype": "video/mp4",
            "subtitled": false,
            "subtitles": {
                "url": "https://download-a.akamaihd.net/files/media_publication/6f/co-r21_E_149.vtt",
                "modifiedDatetime": "2022-09-13T15:07:59.000Z",
                "checksum": "37a626523e1fb8efddca75c54abfe198"
            }
        },
        {
            "progressiveDownloadURL": "https://download-a.akamaihd.net/files/media_publication/6f/CO-r21_E_149_r480P.mp4",
            "checksum": "37bab563e393f6d1f44f1973e4f56266",
            "filesize": 292652246,
            "modifiedDatetime": "2022-09-13T15:08:31.000Z",
            "bitRate": 588.6041408901665,
            "duration": 3884.352,
            "frameHeight": 540,
            "frameWidth": 960,
            "label": "480p",
            "frameRate": 23.976,
            "mimetype": "video/mp4",
            "subtitled": false,
            "subtitles": {
                "url": "https://download-a.akamaihd.net/files/media_publication/6f/co-r21_E_149.vtt",
                "modifiedDatetime": "2022-09-13T15:07:59.000Z",
                "checksum": "37a626523e1fb8efddca75c54abfe198"
            }
        },
        {
            "progressiveDownloadURL": "https://download-a.akamaihd.net/files/media_publication/af/CO-r21_E_149_r720P.mp4",
            "checksum": "c2b879d34207e36ff491216a24ea6def",
            "filesize": 487560664,
            "modifiedDatetime": "2022-09-13T15:08:55.000Z",
            "bitRate": 980.6185658508807,
            "duration": 3884.352,
            "frameHeight": 720,
            "frameWidth": 1280,
            "label": "720p",
            "frameRate": 23.976,
            "mimetype": "video/mp4",
            "subtitled": false,
            "subtitles": {
                "url": "https://download-a.akamaihd.net/files/media_publication/6f/co-r21_E_149.vtt",
                "modifiedDatetime": "2022-09-13T15:07:59.000Z",
                "checksum": "37a626523e1fb8efddca75c54abfe198"
            }
        }
    ],
    "printReferences": [
        "co-r21-149.v",
        "co-r21-149"
    ],
    "subtitlesUrl": "https://download-a.akamaihd.net/files/media_publication/6f/co-r21_E_149.vtt",
    "Name": "pub-co-r21_E_149_VIDEO",
    "Title": "M. Stephen Lett: Become Powerful by Your Faith!",
    "UndatedReferenceTitle": "M. Stephen Lett: Become Powerful by Your Faith!",
    "ShortTitle": null,
    "Category": "vod",
    "Year": 2021,
    "Symbol": "2021Convention"
}