{
    "guid": "625ec0d9dedf1bc7893a32ac",
    "languageAgnosticNaturalKey": "pub-co-r22_120_VIDEO",
    "naturalKey": "pub-co-r22_E_120_VIDEO",
    "type": "video",
    "primaryCategory": "2022Convention",
    "description": "",
    "firstPublished": "2022-07-18T14:39:45.406Z",
    "duration": 868.907,
    "durationFormattedHHMM": "14:28",
    "durationFormattedMinSec": "14m 28s",
    "files": [
        {
            "progressiveDownloadURL": "https://download-a.akamaihd.net/files/media_publication/24/CO-r22_E_120_r240P.mp4",
            "checksum": "7c5a6a255f8da342026cc01b1ef0b3c5",
            "filesize": 17638552,
            "modifiedDatetime": "2022-07-18T00:00:51.000Z",
            "bitRate": 158.59141139385457,
            "duration": 868.907,
            "frameHeight": 234,
            "frameWidth": 416,
            "label": "240p",
            "frameRate": 23.976,
            "mimetype": "video/mp4",
            "subtitled": false,
            "subtitles": {
                "url": "https://download-a.akamaihd.net/files/media_publication/d9/CO-r22_E_120.vtt",
                "modifiedDatetime": "2022-07-18T00:00:33.000Z",
                "checksum": "5c33f01789f97dcd39d9af1306e7b17a"
            }
        },
        {
            "progressiveDownloadURL": "https://download-a.akamaihd.net/files/media_publication/43/CO-r22_E_120_r360P.mp4",
            "checksum": "9837081224020244b670885d1da02699",
            "filesize": 34960606,
            "modifiedDatetime": "2022-07-18T00:00:49.000Z",
            "bitRate": 314.3447291992275,
            "duration": 868.886,
            "frameHeight": 360,
            "frameWidth": 640,
            "label": "360p",
            "frameRate": 23.976,
            "mimetype": "video/mp4",
            "subtitled": false,
            "subtitles": {
                "url": "https://download-a.akamaihd.net/files/media_publication/d9/CO-r22_E_120.vtt",
                "modifiedDatetime": "2022-07-18T00:00:33.000Z",
                "checksum": "5c33f01789f97dcd39d9af1306e7b17a"
            }
        },
        {
            "progressiveDownloadURL": "https://download-a.akamaihd.net/files/media_publication/29/CO-r22_E_120_r480P.mp4",
            "checksum": "4f3b3697c121a1f78ef02387777c7846",
            "filesize": 63279873,
            "modifiedDatetime": "2022-07-18T00:00:43.000Z",
            "bitRate": 568.9745349936586,
            "duration": 868.886,
            "frameHeight": 540,
            "frameWidth": 960,
            "label": "480p",
            "frameRate": 23.976,
            "mimetype": "video/mp4",
            "subtitled": false,
            "subtitles": {
                "url": "https://download-a.akamaihd.net/files/media_publication/d9/CO-r22_E_120.vtt",
                "modifiedDatetime": "2022-07-18T00:00:33.000Z",
                "checksum": "5c33f01789f97dcd39d9af1306e7b17a"
            }
        },
        {
            "progressiveDownloadURL": "https://download-a.akamaihd.net/files/media_publication/3a/CO-r22_E_120_r720P.mp4",
            "checksum": "7c5a968a2a9868e3ad93a135e69cf372",
            "filesize": 109116562,
            "modifiedDatetime": "2022-07-18T00:00:36.000Z",
            "bitRate": 981.1104570967883,
            "duration": 868.886,
            "frameHeight": 720,
            "frameWidth": 1280,
            "label": "720p",
            "frameRate": 23.976,
            "mimetype": "video/mp4",
            "subtitled": false,
            "subtitles": {
                "url": "https://download-a.akamaihd.net/files/media_publication/d9/CO-r22_E_120.vtt",
                "modifiedDatetime": "2022-07-18T00:00:33.000Z",
                "checksum": "5c33f01789f97dcd39d9af1306e7b17a"
            }
        }
    ],
    "printReferences": [
        "co-r22-120.v",
        "co-r22-120"
    ],
    "subtitlesUrl": "https://download-a.akamaihd.net/files/media_publication/d9/CO-r22_E_120.vtt",
    "Name": "pub-co-r22_E_120_VIDEO",
    "Title": "Anthony Morris: Be Ready to Share “the Good News of Peace”—Take the Initiative",
    "UndatedReferenceTitle": "Anthony Morris: Be Ready to Share “the Good News of Peace”—Take the Initiative",
    "ShortTitle": null,
    "Category": "vod",
    "Year": 2022,
    "Symbol": "2022Convention"
}