{
    "guid": "58e6aab5a25a39c2e32b11fa",
    "languageAgnosticNaturalKey": "pub-jwb_201705_8_VIDEO",
    "naturalKey": "pub-jwb_E_201705_8_VIDEO",
    "type": "video",
    "primaryCategory": "MeetingsConventions",
    "description": "",
    "firstPublished": "2017-05-15T16:55:30.904Z",
    "duration": 107.021,
    "durationFormattedHHMM": "1:47",
    "durationFormattedMinSec": "1m 47s",
    "files": [
        {
            "progressiveDownloadURL": "https://download-a.akamaihd.net/files/media_periodical/1b/jwb_E_201705_08_r240P.mp4",
            "checksum": "12046606a3ca24a49d97b73c81cb4233",
            "filesize": 5049430,
            "modifiedDatetime": "2020-11-04T21:05:53.000Z",
            "bitRate": 368.6068330047374,
            "duration": 107.021,
            "frameHeight": 180,
            "frameWidth": 320,
            "label": "240p",
            "frameRate": 24,
            "mimetype": "video/mp4",
            "subtitled": false,
            "subtitles": {
                "url": "https://download-a.akamaihd.net/files/media_periodical/76/jwb_E_201705_08_r240P.vtt",
                "modifiedDatetime": "2019-02-20T06:49:39.000Z",
                "checksum": "17a13df7c96f8d2e80d5028c5dd64ac2"
            }
        },
        {
            "progressiveDownloadURL": "https://download-a.akamaihd.net/files/media_periodical/f0/jwb_s-Sub_E_201705_08_r240P.mp4",
            "checksum": "f3ec25c933be0c6a1983dceb4955c107",
            "filesize": 5103274,
            "modifiedDatetime": "2020-11-24T00:09:31.000Z",
            "bitRate": 372.53742840190245,
            "duration": 107.021,
            "frameHeight": 180,
            "frameWidth": 320,
            "label": "240p",
            "frameRate": 23.976,
            "mimetype": "video/mp4",
            "subtitled": true,
            "subtitles": {
                "url": "https://download-a.akamaihd.net/files/media_periodical/76/jwb_E_201705_08_r240P.vtt",
                "modifiedDatetime": "2019-02-20T06:49:39.000Z",
                "checksum": "17a13df7c96f8d2e80d5028c5dd64ac2"
            }
        },
        {
            "progressiveDownloadURL": "https://download-a.akamaihd.net/files/media_periodical/98/jwb_s-Sub_E_201705_08_r360P.mp4",
            "checksum": "c82f246b13a4f87de96651a57b55f473",
            "filesize": 11504721,
            "modifiedDatetime": "2019-02-21T03:31:31.000Z",
            "bitRate": 840.1482289640185,
            "duration": 106.981875,
            "frameHeight": 360,
            "frameWidth": 640,
            "label": "360p",
            "frameRate": 44.056,
            "mimetype": "video/mp4",
            "subtitled": true,
            "subtitles": {
                "url": "https://download-a.akamaihd.net/files/media_periodical/ce/jwb_E_201705_08_r360P.vtt",
                "modifiedDatetime": "2019-02-20T06:49:42.000Z",
                "checksum": "17a13df7c96f8d2e80d5028c5dd64ac2"
            }
        },
        {
            "progressiveDownloadURL": "https://download-a.akamaihd.net/files/media_periodical/cd/jwb_E_201705_08_r360P.mp4",
            "checksum": "ee7062690e7fe6e86a0a8cc58238bd8f",
            "filesize": 11495314,
            "modifiedDatetime": "2019-02-20T06:49:42.000Z",
            "bitRate": 839.4629044696131,
            "duration": 106.98166666666667,
            "frameHeight": 360,
            "frameWidth": 640,
            "label": "360p",
            "frameRate": 1764,
            "mimetype": "video/mp4",
            "subtitled": false,
            "subtitles": {
                "url": "https://download-a.akamaihd.net/files/media_periodical/ce/jwb_E_201705_08_r360P.vtt",
                "modifiedDatetime": "2019-02-20T06:49:42.000Z",
                "checksum": "17a13df7c96f8d2e80d5028c5dd64ac2"
            }
        },
        {
            "progressiveDownloadURL": "https://download-a.akamaihd.net/files/media_periodical/81/jwb_E_201705_08_r480P.mp4",
            "checksum": "21a98cd3b52e08722b690d115706bfd8",
            "filesize": 15528644,
            "modifiedDatetime": "2019-02-20T06:49:46.000Z",
            "bitRate": 1134.0030028509557,
            "duration": 106.98166666666667,
            "frameHeight": 480,
            "frameWidth": 854,
            "label": "480p",
            "frameRate": 1764,
            "mimetype": "video/mp4",
            "subtitled": false,
            "subtitles": {
                "url": "https://download-a.akamaihd.net/files/media_periodical/cf/jwb_E_201705_08_r480P.vtt",
                "modifiedDatetime": "2019-02-20T06:49:46.000Z",
                "checksum": "17a13df7c96f8d2e80d5028c5dd64ac2"
            }
        },
        {
            "progressiveDownloadURL": "https://download-a.akamaihd.net/files/media_periodical/51/jwb_s-Sub_E_201705_08_r480P.mp4",
            "checksum": "2a443fb7b3c5339c4f49df4830d8dabc",
            "filesize": 15499626,
            "modifiedDatetime": "2019-02-21T03:31:36.000Z",
            "bitRate": 1131.8817147764516,
            "duration": 106.981875,
            "frameHeight": 480,
            "frameWidth": 854,
            "label": "480p",
            "frameRate": 44.056,
            "mimetype": "video/mp4",
            "subtitled": true,
            "subtitles": {
                "url": "https://download-a.akamaihd.net/files/media_periodical/cf/jwb_E_201705_08_r480P.vtt",
                "modifiedDatetime": "2019-02-20T06:49:46.000Z",
                "checksum": "17a13df7c96f8d2e80d5028c5dd64ac2"
            }
        },
        {
            "progressiveDownloadURL": "https://download-a.akamaihd.net/files/media_periodical/e2/jwb_E_201705_08_r720P.mp4",
            "checksum": "99c9e6832c6e747e2428b8c905642dde",
            "filesize": 22223000,
            "modifiedDatetime": "2019-02-20T06:49:50.000Z",
            "bitRate": 1622.8685989811338,
            "duration": 106.98166666666667,
            "frameHeight": 720,
            "frameWidth": 1280,
            "label": "720p",
            "frameRate": 1764,
            "mimetype": "video/mp4",
            "subtitled": false,
            "subtitles": {
                "url": "https://download-a.akamaihd.net/files/media_periodical/95/jwb_E_201705_08_r720P.vtt",
                "modifiedDatetime": "2019-02-20T06:49:50.000Z",
                "checksum": "17a13df7c96f8d2e80d5028c5dd64ac2"
            }
        },
        {
            "progressiveDownloadURL": "https://download-a.akamaihd.net/files/media_periodical/5b/jwb_s-Sub_E_201705_08_r720P.mp4",
            "checksum": "0d25ac2624d2a4c82518a52f75717fbe",
            "filesize": 22210125,
            "modifiedDatetime": "2019-02-21T03:31:40.000Z",
            "bitRate": 1621.9252238989081,
            "duration": 106.981875,
            "frameHeight": 720,
            "frameWidth": 1280,
            "label": "720p",
            "frameRate": 44.056,
            "mimetype": "video/mp4",
            "subtitled": true,
            "subtitles": {
                "url": "https://download-a.akamaihd.net/files/media_periodical/95/jwb_E_201705_08_r720P.vtt",
                "modifiedDatetime": "2019-02-20T06:49:50.000Z",
                "checksum": "17a13df7c96f8d2e80d5028c5dd64ac2"
            }
        }
    ],
    "printReferences": [
        "jwb.201705-8.v",
        "jwb.201705-8"
    ],
    "subtitlesUrl": "https://download-a.akamaihd.net/files/media_periodical/76/jwb_E_201705_08_r240P.vtt",
    "Name": "pub-jwb_E_201705_8_VIDEO",
    "Title": "Remember the Wife of Lot—Drama Trailer",
    "UndatedReferenceTitle": "Remember the Wife of Lot—Drama Trailer",
    "ShortTitle": null,
    "Category": "vod",
    "Year": 2017,
    "Symbol": "MeetingsConventions"
}