{
    "guid": "5f7cc05c0ca056895eb12eea",
    "languageAgnosticNaturalKey": "pub-co-r20_117_VIDEO",
    "naturalKey": "pub-co-r20_E_117_VIDEO",
    "type": "video",
    "primaryCategory": "2020Convention",
    "description": "",
    "firstPublished": "2020-12-01T23:45:39.045Z",
    "duration": 555.598,
    "durationFormattedHHMM": "9:15",
    "durationFormattedMinSec": "9m 15s",
    "files": [
        {
            "progressiveDownloadURL": "https://download-a.akamaihd.net/files/media_publication/7d/CO-r20_E_117_r240P.mp4",
            "checksum": "892bca2d8e7267f8af5cea5fdbab8ba7",
            "filesize": 18682682,
            "modifiedDatetime": "2020-11-30T22:41:09.000Z",
            "bitRate": 262.7051449519257,
            "duration": 555.598,
            "frameHeight": 234,
            "frameWidth": 416,
            "label": "240p",
            "frameRate": 23.529,
            "mimetype": "video/mp4",
            "subtitled": false,
            "subtitles": {
                "url": "https://download-a.akamaihd.net/files/media_publication/24/co-r20_E_117.vtt",
                "modifiedDatetime": "2020-11-30T22:41:54.000Z",
                "checksum": "988d37ffb5742fa3e4658a5230440f10"
            }
        },
        {
            "progressiveDownloadURL": "https://download-a.akamaihd.net/files/media_publication/40/CO-r20_E_117_r360P.mp4",
            "checksum": "5596274462da00f1efa68b0cc148b807",
            "filesize": 28280154,
            "modifiedDatetime": "2020-11-30T22:41:12.000Z",
            "bitRate": 397.6592844556676,
            "duration": 555.598,
            "frameHeight": 360,
            "frameWidth": 640,
            "label": "360p",
            "frameRate": 23.976,
            "mimetype": "video/mp4",
            "subtitled": false,
            "subtitles": {
                "url": "https://download-a.akamaihd.net/files/media_publication/24/co-r20_E_117.vtt",
                "modifiedDatetime": "2020-11-30T22:41:54.000Z",
                "checksum": "988d37ffb5742fa3e4658a5230440f10"
            }
        },
        {
            "progressiveDownloadURL": "https://download-a.akamaihd.net/files/media_publication/15/CO-r20_E_117_r480P.mp4",
            "checksum": "ec5f7ca3d624b5b980006988b7e8c6f0",
            "filesize": 53567955,
            "modifiedDatetime": "2020-11-30T22:41:18.000Z",
            "bitRate": 753.2418195124893,
            "duration": 555.598,
            "frameHeight": 540,
            "frameWidth": 960,
            "label": "480p",
            "frameRate": 23.976,
            "mimetype": "video/mp4",
            "subtitled": false,
            "subtitles": {
                "url": "https://download-a.akamaihd.net/files/media_publication/24/co-r20_E_117.vtt",
                "modifiedDatetime": "2020-11-30T22:41:54.000Z",
                "checksum": "988d37ffb5742fa3e4658a5230440f10"
            }
        },
        {
            "progressiveDownloadURL": "https://download-a.akamaihd.net/files/media_publication/df/CO-r20_E_117_r720P.mp4",
            "checksum": "ebf958ecdf5145af43508c81ef1aee49",
            "filesize": 92829690,
            "modifiedDatetime": "2020-11-30T22:41:31.000Z",
            "bitRate": 1305.317789345894,
            "duration": 555.598,
            "frameHeight": 720,
            "frameWidth": 1280,
            "label": "720p",
            "frameRate": 23.976,
            "mimetype": "video/mp4",
            "subtitled": false,
            "subtitles": {
                "url": "https://download-a.akamaihd.net/files/media_publication/24/co-r20_E_117.vtt",
                "modifiedDatetime": "2020-11-30T22:41:54.000Z",
                "checksum": "988d37ffb5742fa3e4658a5230440f10"
            }
        }
    ],
    "printReferences": [
        "co-r20-117.v",
        "co-r20-117"
    ],
    "subtitlesUrl": "https://download-a.akamaihd.net/files/media_publication/24/co-r20_E_117.vtt",
    "Name": "pub-co-r20_E_117_VIDEO",
    "Title": "John Ekrann: Creation Proves That Jehovah Wants Us to Rejoice—Fascinating Animals",
    "UndatedReferenceTitle": "John Ekrann: Creation Proves That Jehovah Wants Us to Rejoice—Fascinating Animals",
    "ShortTitle": null,
    "Category": "vod",
    "Year": 2020,
    "Symbol": "2020Convention"
}