{
    "guid": "5efc8069af341cff131bc34a",
    "languageAgnosticNaturalKey": "pub-co-r20_7_VIDEO",
    "naturalKey": "pub-co-r20_E_7_VIDEO",
    "type": "video",
    "primaryCategory": "2020Convention",
    "description": "",
    "firstPublished": "2020-08-03T17:34:36.841Z",
    "duration": 6871.936,
    "durationFormattedHHMM": "1:54:31",
    "durationFormattedMinSec": "1h 54m 31s",
    "files": [
        {
            "progressiveDownloadURL": "https://download-a.akamaihd.net/files/media_publication/27/CO-r20_E_07_r240P.mp4",
            "checksum": "9f244f32bee1ebf9a590ab72d23ada26",
            "filesize": 64171274,
            "modifiedDatetime": "2020-08-05T03:11:36.000Z",
            "bitRate": 72.95441606630213,
            "duration": 6871.936,
            "frameHeight": 234,
            "frameWidth": 416,
            "label": "240p",
            "frameRate": 23.976,
            "mimetype": "video/mp4",
            "subtitled": false,
            "subtitles": {
                "url": "https://download-a.akamaihd.net/files/media_publication/1a/CO-r20_E_07.vtt",
                "modifiedDatetime": "2020-08-03T14:34:06.000Z",
                "checksum": "ab054913878e85f2cf7331d072724169"
            }
        },
        {
            "progressiveDownloadURL": "https://download-a.akamaihd.net/files/media_publication/61/CO-r20_E_07_r360P.mp4",
            "checksum": "ba9ced9e95b4ceec23a04afed16918a9",
            "filesize": 348222237,
            "modifiedDatetime": "2020-08-03T14:33:10.000Z",
            "bitRate": 395.88513504000633,
            "duration": 6871.908,
            "frameHeight": 360,
            "frameWidth": 640,
            "label": "360p",
            "frameRate": 23.976,
            "mimetype": "video/mp4",
            "subtitled": false,
            "subtitles": {
                "url": "https://download-a.akamaihd.net/files/media_publication/1a/CO-r20_E_07.vtt",
                "modifiedDatetime": "2020-08-03T14:34:06.000Z",
                "checksum": "ab054913878e85f2cf7331d072724169"
            }
        },
        {
            "progressiveDownloadURL": "https://download-a.akamaihd.net/files/media_publication/89/CO-r20_E_07_r480P.mp4",
            "checksum": "7cf2141fb8e20c40de2c00e28d2e6c90",
            "filesize": 656729837,
            "modifiedDatetime": "2020-08-03T14:33:21.000Z",
            "bitRate": 746.6196944956916,
            "duration": 6871.908,
            "frameHeight": 540,
            "frameWidth": 960,
            "label": "480p",
            "frameRate": 23.976,
            "mimetype": "video/mp4",
            "subtitled": false,
            "subtitles": {
                "url": "https://download-a.akamaihd.net/files/media_publication/1a/CO-r20_E_07.vtt",
                "modifiedDatetime": "2020-08-03T14:34:06.000Z",
                "checksum": "ab054913878e85f2cf7331d072724169"
            }
        },
        {
            "progressiveDownloadURL": "https://download-a.akamaihd.net/files/media_publication/9f/CO-r20_E_07_r720P.mp4",
            "checksum": "ac8297ae5e262f3693dbdd14429e4d4a",
            "filesize": 1132173249,
            "modifiedDatetime": "2020-08-03T14:33:40.000Z",
            "bitRate": 1287.1393953196841,
            "duration": 6871.908,
            "frameHeight": 720,
            "frameWidth": 1280,
            "label": "720p",
            "frameRate": 23.976,
            "mimetype": "video/mp4",
            "subtitled": false,
            "subtitles": {
                "url": "https://download-a.akamaihd.net/files/media_publication/1a/CO-r20_E_07.vtt",
                "modifiedDatetime": "2020-08-03T14:34:06.000Z",
                "checksum": "ab054913878e85f2cf7331d072724169"
            }
        }
    ],
    "printReferences": [
        "co-r20-7.v",
        "co-r20-7"
    ],
    "subtitlesUrl": "https://download-a.akamaihd.net/files/media_publication/1a/CO-r20_E_07.vtt",
    "Name": "pub-co-r20_E_7_VIDEO",
    "Title": "2020 “Always Rejoice”! Convention: Saturday Afternoon Session—Part 1",
    "UndatedReferenceTitle": "2020 “Always Rejoice”! Convention: Saturday Afternoon Session—Part 1",
    "ShortTitle": null,
    "Category": "vod",
    "Year": 2020,
    "Symbol": "2020Convention"
}