{
    "guid": "60abe480ca9c8caf42520ecb",
    "languageAgnosticNaturalKey": "pub-co-r21_2_VIDEO",
    "naturalKey": "pub-co-r21_E_2_VIDEO",
    "type": "video",
    "primaryCategory": "2021Convention",
    "description": "",
    "firstPublished": "2021-06-28T14:55:26.380Z",
    "duration": 4428.758,
    "durationFormattedHHMM": "1:13:48",
    "durationFormattedMinSec": "1h 13m 48s",
    "files": [
        {
            "progressiveDownloadURL": "https://download-a.akamaihd.net/files/media_publication/21/CO-r21_E_02_r240P.mp4",
            "checksum": "e1757b6b4ca924cf0f3bd8669128ba0b",
            "filesize": 64360249,
            "modifiedDatetime": "2021-06-28T04:04:15.000Z",
            "bitRate": 113.53396263975138,
            "duration": 4428.758,
            "frameHeight": 234,
            "frameWidth": 416,
            "label": "240p",
            "frameRate": 23.976,
            "mimetype": "video/mp4",
            "subtitled": false,
            "subtitles": {
                "url": "https://download-a.akamaihd.net/files/media_publication/13/co-r21_E_02.vtt",
                "modifiedDatetime": "2021-06-28T04:03:46.000Z",
                "checksum": "9cae02a35e81730365d5ba09aeb99037"
            }
        },
        {
            "progressiveDownloadURL": "https://download-a.akamaihd.net/files/media_publication/34/CO-r21_E_02_r360P.mp4",
            "checksum": "73d46044d18021395181fabbce4815f5",
            "filesize": 134599394,
            "modifiedDatetime": "2021-06-28T04:04:09.000Z",
            "bitRate": 237.44072281543393,
            "duration": 4428.717,
            "frameHeight": 360,
            "frameWidth": 640,
            "label": "360p",
            "frameRate": 23.976,
            "mimetype": "video/mp4",
            "subtitled": false,
            "subtitles": {
                "url": "https://download-a.akamaihd.net/files/media_publication/13/co-r21_E_02.vtt",
                "modifiedDatetime": "2021-06-28T04:03:46.000Z",
                "checksum": "9cae02a35e81730365d5ba09aeb99037"
            }
        },
        {
            "progressiveDownloadURL": "https://download-a.akamaihd.net/files/media_publication/32/CO-r21_E_02_r480P.mp4",
            "checksum": "a668832bd8226acbe3b63e8ce6ac58ff",
            "filesize": 234948120,
            "modifiedDatetime": "2021-06-28T04:04:01.000Z",
            "bitRate": 414.46138633378473,
            "duration": 4428.717,
            "frameHeight": 540,
            "frameWidth": 960,
            "label": "480p",
            "frameRate": 23.976,
            "mimetype": "video/mp4",
            "subtitled": false,
            "subtitles": {
                "url": "https://download-a.akamaihd.net/files/media_publication/13/co-r21_E_02.vtt",
                "modifiedDatetime": "2021-06-28T04:03:46.000Z",
                "checksum": "9cae02a35e81730365d5ba09aeb99037"
            }
        },
        {
            "progressiveDownloadURL": "https://download-a.akamaihd.net/files/media_publication/23/CO-r21_E_02_r720P.mp4",
            "checksum": "7befe04590789560254cfafddbc287de",
            "filesize": 379225111,
            "modifiedDatetime": "2021-06-28T04:03:54.000Z",
            "bitRate": 668.9739217221377,
            "duration": 4428.717,
            "frameHeight": 720,
            "frameWidth": 1280,
            "label": "720p",
            "frameRate": 23.976,
            "mimetype": "video/mp4",
            "subtitled": false,
            "subtitles": {
                "url": "https://download-a.akamaihd.net/files/media_publication/13/co-r21_E_02.vtt",
                "modifiedDatetime": "2021-06-28T04:03:46.000Z",
                "checksum": "9cae02a35e81730365d5ba09aeb99037"
            }
        }
    ],
    "printReferences": [
        "co-r21-2.v",
        "co-r21-2"
    ],
    "subtitlesUrl": "https://download-a.akamaihd.net/files/media_publication/13/co-r21_E_02.vtt",
    "Name": "pub-co-r21_E_2_VIDEO",
    "Title": "2021 Powerful by Faith! Convention: Friday Morning Session—Part 2",
    "UndatedReferenceTitle": "2021 Powerful by Faith! Convention: Friday Morning Session—Part 2",
    "ShortTitle": null,
    "Category": "vod",
    "Year": 2021,
    "Symbol": "2021Convention"
}