{
    "guid": "5f7f5c300ca056895eba6ad6",
    "languageAgnosticNaturalKey": "pub-co-r20_123_VIDEO",
    "naturalKey": "pub-co-r20_E_123_VIDEO",
    "type": "video",
    "primaryCategory": "2020Convention",
    "description": "",
    "firstPublished": "2020-12-01T23:45:16.174Z",
    "duration": 697.198,
    "durationFormattedHHMM": "11:37",
    "durationFormattedMinSec": "11m 37s",
    "files": [
        {
            "progressiveDownloadURL": "https://download-a.akamaihd.net/files/media_publication/9d/CO-r20_E_123_r240P.mp4",
            "checksum": "e95920ee294cf41d37ec57f3c4d1ee78",
            "filesize": 18425434,
            "modifiedDatetime": "2020-11-30T22:44:34.000Z",
            "bitRate": 206.46746422823932,
            "duration": 697.198,
            "frameHeight": 234,
            "frameWidth": 416,
            "label": "240p",
            "frameRate": 23.483,
            "mimetype": "video/mp4",
            "subtitled": false,
            "subtitles": {
                "url": "https://download-a.akamaihd.net/files/media_publication/73/co-r20_E_123.vtt",
                "modifiedDatetime": "2020-11-30T22:44:59.000Z",
                "checksum": "bfb3ad33978b7448a068e9f9cee20efd"
            }
        },
        {
            "progressiveDownloadURL": "https://download-a.akamaihd.net/files/media_publication/f4/CO-r20_E_123_r360P.mp4",
            "checksum": "24a0973ce89bb4fb02ab38632bd1e810",
            "filesize": 24840522,
            "modifiedDatetime": "2020-11-30T22:44:36.000Z",
            "bitRate": 278.3521727328535,
            "duration": 697.198,
            "frameHeight": 360,
            "frameWidth": 640,
            "label": "360p",
            "frameRate": 23.976,
            "mimetype": "video/mp4",
            "subtitled": false,
            "subtitles": {
                "url": "https://download-a.akamaihd.net/files/media_publication/73/co-r20_E_123.vtt",
                "modifiedDatetime": "2020-11-30T22:44:59.000Z",
                "checksum": "bfb3ad33978b7448a068e9f9cee20efd"
            }
        },
        {
            "progressiveDownloadURL": "https://download-a.akamaihd.net/files/media_publication/5c/CO-r20_E_123_r480P.mp4",
            "checksum": "dd619665f872f669be5f152f60bbd3a9",
            "filesize": 43165304,
            "modifiedDatetime": "2020-11-30T22:44:41.000Z",
            "bitRate": 483.6917740727885,
            "duration": 697.198,
            "frameHeight": 540,
            "frameWidth": 960,
            "label": "480p",
            "frameRate": 23.976,
            "mimetype": "video/mp4",
            "subtitled": false,
            "subtitles": {
                "url": "https://download-a.akamaihd.net/files/media_publication/73/co-r20_E_123.vtt",
                "modifiedDatetime": "2020-11-30T22:44:59.000Z",
                "checksum": "bfb3ad33978b7448a068e9f9cee20efd"
            }
        },
        {
            "progressiveDownloadURL": "https://download-a.akamaihd.net/files/media_publication/2c/CO-r20_E_123_r720P.mp4",
            "checksum": "f90ca9f2a82ebe75a6d882dd53db6754",
            "filesize": 69085325,
            "modifiedDatetime": "2020-11-30T22:44:47.000Z",
            "bitRate": 774.1403468777879,
            "duration": 697.198,
            "frameHeight": 720,
            "frameWidth": 1280,
            "label": "720p",
            "frameRate": 23.976,
            "mimetype": "video/mp4",
            "subtitled": false,
            "subtitles": {
                "url": "https://download-a.akamaihd.net/files/media_publication/73/co-r20_E_123.vtt",
                "modifiedDatetime": "2020-11-30T22:44:59.000Z",
                "checksum": "bfb3ad33978b7448a068e9f9cee20efd"
            }
        }
    ],
    "printReferences": [
        "co-r20-123.v",
        "co-r20-123"
    ],
    "subtitlesUrl": "https://download-a.akamaihd.net/files/media_publication/73/co-r20_E_123.vtt",
    "Name": "pub-co-r20_E_123_VIDEO",
    "Title": "Kenneth Flodin: Experience the Joy of Disciple-Making—Improve Your Skills—Teaching With Enthusiasm",
    "UndatedReferenceTitle": "Kenneth Flodin: Experience the Joy of Disciple-Making—Improve Your Skills—Teaching With Enthusiasm",
    "ShortTitle": null,
    "Category": "vod",
    "Year": 2020,
    "Symbol": "2020Convention"
}