{
    "guid": "5f8746070ca056895ed170cb",
    "languageAgnosticNaturalKey": "pub-co-r20_134_VIDEO",
    "naturalKey": "pub-co-r20_E_134_VIDEO",
    "type": "video",
    "primaryCategory": "2020Convention",
    "description": "",
    "firstPublished": "2020-12-01T23:44:25.532Z",
    "duration": 667.543,
    "durationFormattedHHMM": "11:07",
    "durationFormattedMinSec": "11m 7s",
    "files": [
        {
            "progressiveDownloadURL": "https://download-a.akamaihd.net/files/media_publication/34/CO-r20_E_134_r240P.mp4",
            "checksum": "26db6bd87954c720d434ee087cfe7c63",
            "filesize": 19402228,
            "modifiedDatetime": "2020-11-30T22:49:26.000Z",
            "bitRate": 227.07137405380627,
            "duration": 667.543,
            "frameHeight": 234,
            "frameWidth": 416,
            "label": "240p",
            "frameRate": 23.857,
            "mimetype": "video/mp4",
            "subtitled": false,
            "subtitles": {
                "url": "https://download-a.akamaihd.net/files/media_publication/15/co-r20_E_134.vtt",
                "modifiedDatetime": "2020-11-30T22:49:43.000Z",
                "checksum": "ba365e13d7dc78214afd0eb8cde67f47"
            }
        },
        {
            "progressiveDownloadURL": "https://download-a.akamaihd.net/files/media_publication/e3/CO-r20_E_134_r360P.mp4",
            "checksum": "ee1f3671d34733b56e1262d1267e1d37",
            "filesize": 26884100,
            "modifiedDatetime": "2020-11-30T22:49:29.000Z",
            "bitRate": 314.63445987749105,
            "duration": 667.543,
            "frameHeight": 360,
            "frameWidth": 640,
            "label": "360p",
            "frameRate": 23.976,
            "mimetype": "video/mp4",
            "subtitled": false,
            "subtitles": {
                "url": "https://download-a.akamaihd.net/files/media_publication/15/co-r20_E_134.vtt",
                "modifiedDatetime": "2020-11-30T22:49:43.000Z",
                "checksum": "ba365e13d7dc78214afd0eb8cde67f47"
            }
        },
        {
            "progressiveDownloadURL": "https://download-a.akamaihd.net/files/media_publication/26/CO-r20_E_134_r480P.mp4",
            "checksum": "a372afc63c62552a3e20d455890d335c",
            "filesize": 48702047,
            "modifiedDatetime": "2020-11-30T22:49:31.000Z",
            "bitRate": 569.9778773614584,
            "duration": 667.543,
            "frameHeight": 540,
            "frameWidth": 960,
            "label": "480p",
            "frameRate": 23.976,
            "mimetype": "video/mp4",
            "subtitled": false,
            "subtitles": {
                "url": "https://download-a.akamaihd.net/files/media_publication/15/co-r20_E_134.vtt",
                "modifiedDatetime": "2020-11-30T22:49:43.000Z",
                "checksum": "ba365e13d7dc78214afd0eb8cde67f47"
            }
        },
        {
            "progressiveDownloadURL": "https://download-a.akamaihd.net/files/media_publication/99/CO-r20_E_134_r720P.mp4",
            "checksum": "0d8a726f41149cbad9529231a0eaf572",
            "filesize": 80156044,
            "modifiedDatetime": "2020-11-30T22:49:33.000Z",
            "bitRate": 938.0955140717526,
            "duration": 667.543,
            "frameHeight": 720,
            "frameWidth": 1280,
            "label": "720p",
            "frameRate": 23.976,
            "mimetype": "video/mp4",
            "subtitled": false,
            "subtitles": {
                "url": "https://download-a.akamaihd.net/files/media_publication/15/co-r20_E_134.vtt",
                "modifiedDatetime": "2020-11-30T22:49:43.000Z",
                "checksum": "ba365e13d7dc78214afd0eb8cde67f47"
            }
        }
    ],
    "printReferences": [
        "co-r20-134.v",
        "co-r20-134"
    ],
    "subtitlesUrl": "https://download-a.akamaihd.net/files/media_publication/15/co-r20_E_134.vtt",
    "Name": "pub-co-r20_E_134_VIDEO",
    "Title": "Anthony Morris III: Help Your Bible Students to . . . Overcome Unclean Habits",
    "UndatedReferenceTitle": "Anthony Morris III: Help Your Bible Students to . . . Overcome Unclean Habits",
    "ShortTitle": null,
    "Category": "vod",
    "Year": 2020,
    "Symbol": "2020Convention"
}