{
    "guid": "5f874b310ca056895ed18342",
    "languageAgnosticNaturalKey": "pub-co-r20_133_VIDEO",
    "naturalKey": "pub-co-r20_E_133_VIDEO",
    "type": "video",
    "primaryCategory": "2020Convention",
    "description": "",
    "firstPublished": "2020-12-01T23:44:28.922Z",
    "duration": 575.576,
    "durationFormattedHHMM": "9:35",
    "durationFormattedMinSec": "9m 35s",
    "files": [
        {
            "progressiveDownloadURL": "https://download-a.akamaihd.net/files/media_publication/33/CO-r20_E_133_r240P.mp4",
            "checksum": "2e84e40a6d1c48365ddfbacb93aabf65",
            "filesize": 17135864,
            "modifiedDatetime": "2020-11-30T22:49:02.000Z",
            "bitRate": 232.591243380544,
            "duration": 575.576,
            "frameHeight": 234,
            "frameWidth": 416,
            "label": "240p",
            "frameRate": 23.692,
            "mimetype": "video/mp4",
            "subtitled": false,
            "subtitles": {
                "url": "https://download-a.akamaihd.net/files/media_publication/70/co-r20_E_133.vtt",
                "modifiedDatetime": "2020-11-30T22:49:18.000Z",
                "checksum": "6bc92d6fa95e62cdbcf12dd872073768"
            }
        },
        {
            "progressiveDownloadURL": "https://download-a.akamaihd.net/files/media_publication/a4/CO-r20_E_133_r360P.mp4",
            "checksum": "df09baf6b331d2414cab9d405705f5ce",
            "filesize": 24653168,
            "modifiedDatetime": "2020-11-30T22:49:06.000Z",
            "bitRate": 334.62631346685754,
            "duration": 575.576,
            "frameHeight": 360,
            "frameWidth": 640,
            "label": "360p",
            "frameRate": 23.976,
            "mimetype": "video/mp4",
            "subtitled": false,
            "subtitles": {
                "url": "https://download-a.akamaihd.net/files/media_publication/70/co-r20_E_133.vtt",
                "modifiedDatetime": "2020-11-30T22:49:18.000Z",
                "checksum": "6bc92d6fa95e62cdbcf12dd872073768"
            }
        },
        {
            "progressiveDownloadURL": "https://download-a.akamaihd.net/files/media_publication/70/CO-r20_E_133_r480P.mp4",
            "checksum": "73a4fe2b1cb648e9668a99057af5cc56",
            "filesize": 45325309,
            "modifiedDatetime": "2020-11-30T22:49:08.000Z",
            "bitRate": 615.2167160592172,
            "duration": 575.576,
            "frameHeight": 540,
            "frameWidth": 960,
            "label": "480p",
            "frameRate": 23.976,
            "mimetype": "video/mp4",
            "subtitled": false,
            "subtitles": {
                "url": "https://download-a.akamaihd.net/files/media_publication/70/co-r20_E_133.vtt",
                "modifiedDatetime": "2020-11-30T22:49:18.000Z",
                "checksum": "6bc92d6fa95e62cdbcf12dd872073768"
            }
        },
        {
            "progressiveDownloadURL": "https://download-a.akamaihd.net/files/media_publication/46/CO-r20_E_133_r720P.mp4",
            "checksum": "946081aa873c733a80cd3425ff20b3f5",
            "filesize": 76845388,
            "modifiedDatetime": "2020-11-30T22:49:12.000Z",
            "bitRate": 1043.0500815704615,
            "duration": 575.576,
            "frameHeight": 720,
            "frameWidth": 1280,
            "label": "720p",
            "frameRate": 23.976,
            "mimetype": "video/mp4",
            "subtitled": false,
            "subtitles": {
                "url": "https://download-a.akamaihd.net/files/media_publication/70/co-r20_E_133.vtt",
                "modifiedDatetime": "2020-11-30T22:49:18.000Z",
                "checksum": "6bc92d6fa95e62cdbcf12dd872073768"
            }
        }
    ],
    "printReferences": [
        "co-r20-133.v",
        "co-r20-133"
    ],
    "subtitlesUrl": "https://download-a.akamaihd.net/files/media_publication/70/co-r20_E_133.vtt",
    "Name": "pub-co-r20_E_133_VIDEO",
    "Title": "Kenneth Cook, Jr.: Help Your Bible Students to . . . Avoid Bad Associations",
    "UndatedReferenceTitle": "Kenneth Cook, Jr.: Help Your Bible Students to . . . Avoid Bad Associations",
    "ShortTitle": null,
    "Category": "vod",
    "Year": 2020,
    "Symbol": "2020Convention"
}