{
    "guid": "6255b55ddedf1bc789247c76",
    "languageAgnosticNaturalKey": "pub-co-r22_102_VIDEO",
    "naturalKey": "pub-co-r22_E_102_VIDEO",
    "type": "video",
    "primaryCategory": "2022Convention",
    "description": "",
    "firstPublished": "2022-06-28T02:45:25.630Z",
    "duration": 1163.776,
    "durationFormattedHHMM": "19:23",
    "durationFormattedMinSec": "19m 23s",
    "files": [
        {
            "progressiveDownloadURL": "https://download-a.akamaihd.net/files/media_publication/50/CO-r22_E_102_r240P.mp4",
            "checksum": "0ab441961d4c40e6bf94e04eca0d53ba",
            "filesize": 21256921,
            "modifiedDatetime": "2022-06-28T02:44:02.000Z",
            "bitRate": 142.69902052671648,
            "duration": 1163.776,
            "frameHeight": 234,
            "frameWidth": 416,
            "label": "240p",
            "frameRate": 23.976,
            "mimetype": "video/mp4",
            "subtitled": false,
            "subtitles": {
                "url": "https://download-a.akamaihd.net/files/media_publication/a3/CO-r22_E_102.vtt",
                "modifiedDatetime": "2022-06-28T02:43:47.000Z",
                "checksum": "b8d3608f23011694c9286e90c93359b2"
            }
        },
        {
            "progressiveDownloadURL": "https://download-a.akamaihd.net/files/media_publication/3c/CO-r22_E_102_r360P.mp4",
            "checksum": "dda6b7d1644fd70bcc1b2960e095c8b8",
            "filesize": 41339804,
            "modifiedDatetime": "2022-06-28T02:43:57.000Z",
            "bitRate": 277.5216594128489,
            "duration": 1163.755,
            "frameHeight": 360,
            "frameWidth": 640,
            "label": "360p",
            "frameRate": 23.976,
            "mimetype": "video/mp4",
            "subtitled": false,
            "subtitles": {
                "url": "https://download-a.akamaihd.net/files/media_publication/a3/CO-r22_E_102.vtt",
                "modifiedDatetime": "2022-06-28T02:43:47.000Z",
                "checksum": "b8d3608f23011694c9286e90c93359b2"
            }
        },
        {
            "progressiveDownloadURL": "https://download-a.akamaihd.net/files/media_publication/fd/CO-r22_E_102_r480P.mp4",
            "checksum": "220614434e97b8fc279b8f24ffaa42b2",
            "filesize": 74414083,
            "modifiedDatetime": "2022-06-28T02:43:54.000Z",
            "bitRate": 499.55533891368884,
            "duration": 1163.755,
            "frameHeight": 540,
            "frameWidth": 960,
            "label": "480p",
            "frameRate": 23.976,
            "mimetype": "video/mp4",
            "subtitled": false,
            "subtitles": {
                "url": "https://download-a.akamaihd.net/files/media_publication/a3/CO-r22_E_102.vtt",
                "modifiedDatetime": "2022-06-28T02:43:47.000Z",
                "checksum": "b8d3608f23011694c9286e90c93359b2"
            }
        },
        {
            "progressiveDownloadURL": "https://download-a.akamaihd.net/files/media_publication/29/CO-r22_E_102_r720P.mp4",
            "checksum": "9cb3bfb6564e3e6f824634b08626c986",
            "filesize": 129805929,
            "modifiedDatetime": "2022-06-28T02:43:50.000Z",
            "bitRate": 871.410924389154,
            "duration": 1163.755,
            "frameHeight": 720,
            "frameWidth": 1280,
            "label": "720p",
            "frameRate": 23.976,
            "mimetype": "video/mp4",
            "subtitled": false,
            "subtitles": {
                "url": "https://download-a.akamaihd.net/files/media_publication/a3/CO-r22_E_102.vtt",
                "modifiedDatetime": "2022-06-28T02:43:47.000Z",
                "checksum": "b8d3608f23011694c9286e90c93359b2"
            }
        }
    ],
    "printReferences": [
        "co-r22-102.v",
        "co-r22-102"
    ],
    "subtitlesUrl": "https://download-a.akamaihd.net/files/media_publication/a3/CO-r22_E_102.vtt",
    "Name": "pub-co-r22_E_102_VIDEO",
    "Title": "Seth Hyatt: How Love Leads to Genuine Peace—Love for God",
    "UndatedReferenceTitle": "Seth Hyatt: How Love Leads to Genuine Peace—Love for God",
    "ShortTitle": null,
    "Category": "vod",
    "Year": 2022,
    "Symbol": "2022Convention"
}