{
    "guid": "6250757bdedf1bc7891a7c2a",
    "languageAgnosticNaturalKey": "pub-co-r22_127_VIDEO",
    "naturalKey": "pub-co-r22_E_127_VIDEO",
    "type": "video",
    "primaryCategory": "2022Convention",
    "description": "",
    "firstPublished": "2022-07-25T13:34:32.022Z",
    "duration": 583.083,
    "durationFormattedHHMM": "9:43",
    "durationFormattedMinSec": "9m 43s",
    "files": [
        {
            "progressiveDownloadURL": "https://download-a.akamaihd.net/files/media_publication/44/CO-r22_E_127_r240P.mp4",
            "checksum": "8e2a24851084be00eea0ac2ac8d9f4dc",
            "filesize": 10714482,
            "modifiedDatetime": "2022-07-25T00:38:55.000Z",
            "bitRate": 143.55913416271784,
            "duration": 583.083,
            "frameHeight": 234,
            "frameWidth": 416,
            "label": "240p",
            "frameRate": 23.976,
            "mimetype": "video/mp4",
            "subtitled": false,
            "subtitles": {
                "url": "https://download-a.akamaihd.net/files/media_publication/93/CO-r22_E_127.vtt",
                "modifiedDatetime": "2022-07-25T00:38:34.000Z",
                "checksum": "a439894cd4e6c12b01002a63c80e8e98"
            }
        },
        {
            "progressiveDownloadURL": "https://download-a.akamaihd.net/files/media_publication/28/CO-r22_E_127_r360P.mp4",
            "checksum": "b20a9ff8760c3f01f89e663e2db3a3bf",
            "filesize": 20789426,
            "modifiedDatetime": "2022-07-25T00:38:49.000Z",
            "bitRate": 278.55938240701676,
            "duration": 583.062,
            "frameHeight": 360,
            "frameWidth": 640,
            "label": "360p",
            "frameRate": 23.976,
            "mimetype": "video/mp4",
            "subtitled": false,
            "subtitles": {
                "url": "https://download-a.akamaihd.net/files/media_publication/93/CO-r22_E_127.vtt",
                "modifiedDatetime": "2022-07-25T00:38:34.000Z",
                "checksum": "a439894cd4e6c12b01002a63c80e8e98"
            }
        },
        {
            "progressiveDownloadURL": "https://download-a.akamaihd.net/files/media_publication/e8/CO-r22_E_127_r480P.mp4",
            "checksum": "8a4bb3fd80d7d9405d55384d5a8b016e",
            "filesize": 36824307,
            "modifiedDatetime": "2022-07-25T00:38:46.000Z",
            "bitRate": 493.4121901916091,
            "duration": 583.062,
            "frameHeight": 540,
            "frameWidth": 960,
            "label": "480p",
            "frameRate": 23.976,
            "mimetype": "video/mp4",
            "subtitled": false,
            "subtitles": {
                "url": "https://download-a.akamaihd.net/files/media_publication/93/CO-r22_E_127.vtt",
                "modifiedDatetime": "2022-07-25T00:38:34.000Z",
                "checksum": "a439894cd4e6c12b01002a63c80e8e98"
            }
        },
        {
            "progressiveDownloadURL": "https://download-a.akamaihd.net/files/media_publication/2e/CO-r22_E_127_r720P.mp4",
            "checksum": "54e6457e110a1e7d9a7cd31bba68622f",
            "filesize": 61714122,
            "modifiedDatetime": "2022-07-25T00:38:40.000Z",
            "bitRate": 826.9130523426325,
            "duration": 583.062,
            "frameHeight": 720,
            "frameWidth": 1280,
            "label": "720p",
            "frameRate": 23.976,
            "mimetype": "video/mp4",
            "subtitled": false,
            "subtitles": {
                "url": "https://download-a.akamaihd.net/files/media_publication/93/CO-r22_E_127.vtt",
                "modifiedDatetime": "2022-07-25T00:38:34.000Z",
                "checksum": "a439894cd4e6c12b01002a63c80e8e98"
            }
        }
    ],
    "printReferences": [
        "co-r22-127.v",
        "co-r22-127"
    ],
    "subtitlesUrl": "https://download-a.akamaihd.net/files/media_publication/93/CO-r22_E_127.vtt",
    "Name": "pub-co-r22_E_127_VIDEO",
    "Title": "Seth Hyatt: “Put Away” Peace Wreckers—Envy",
    "UndatedReferenceTitle": "Seth Hyatt: “Put Away” Peace Wreckers—Envy",
    "ShortTitle": null,
    "Category": "vod",
    "Year": 2022,
    "Symbol": "2022Convention"
}