{
    "guid": "5f85e7410ca056895ecc6a49",
    "languageAgnosticNaturalKey": "pub-co-r20_137_VIDEO",
    "naturalKey": "pub-co-r20_E_137_VIDEO",
    "type": "video",
    "primaryCategory": "2020Convention",
    "description": "",
    "firstPublished": "2020-12-01T23:44:18.382Z",
    "duration": 2148.106,
    "durationFormattedHHMM": "35:48",
    "durationFormattedMinSec": "35m 48s",
    "files": [
        {
            "progressiveDownloadURL": "https://download-a.akamaihd.net/files/media_publication/2d/CO-r20_E_137_r240P.mp4",
            "checksum": "0839328447f7772b82bda41deadb324b",
            "filesize": 56961870,
            "modifiedDatetime": "2020-12-01T23:27:40.000Z",
            "bitRate": 207.16603807028142,
            "duration": 2148.106,
            "frameHeight": 234,
            "frameWidth": 416,
            "label": "240p",
            "frameRate": 23.81,
            "mimetype": "video/mp4",
            "subtitled": false,
            "subtitles": {
                "url": "https://download-a.akamaihd.net/files/media_publication/9e/co-r20_E_137.vtt",
                "modifiedDatetime": "2020-12-01T23:28:40.000Z",
                "checksum": "28ce58f32e182d01397d8099bcca04cc"
            }
        },
        {
            "progressiveDownloadURL": "https://download-a.akamaihd.net/files/media_publication/c2/CO-r20_E_137_r360P.mp4",
            "checksum": "3408d3384084752db12d088febd871f9",
            "filesize": 79288799,
            "modifiedDatetime": "2020-12-01T23:27:47.000Z",
            "bitRate": 288.36740002006417,
            "duration": 2148.106,
            "frameHeight": 360,
            "frameWidth": 640,
            "label": "360p",
            "frameRate": 23.976,
            "mimetype": "video/mp4",
            "subtitled": false,
            "subtitles": {
                "url": "https://download-a.akamaihd.net/files/media_publication/9e/co-r20_E_137.vtt",
                "modifiedDatetime": "2020-12-01T23:28:40.000Z",
                "checksum": "28ce58f32e182d01397d8099bcca04cc"
            }
        },
        {
            "progressiveDownloadURL": "https://download-a.akamaihd.net/files/media_publication/f9/CO-r20_E_137_r480P.mp4",
            "checksum": "97849bde5bbfc772b73fd290c5a57392",
            "filesize": 143499564,
            "modifiedDatetime": "2020-12-01T23:28:00.000Z",
            "bitRate": 521.8971241409874,
            "duration": 2148.106,
            "frameHeight": 540,
            "frameWidth": 960,
            "label": "480p",
            "frameRate": 23.976,
            "mimetype": "video/mp4",
            "subtitled": false,
            "subtitles": {
                "url": "https://download-a.akamaihd.net/files/media_publication/9e/co-r20_E_137.vtt",
                "modifiedDatetime": "2020-12-01T23:28:40.000Z",
                "checksum": "28ce58f32e182d01397d8099bcca04cc"
            }
        },
        {
            "progressiveDownloadURL": "https://download-a.akamaihd.net/files/media_publication/e8/CO-r20_E_137_r720P.mp4",
            "checksum": "1bc90c212acc5a1c04fbd54571998616",
            "filesize": 244649706,
            "modifiedDatetime": "2020-12-01T23:28:04.000Z",
            "bitRate": 889.7725848375266,
            "duration": 2148.106,
            "frameHeight": 720,
            "frameWidth": 1280,
            "label": "720p",
            "frameRate": 23.976,
            "mimetype": "video/mp4",
            "subtitled": false,
            "subtitles": {
                "url": "https://download-a.akamaihd.net/files/media_publication/9e/co-r20_E_137.vtt",
                "modifiedDatetime": "2020-12-01T23:28:40.000Z",
                "checksum": "28ce58f32e182d01397d8099bcca04cc"
            }
        }
    ],
    "printReferences": [
        "co-r20-137.v",
        "co-r20-137"
    ],
    "subtitlesUrl": "https://download-a.akamaihd.net/files/media_publication/9e/co-r20_E_137.vtt",
    "Name": "pub-co-r20_E_137_VIDEO",
    "Title": "M. Stephen Lett: Making Disciples Now Prepares Us for New World Disciple-Making",
    "UndatedReferenceTitle": "M. Stephen Lett: Making Disciples Now Prepares Us for New World Disciple-Making",
    "ShortTitle": null,
    "Category": "vod",
    "Year": 2020,
    "Symbol": "2020Convention"
}