{
    "guid": "5f85be310ca056895ecb7e31",
    "languageAgnosticNaturalKey": "pub-co-r20_128_VIDEO",
    "naturalKey": "pub-co-r20_E_128_VIDEO",
    "type": "video",
    "primaryCategory": "2020Convention",
    "description": "",
    "firstPublished": "2020-12-01T23:44:58.453Z",
    "duration": 701.619,
    "durationFormattedHHMM": "11:41",
    "durationFormattedMinSec": "11m 41s",
    "files": [
        {
            "progressiveDownloadURL": "https://download-a.akamaihd.net/files/media_publication/dc/CO-r20_E_128_r240P.mp4",
            "checksum": "3334c4c425d6ec47b7c41b9502fcd18a",
            "filesize": 18790668,
            "modifiedDatetime": "2020-11-30T22:47:20.000Z",
            "bitRate": 209.23334993778673,
            "duration": 701.619,
            "frameHeight": 234,
            "frameWidth": 416,
            "label": "240p",
            "frameRate": 23.529,
            "mimetype": "video/mp4",
            "subtitled": false,
            "subtitles": {
                "url": "https://download-a.akamaihd.net/files/media_publication/07/co-r20_E_128.vtt",
                "modifiedDatetime": "2020-11-30T22:47:33.000Z",
                "checksum": "463e8697b58a548f9db8789093357c0a"
            }
        },
        {
            "progressiveDownloadURL": "https://download-a.akamaihd.net/files/media_publication/54/CO-r20_E_128_r360P.mp4",
            "checksum": "ac83cb55673bf1b12b313c3a2d91f6c2",
            "filesize": 26282098,
            "modifiedDatetime": "2020-11-30T22:47:24.000Z",
            "bitRate": 292.65012866669804,
            "duration": 701.619,
            "frameHeight": 360,
            "frameWidth": 640,
            "label": "360p",
            "frameRate": 23.976,
            "mimetype": "video/mp4",
            "subtitled": false,
            "subtitles": {
                "url": "https://download-a.akamaihd.net/files/media_publication/07/co-r20_E_128.vtt",
                "modifiedDatetime": "2020-11-30T22:47:33.000Z",
                "checksum": "463e8697b58a548f9db8789093357c0a"
            }
        },
        {
            "progressiveDownloadURL": "https://download-a.akamaihd.net/files/media_publication/23/CO-r20_E_128_r480P.mp4",
            "checksum": "9a2ba61d7ee4697ee2422e08e4cd824c",
            "filesize": 47727645,
            "modifiedDatetime": "2020-11-30T22:47:26.000Z",
            "bitRate": 531.4454519653829,
            "duration": 701.619,
            "frameHeight": 540,
            "frameWidth": 960,
            "label": "480p",
            "frameRate": 23.976,
            "mimetype": "video/mp4",
            "subtitled": false,
            "subtitles": {
                "url": "https://download-a.akamaihd.net/files/media_publication/07/co-r20_E_128.vtt",
                "modifiedDatetime": "2020-11-30T22:47:33.000Z",
                "checksum": "463e8697b58a548f9db8789093357c0a"
            }
        },
        {
            "progressiveDownloadURL": "https://download-a.akamaihd.net/files/media_publication/e3/CO-r20_E_128_r720P.mp4",
            "checksum": "ded37660fb3d43fccdb610c78cd6919d",
            "filesize": 80992330,
            "modifiedDatetime": "2020-11-30T22:47:28.000Z",
            "bitRate": 901.8464125472657,
            "duration": 701.619,
            "frameHeight": 720,
            "frameWidth": 1280,
            "label": "720p",
            "frameRate": 23.976,
            "mimetype": "video/mp4",
            "subtitled": false,
            "subtitles": {
                "url": "https://download-a.akamaihd.net/files/media_publication/07/co-r20_E_128.vtt",
                "modifiedDatetime": "2020-11-30T22:47:33.000Z",
                "checksum": "463e8697b58a548f9db8789093357c0a"
            }
        }
    ],
    "printReferences": [
        "co-r20-128.v",
        "co-r20-128"
    ],
    "subtitlesUrl": "https://download-a.akamaihd.net/files/media_publication/07/co-r20_E_128.vtt",
    "Name": "pub-co-r20_E_128_VIDEO",
    "Title": "Gerrit Lösch: Experience the Joy of Disciple-Making—Accept Jehovah’s Help—Prayer",
    "UndatedReferenceTitle": "Gerrit Lösch: Experience the Joy of Disciple-Making—Accept Jehovah’s Help—Prayer",
    "ShortTitle": null,
    "Category": "vod",
    "Year": 2020,
    "Symbol": "2020Convention"
}