{
    "guid": "60b81c45b9f9166228db9370",
    "languageAgnosticNaturalKey": "pub-co-r21_131_VIDEO",
    "naturalKey": "pub-co-r21_E_131_VIDEO",
    "type": "video",
    "primaryCategory": "2021Convention",
    "description": "",
    "firstPublished": "2021-09-13T16:40:55.851Z",
    "duration": 753.323,
    "durationFormattedHHMM": "12:33",
    "durationFormattedMinSec": "12m 33s",
    "files": [
        {
            "progressiveDownloadURL": "https://download-a.akamaihd.net/files/media_publication/83/CO-r21_E_131_r240P.mp4",
            "checksum": "01c5cfbbb3a1c675ccae575202dc74a0",
            "filesize": 15998338,
            "modifiedDatetime": "2021-09-11T04:49:07.000Z",
            "bitRate": 165.91424345864922,
            "duration": 753.323,
            "frameHeight": 234,
            "frameWidth": 416,
            "label": "240p",
            "frameRate": 23.715,
            "mimetype": "video/mp4",
            "subtitled": false,
            "subtitles": {
                "url": "https://download-a.akamaihd.net/files/media_publication/f6/co-r21_E_131.vtt",
                "modifiedDatetime": "2021-09-11T04:48:51.000Z",
                "checksum": "7e94304f0a0e3e89a7c2fa159d9e4fa8"
            }
        },
        {
            "progressiveDownloadURL": "https://download-a.akamaihd.net/files/media_publication/cb/CO-r21_E_131_r360P.mp4",
            "checksum": "99f88572b9959733c6c474865f89da01",
            "filesize": 30258726,
            "modifiedDatetime": "2021-09-11T04:49:04.000Z",
            "bitRate": 313.81594602254626,
            "duration": 753.296,
            "frameHeight": 360,
            "frameWidth": 640,
            "label": "360p",
            "frameRate": 23.976,
            "mimetype": "video/mp4",
            "subtitled": false,
            "subtitles": {
                "url": "https://download-a.akamaihd.net/files/media_publication/f6/co-r21_E_131.vtt",
                "modifiedDatetime": "2021-09-11T04:48:51.000Z",
                "checksum": "7e94304f0a0e3e89a7c2fa159d9e4fa8"
            }
        },
        {
            "progressiveDownloadURL": "https://download-a.akamaihd.net/files/media_publication/3c/CO-r21_E_131_r480P.mp4",
            "checksum": "e0b5acced8e28b93ef2e56f969ec3e01",
            "filesize": 53711007,
            "modifiedDatetime": "2021-09-11T04:48:59.000Z",
            "bitRate": 557.0416439055829,
            "duration": 753.296,
            "frameHeight": 540,
            "frameWidth": 960,
            "label": "480p",
            "frameRate": 23.976,
            "mimetype": "video/mp4",
            "subtitled": false,
            "subtitles": {
                "url": "https://download-a.akamaihd.net/files/media_publication/f6/co-r21_E_131.vtt",
                "modifiedDatetime": "2021-09-11T04:48:51.000Z",
                "checksum": "7e94304f0a0e3e89a7c2fa159d9e4fa8"
            }
        },
        {
            "progressiveDownloadURL": "https://download-a.akamaihd.net/files/media_publication/5c/CO-r21_E_131_r720P.mp4",
            "checksum": "3dd2df19f7330a0d8c7ab0d43f00ba86",
            "filesize": 86783340,
            "modifiedDatetime": "2021-09-11T04:48:55.000Z",
            "bitRate": 900.037759061511,
            "duration": 753.296,
            "frameHeight": 720,
            "frameWidth": 1280,
            "label": "720p",
            "frameRate": 23.976,
            "mimetype": "video/mp4",
            "subtitled": false,
            "subtitles": {
                "url": "https://download-a.akamaihd.net/files/media_publication/f6/co-r21_E_131.vtt",
                "modifiedDatetime": "2021-09-11T04:48:51.000Z",
                "checksum": "7e94304f0a0e3e89a7c2fa159d9e4fa8"
            }
        }
    ],
    "printReferences": [
        "co-r21-131.v",
        "co-r21-131"
    ],
    "subtitlesUrl": "https://download-a.akamaihd.net/files/media_publication/f6/co-r21_E_131.vtt",
    "Name": "pub-co-r21_E_131_VIDEO",
    "Title": "David Schafer: Enter the Door to Activity in Faith—Learn a New Language",
    "UndatedReferenceTitle": "David Schafer: Enter the Door to Activity in Faith—Learn a New Language",
    "ShortTitle": null,
    "Category": "vod",
    "Year": 2021,
    "Symbol": "2021Convention"
}