{
    "guid": "60662ca80524ac0a0ac9eb09",
    "languageAgnosticNaturalKey": "pub-co-r21_104_VIDEO",
    "naturalKey": "pub-co-r21_E_104_VIDEO",
    "type": "video",
    "primaryCategory": "2021Convention",
    "description": "",
    "firstPublished": "2021-09-13T16:54:52.147Z",
    "duration": 714.112,
    "durationFormattedHHMM": "11:54",
    "durationFormattedMinSec": "11m 54s",
    "files": [
        {
            "progressiveDownloadURL": "https://download-a.akamaihd.net/files/media_publication/9c/CO-r21_E_104_r240P.mp4",
            "checksum": "66be664f606a4df035d3bdac5725aa89",
            "filesize": 12040126,
            "modifiedDatetime": "2021-09-11T05:04:40.000Z",
            "bitRate": 131.7209126509567,
            "duration": 714.112,
            "frameHeight": 234,
            "frameWidth": 416,
            "label": "240p",
            "frameRate": 23.81,
            "mimetype": "video/mp4",
            "subtitled": false,
            "subtitles": {
                "url": "https://download-a.akamaihd.net/files/media_publication/84/co-r21_E_104.vtt",
                "modifiedDatetime": "2021-09-11T05:04:28.000Z",
                "checksum": "fdab8b8eaa4f5bb1ab0af9674d296736"
            }
        },
        {
            "progressiveDownloadURL": "https://download-a.akamaihd.net/files/media_publication/ca/CO-r21_E_104_r360P.mp4",
            "checksum": "4e2b62c3305bab9cb0ff07906f9b6f07",
            "filesize": 25053113,
            "modifiedDatetime": "2021-09-11T05:04:35.000Z",
            "bitRate": 274.09352506336734,
            "duration": 714.09,
            "frameHeight": 360,
            "frameWidth": 640,
            "label": "360p",
            "frameRate": 23.976,
            "mimetype": "video/mp4",
            "subtitled": false,
            "subtitles": {
                "url": "https://download-a.akamaihd.net/files/media_publication/84/co-r21_E_104.vtt",
                "modifiedDatetime": "2021-09-11T05:04:28.000Z",
                "checksum": "fdab8b8eaa4f5bb1ab0af9674d296736"
            }
        },
        {
            "progressiveDownloadURL": "https://download-a.akamaihd.net/files/media_publication/b5/CO-r21_E_104_r480P.mp4",
            "checksum": "d4eff1e757f655e8a783848c24d3a72a",
            "filesize": 45309648,
            "modifiedDatetime": "2021-09-11T05:04:33.000Z",
            "bitRate": 495.7100995672814,
            "duration": 714.09,
            "frameHeight": 540,
            "frameWidth": 960,
            "label": "480p",
            "frameRate": 23.976,
            "mimetype": "video/mp4",
            "subtitled": false,
            "subtitles": {
                "url": "https://download-a.akamaihd.net/files/media_publication/84/co-r21_E_104.vtt",
                "modifiedDatetime": "2021-09-11T05:04:28.000Z",
                "checksum": "fdab8b8eaa4f5bb1ab0af9674d296736"
            }
        },
        {
            "progressiveDownloadURL": "https://download-a.akamaihd.net/files/media_publication/24/CO-r21_E_104_r720P.mp4",
            "checksum": "24b167e255443132fce1d6be9b36d649",
            "filesize": 77115455,
            "modifiedDatetime": "2021-09-11T05:04:30.000Z",
            "bitRate": 843.6814577819322,
            "duration": 714.09,
            "frameHeight": 720,
            "frameWidth": 1280,
            "label": "720p",
            "frameRate": 23.976,
            "mimetype": "video/mp4",
            "subtitled": false,
            "subtitles": {
                "url": "https://download-a.akamaihd.net/files/media_publication/84/co-r21_E_104.vtt",
                "modifiedDatetime": "2021-09-11T05:04:28.000Z",
                "checksum": "fdab8b8eaa4f5bb1ab0af9674d296736"
            }
        }
    ],
    "printReferences": [
        "co-r21-104.v",
        "co-r21-104"
    ],
    "subtitlesUrl": "https://download-a.akamaihd.net/files/media_publication/84/co-r21_E_104.vtt",
    "Name": "pub-co-r21_E_104_VIDEO",
    "Title": "Samuel F. Herd: Why We Have Faith in . . . God’s Moral Standards",
    "UndatedReferenceTitle": "Samuel F. Herd: Why We Have Faith in . . . God’s Moral Standards",
    "ShortTitle": null,
    "Category": "vod",
    "Year": 2021,
    "Symbol": "2021Convention"
}