{
    "guid": "608b0e39b738cf2eda3a3ff1",
    "languageAgnosticNaturalKey": "pub-co-r21_129_VIDEO",
    "naturalKey": "pub-co-r21_E_129_VIDEO",
    "type": "video",
    "primaryCategory": "2021Convention",
    "description": "",
    "firstPublished": "2021-09-13T16:41:27.918Z",
    "duration": 1790.665,
    "durationFormattedHHMM": "29:50",
    "durationFormattedMinSec": "29m 50s",
    "files": [
        {
            "progressiveDownloadURL": "https://download-a.akamaihd.net/files/media_publication/e7/CO-r21_E_129_r240P.mp4",
            "checksum": "0ceb594a7c66583bacf5bf11b1d8e155",
            "filesize": 29926702,
            "modifiedDatetime": "2021-09-11T04:55:35.000Z",
            "bitRate": 130.56485728478097,
            "duration": 1790.699,
            "frameHeight": 234,
            "frameWidth": 416,
            "label": "240p",
            "frameRate": 23.928,
            "mimetype": "video/mp4",
            "subtitled": false,
            "subtitles": {
                "url": "https://download-a.akamaihd.net/files/media_publication/1f/co-r21_E_129.vtt",
                "modifiedDatetime": "2021-09-11T04:55:15.000Z",
                "checksum": "86744b3b9d6588680bb2b7d2abb9ad9a"
            }
        },
        {
            "progressiveDownloadURL": "https://download-a.akamaihd.net/files/media_publication/fa/CO-r21_E_129_r360P.mp4",
            "checksum": "c50ffe1702d9066da7102f2fb9aa9a7b",
            "filesize": 60503200,
            "modifiedDatetime": "2021-09-11T04:55:29.000Z",
            "bitRate": 263.96967048554586,
            "duration": 1790.665,
            "frameHeight": 360,
            "frameWidth": 640,
            "label": "360p",
            "frameRate": 23.976,
            "mimetype": "video/mp4",
            "subtitled": false,
            "subtitles": {
                "url": "https://download-a.akamaihd.net/files/media_publication/1f/co-r21_E_129.vtt",
                "modifiedDatetime": "2021-09-11T04:55:15.000Z",
                "checksum": "86744b3b9d6588680bb2b7d2abb9ad9a"
            }
        },
        {
            "progressiveDownloadURL": "https://download-a.akamaihd.net/files/media_publication/33/CO-r21_E_129_r480P.mp4",
            "checksum": "2a2ba7ddce6ca14b9e66c6211cfee6af",
            "filesize": 106553565,
            "modifiedDatetime": "2021-09-11T04:55:24.000Z",
            "bitRate": 464.88300523129675,
            "duration": 1790.665,
            "frameHeight": 540,
            "frameWidth": 960,
            "label": "480p",
            "frameRate": 23.976,
            "mimetype": "video/mp4",
            "subtitled": false,
            "subtitles": {
                "url": "https://download-a.akamaihd.net/files/media_publication/1f/co-r21_E_129.vtt",
                "modifiedDatetime": "2021-09-11T04:55:15.000Z",
                "checksum": "86744b3b9d6588680bb2b7d2abb9ad9a"
            }
        },
        {
            "progressiveDownloadURL": "https://download-a.akamaihd.net/files/media_publication/e1/CO-r21_E_129_r720P.mp4",
            "checksum": "c43a3093bbce983920c33392030f7f40",
            "filesize": 178638062,
            "modifiedDatetime": "2021-09-11T04:55:19.000Z",
            "bitRate": 779.3807660143019,
            "duration": 1790.665,
            "frameHeight": 720,
            "frameWidth": 1280,
            "label": "720p",
            "frameRate": 23.976,
            "mimetype": "video/mp4",
            "subtitled": false,
            "subtitles": {
                "url": "https://download-a.akamaihd.net/files/media_publication/1f/co-r21_E_129.vtt",
                "modifiedDatetime": "2021-09-11T04:55:15.000Z",
                "checksum": "86744b3b9d6588680bb2b7d2abb9ad9a"
            }
        }
    ],
    "printReferences": [
        "co-r21-129.v",
        "co-r21-129"
    ],
    "subtitlesUrl": "https://download-a.akamaihd.net/files/media_publication/1f/co-r21_E_129.vtt",
    "Name": "pub-co-r21_E_129_VIDEO",
    "Title": "John Ekrann: Baptism: Exercising Faith Means Everlasting Life!",
    "UndatedReferenceTitle": "John Ekrann: Baptism: Exercising Faith Means Everlasting Life!",
    "ShortTitle": null,
    "Category": "vod",
    "Year": 2021,
    "Symbol": "2021Convention"
}