{
    "guid": "5dde8c491b4e58739352be4f",
    "languageAgnosticNaturalKey": "pub-jwbcov_201905_11_VIDEO",
    "naturalKey": "pub-jwbcov_E_201905_11_VIDEO",
    "type": "video",
    "primaryCategory": "2019Convention",
    "description": "",
    "firstPublished": "2020-02-24T13:34:11.075Z",
    "duration": 593.174,
    "durationFormattedHHMM": "9:53",
    "durationFormattedMinSec": "9m 53s",
    "files": [
        {
            "progressiveDownloadURL": "https://download-a.akamaihd.net/files/media_periodical/f2/jwbcov_E_201905_11_r240P.mp4",
            "checksum": "8283062639f81a113827c45fa11f9692",
            "filesize": 23264817,
            "modifiedDatetime": "2020-11-24T01:52:08.000Z",
            "bitRate": 306.4132662802146,
            "duration": 593.174,
            "frameHeight": 234,
            "frameWidth": 416,
            "label": "240p",
            "frameRate": 23.645,
            "mimetype": "video/mp4",
            "subtitled": false,
            "subtitles": {
                "url": "https://download-a.akamaihd.net/files/media_periodical/0a/jwbcov_E_201905_11.vtt",
                "modifiedDatetime": "2020-02-24T10:54:10.000Z",
                "checksum": "c959183a65e90496e546d0b90a5207b7"
            }
        },
        {
            "progressiveDownloadURL": "https://download-a.akamaihd.net/files/media_periodical/0d/jwbcov_E_201905_11_r360P.mp4",
            "checksum": "f4634882fd9288d8d81279bbefdd3398",
            "filesize": 44321472,
            "modifiedDatetime": "2020-02-24T10:53:35.000Z",
            "bitRate": 583.7809541150765,
            "duration": 593.136,
            "frameHeight": 360,
            "frameWidth": 640,
            "label": "360p",
            "frameRate": 23.976,
            "mimetype": "video/mp4",
            "subtitled": false,
            "subtitles": {
                "url": "https://download-a.akamaihd.net/files/media_periodical/0a/jwbcov_E_201905_11.vtt",
                "modifiedDatetime": "2020-02-24T10:54:10.000Z",
                "checksum": "c959183a65e90496e546d0b90a5207b7"
            }
        },
        {
            "progressiveDownloadURL": "https://download-a.akamaihd.net/files/media_periodical/49/jwbcov_E_201905_11_r480P.mp4",
            "checksum": "ca911d7f37d8ee40b133abb4bf7e479b",
            "filesize": 90356908,
            "modifiedDatetime": "2020-02-24T10:53:40.000Z",
            "bitRate": 1190.1374115717138,
            "duration": 593.136,
            "frameHeight": 540,
            "frameWidth": 960,
            "label": "480p",
            "frameRate": 23.976,
            "mimetype": "video/mp4",
            "subtitled": false,
            "subtitles": {
                "url": "https://download-a.akamaihd.net/files/media_periodical/0a/jwbcov_E_201905_11.vtt",
                "modifiedDatetime": "2020-02-24T10:54:10.000Z",
                "checksum": "c959183a65e90496e546d0b90a5207b7"
            }
        },
        {
            "progressiveDownloadURL": "https://download-a.akamaihd.net/files/media_periodical/20/jwbcov_E_201905_11_r720P.mp4",
            "checksum": "4cb7ad55410099cbc783a58e03f300a3",
            "filesize": 163504602,
            "modifiedDatetime": "2020-02-24T10:54:04.000Z",
            "bitRate": 2153.603394710488,
            "duration": 593.136,
            "frameHeight": 720,
            "frameWidth": 1280,
            "label": "720p",
            "frameRate": 23.976,
            "mimetype": "video/mp4",
            "subtitled": false,
            "subtitles": {
                "url": "https://download-a.akamaihd.net/files/media_periodical/0a/jwbcov_E_201905_11.vtt",
                "modifiedDatetime": "2020-02-24T10:54:10.000Z",
                "checksum": "c959183a65e90496e546d0b90a5207b7"
            }
        }
    ],
    "printReferences": [
        "jwbcov.201905-11.v",
        "jwbcov.201905-11"
    ],
    "subtitlesUrl": "https://download-a.akamaihd.net/files/media_periodical/0a/jwbcov_E_201905_11.vtt",
    "Name": "pub-jwbcov_E_201905_11_VIDEO",
    "Title": "Creation Reveals Jehovah’s Love",
    "UndatedReferenceTitle": "Creation Reveals Jehovah’s Love",
    "ShortTitle": null,
    "Category": "vod",
    "Year": 2020,
    "Symbol": "2019Convention"
}