{
    "guid": "625ec0f9dedf1bc7893a338a",
    "languageAgnosticNaturalKey": "pub-co-r22_137_VIDEO",
    "naturalKey": "pub-co-r22_E_137_VIDEO",
    "type": "video",
    "primaryCategory": "2022Convention",
    "description": "",
    "firstPublished": "2022-08-08T14:05:21.159Z",
    "duration": 762.006,
    "durationFormattedHHMM": "12:42",
    "durationFormattedMinSec": "12m 42s",
    "files": [
        {
            "progressiveDownloadURL": "https://download-a.akamaihd.net/files/media_publication/0e/CO-r22_E_137_r240P.mp4",
            "checksum": "8836b3a47b9d45e1bdb871c30865a068",
            "filesize": 13545002,
            "modifiedDatetime": "2022-08-07T23:57:12.000Z",
            "bitRate": 138.8707282160508,
            "duration": 762.006,
            "frameHeight": 234,
            "frameWidth": 416,
            "label": "240p",
            "frameRate": 23.976,
            "mimetype": "video/mp4",
            "subtitled": false,
            "subtitles": {
                "url": "https://download-a.akamaihd.net/files/media_publication/7d/CO-r22_E_137.vtt",
                "modifiedDatetime": "2022-08-07T23:56:44.000Z",
                "checksum": "f2b878ef7d3a5c1072f226944c87e73f"
            }
        },
        {
            "progressiveDownloadURL": "https://download-a.akamaihd.net/files/media_publication/7f/CO-r22_E_137_r360P.mp4",
            "checksum": "e6ab7f0ac96d15dbedec3f0537d99381",
            "filesize": 26689661,
            "modifiedDatetime": "2022-08-07T23:57:07.000Z",
            "bitRate": 273.64482267672287,
            "duration": 761.984,
            "frameHeight": 360,
            "frameWidth": 640,
            "label": "360p",
            "frameRate": 23.976,
            "mimetype": "video/mp4",
            "subtitled": false,
            "subtitles": {
                "url": "https://download-a.akamaihd.net/files/media_publication/7d/CO-r22_E_137.vtt",
                "modifiedDatetime": "2022-08-07T23:56:44.000Z",
                "checksum": "f2b878ef7d3a5c1072f226944c87e73f"
            }
        },
        {
            "progressiveDownloadURL": "https://download-a.akamaihd.net/files/media_publication/c0/CO-r22_E_137_r480P.mp4",
            "checksum": "9a576a370f330cb7e99b503dc6e06eac",
            "filesize": 47313028,
            "modifiedDatetime": "2022-08-07T23:57:01.000Z",
            "bitRate": 485.0929038536242,
            "duration": 761.984,
            "frameHeight": 540,
            "frameWidth": 960,
            "label": "480p",
            "frameRate": 23.976,
            "mimetype": "video/mp4",
            "subtitled": false,
            "subtitles": {
                "url": "https://download-a.akamaihd.net/files/media_publication/7d/CO-r22_E_137.vtt",
                "modifiedDatetime": "2022-08-07T23:56:44.000Z",
                "checksum": "f2b878ef7d3a5c1072f226944c87e73f"
            }
        },
        {
            "progressiveDownloadURL": "https://download-a.akamaihd.net/files/media_publication/f3/CO-r22_E_137_r720P.mp4",
            "checksum": "477daaee7855af7c22059112183cf14a",
            "filesize": 77436304,
            "modifiedDatetime": "2022-08-07T23:56:55.000Z",
            "bitRate": 793.9420315912145,
            "duration": 761.984,
            "frameHeight": 720,
            "frameWidth": 1280,
            "label": "720p",
            "frameRate": 23.976,
            "mimetype": "video/mp4",
            "subtitled": false,
            "subtitles": {
                "url": "https://download-a.akamaihd.net/files/media_publication/7d/CO-r22_E_137.vtt",
                "modifiedDatetime": "2022-08-07T23:56:44.000Z",
                "checksum": "f2b878ef7d3a5c1072f226944c87e73f"
            }
        }
    ],
    "printReferences": [
        "co-r22-137.v",
        "co-r22-137"
    ],
    "subtitlesUrl": "https://download-a.akamaihd.net/files/media_publication/7d/CO-r22_E_137.vtt",
    "Name": "pub-co-r22_E_137_VIDEO",
    "Title": "William Turner, Jr.: How They Sowed and Reaped Peace—Joseph and His Brothers",
    "UndatedReferenceTitle": "William Turner, Jr.: How They Sowed and Reaped Peace—Joseph and His Brothers",
    "ShortTitle": null,
    "Category": "vod",
    "Year": 2022,
    "Symbol": "2022Convention"
}