{
    "guid": "5f84940a0ca056895ec613cd",
    "languageAgnosticNaturalKey": "pub-co-r20_104_VIDEO",
    "naturalKey": "pub-co-r20_E_104_VIDEO",
    "type": "video",
    "primaryCategory": "2020Convention",
    "description": "",
    "firstPublished": "2020-12-01T23:46:19.936Z",
    "duration": 655.907,
    "durationFormattedHHMM": "10:55",
    "durationFormattedMinSec": "10m 55s",
    "files": [
        {
            "progressiveDownloadURL": "https://download-a.akamaihd.net/files/media_publication/d3/CO-r20_E_104_r240P.mp4",
            "checksum": "ca022fc59d9ddbd6979bcf593b0dc09a",
            "filesize": 21069753,
            "modifiedDatetime": "2020-11-29T12:49:01.000Z",
            "bitRate": 250.96156210026726,
            "duration": 655.907,
            "frameHeight": 234,
            "frameWidth": 416,
            "label": "240p",
            "frameRate": 23.506,
            "mimetype": "video/mp4",
            "subtitled": false,
            "subtitles": {
                "url": "https://download-a.akamaihd.net/files/media_publication/49/co-r20_E_104.vtt",
                "modifiedDatetime": "2020-11-29T12:49:15.000Z",
                "checksum": "012f865f2a7eaabc83a7470a8794d14e"
            }
        },
        {
            "progressiveDownloadURL": "https://download-a.akamaihd.net/files/media_publication/a8/CO-r20_E_104_r360P.mp4",
            "checksum": "0c959c68cac87a1cc2e3f21669e9726c",
            "filesize": 29583848,
            "modifiedDatetime": "2020-11-29T12:49:02.000Z",
            "bitRate": 352.3728402044802,
            "duration": 655.907,
            "frameHeight": 360,
            "frameWidth": 640,
            "label": "360p",
            "frameRate": 23.976,
            "mimetype": "video/mp4",
            "subtitled": false,
            "subtitles": {
                "url": "https://download-a.akamaihd.net/files/media_publication/49/co-r20_E_104.vtt",
                "modifiedDatetime": "2020-11-29T12:49:15.000Z",
                "checksum": "012f865f2a7eaabc83a7470a8794d14e"
            }
        },
        {
            "progressiveDownloadURL": "https://download-a.akamaihd.net/files/media_publication/5b/CO-r20_E_104_r480P.mp4",
            "checksum": "63f13b7d84768a6c75d9305ce2b96a5a",
            "filesize": 53355166,
            "modifiedDatetime": "2020-11-29T12:49:05.000Z",
            "bitRate": 635.5127089282474,
            "duration": 655.907,
            "frameHeight": 540,
            "frameWidth": 960,
            "label": "480p",
            "frameRate": 23.976,
            "mimetype": "video/mp4",
            "subtitled": false,
            "subtitles": {
                "url": "https://download-a.akamaihd.net/files/media_publication/49/co-r20_E_104.vtt",
                "modifiedDatetime": "2020-11-29T12:49:15.000Z",
                "checksum": "012f865f2a7eaabc83a7470a8794d14e"
            }
        },
        {
            "progressiveDownloadURL": "https://download-a.akamaihd.net/files/media_publication/32/CO-r20_E_104_r720P.mp4",
            "checksum": "c9ae863c9e9c8486502fc337ef360efe",
            "filesize": 87888662,
            "modifiedDatetime": "2020-11-29T12:49:07.000Z",
            "bitRate": 1046.8407440002927,
            "duration": 655.907,
            "frameHeight": 720,
            "frameWidth": 1280,
            "label": "720p",
            "frameRate": 23.976,
            "mimetype": "video/mp4",
            "subtitled": false,
            "subtitles": {
                "url": "https://download-a.akamaihd.net/files/media_publication/49/co-r20_E_104.vtt",
                "modifiedDatetime": "2020-11-29T12:49:15.000Z",
                "checksum": "012f865f2a7eaabc83a7470a8794d14e"
            }
        }
    ],
    "printReferences": [
        "co-r20-104.v",
        "co-r20-104"
    ],
    "subtitlesUrl": "https://download-a.akamaihd.net/files/media_publication/49/co-r20_E_104.vtt",
    "Name": "pub-co-r20_E_104_VIDEO",
    "Title": "William Malenfant: What Contributes to Joy?—Meaningful Work",
    "UndatedReferenceTitle": "William Malenfant: What Contributes to Joy?—Meaningful Work",
    "ShortTitle": null,
    "Category": "vod",
    "Year": 2020,
    "Symbol": "2020Convention"
}