{
    "guid": "6284eaa02b229f0b1c2efa0a",
    "languageAgnosticNaturalKey": "pub-co-r22_10_VIDEO",
    "naturalKey": "pub-co-r22_E_10_VIDEO",
    "type": "video",
    "primaryCategory": "2022Convention",
    "description": "",
    "firstPublished": "2022-08-08T13:55:17.748Z",
    "duration": 2030.016,
    "durationFormattedHHMM": "33:50",
    "durationFormattedMinSec": "33m 50s",
    "files": [
        {
            "progressiveDownloadURL": "https://download-a.akamaihd.net/files/media_publication/ec/CO-r22_E_10_r240P.mp4",
            "checksum": "a8b0fdaaebe993639de1f84f70db4dec",
            "filesize": 33150110,
            "modifiedDatetime": "2022-08-07T16:07:16.000Z",
            "bitRate": 127.57792764933872,
            "duration": 2030.016,
            "frameHeight": 234,
            "frameWidth": 416,
            "label": "240p",
            "frameRate": 23.976,
            "mimetype": "video/mp4",
            "subtitled": false,
            "subtitles": {
                "url": "https://download-a.akamaihd.net/files/media_publication/2c/CO-r22_E_10.vtt",
                "modifiedDatetime": "2022-08-07T16:06:54.000Z",
                "checksum": "fcde69d0bb002840be96d0518fa47b4e"
            }
        },
        {
            "progressiveDownloadURL": "https://download-a.akamaihd.net/files/media_publication/6e/CO-r22_E_10_r360P.mp4",
            "checksum": "c2907155c9e1a39934cf9f7443c15886",
            "filesize": 66270594,
            "modifiedDatetime": "2022-08-07T16:07:13.000Z",
            "bitRate": 255.04447824994645,
            "duration": 2029.995,
            "frameHeight": 360,
            "frameWidth": 640,
            "label": "360p",
            "frameRate": 23.976,
            "mimetype": "video/mp4",
            "subtitled": false,
            "subtitles": {
                "url": "https://download-a.akamaihd.net/files/media_publication/2c/CO-r22_E_10.vtt",
                "modifiedDatetime": "2022-08-07T16:06:54.000Z",
                "checksum": "fcde69d0bb002840be96d0518fa47b4e"
            }
        },
        {
            "progressiveDownloadURL": "https://download-a.akamaihd.net/files/media_publication/85/CO-r22_E_10_r480P.mp4",
            "checksum": "58c9daf52173a8200534c45d344cb07c",
            "filesize": 118131211,
            "modifiedDatetime": "2022-08-07T16:07:08.000Z",
            "bitRate": 454.6317039881872,
            "duration": 2029.995,
            "frameHeight": 540,
            "frameWidth": 960,
            "label": "480p",
            "frameRate": 23.976,
            "mimetype": "video/mp4",
            "subtitled": false,
            "subtitles": {
                "url": "https://download-a.akamaihd.net/files/media_publication/2c/CO-r22_E_10.vtt",
                "modifiedDatetime": "2022-08-07T16:06:54.000Z",
                "checksum": "fcde69d0bb002840be96d0518fa47b4e"
            }
        },
        {
            "progressiveDownloadURL": "https://download-a.akamaihd.net/files/media_publication/03/CO-r22_E_10_r720P.mp4",
            "checksum": "4888af36495dcdca2319dfc58f3a4d14",
            "filesize": 195094866,
            "modifiedDatetime": "2022-08-07T16:07:03.000Z",
            "bitRate": 750.8287658959752,
            "duration": 2029.995,
            "frameHeight": 720,
            "frameWidth": 1280,
            "label": "720p",
            "frameRate": 23.976,
            "mimetype": "video/mp4",
            "subtitled": false,
            "subtitles": {
                "url": "https://download-a.akamaihd.net/files/media_publication/2c/CO-r22_E_10.vtt",
                "modifiedDatetime": "2022-08-07T16:06:54.000Z",
                "checksum": "fcde69d0bb002840be96d0518fa47b4e"
            }
        }
    ],
    "printReferences": [
        "co-r22-10.v",
        "co-r22-10"
    ],
    "subtitlesUrl": "https://download-a.akamaihd.net/files/media_publication/2c/CO-r22_E_10.vtt",
    "Name": "pub-co-r22_E_10_VIDEO",
    "Title": "2022 “Pursue Peace”! Convention: Sunday Morning Session—Part 2",
    "UndatedReferenceTitle": "2022 “Pursue Peace”! Convention: Sunday Morning Session—Part 2",
    "ShortTitle": null,
    "Category": "vod",
    "Year": 2022,
    "Symbol": "2022Convention"
}