{
    "guid": "624472a1dedf1bc789fa363d",
    "languageAgnosticNaturalKey": "pub-co-r22_110_VIDEO",
    "naturalKey": "pub-co-r22_E_110_VIDEO",
    "type": "video",
    "primaryCategory": "2022Convention",
    "description": "",
    "firstPublished": "2022-07-04T15:26:53.748Z",
    "duration": 668.374,
    "durationFormattedHHMM": "11:08",
    "durationFormattedMinSec": "11m 8s",
    "files": [
        {
            "progressiveDownloadURL": "https://download-a.akamaihd.net/files/media_publication/7d/CO-r22_E_110_r240P.mp4",
            "checksum": "4fd9c15c13b297536d5b56ac15f02fa7",
            "filesize": 15697443,
            "modifiedDatetime": "2022-07-03T22:22:40.000Z",
            "bitRate": 183.4845063355247,
            "duration": 668.374,
            "frameHeight": 234,
            "frameWidth": 416,
            "label": "240p",
            "frameRate": 23.976,
            "mimetype": "video/mp4",
            "subtitled": false,
            "subtitles": {
                "url": "https://download-a.akamaihd.net/files/media_publication/b5/CO-r22_E_110.vtt",
                "modifiedDatetime": "2022-07-03T22:22:47.000Z",
                "checksum": "281bdf17a92ce6d767cbe51a46a0aee3"
            }
        },
        {
            "progressiveDownloadURL": "https://download-a.akamaihd.net/files/media_publication/36/CO-r22_E_110_r360P.mp4",
            "checksum": "521217471de20b23b3d9ce208fa233a7",
            "filesize": 29558250,
            "modifiedDatetime": "2022-07-03T22:22:38.000Z",
            "bitRate": 345.51228712564637,
            "duration": 668.352,
            "frameHeight": 360,
            "frameWidth": 640,
            "label": "360p",
            "frameRate": 23.976,
            "mimetype": "video/mp4",
            "subtitled": false,
            "subtitles": {
                "url": "https://download-a.akamaihd.net/files/media_publication/b5/CO-r22_E_110.vtt",
                "modifiedDatetime": "2022-07-03T22:22:47.000Z",
                "checksum": "281bdf17a92ce6d767cbe51a46a0aee3"
            }
        },
        {
            "progressiveDownloadURL": "https://download-a.akamaihd.net/files/media_publication/df/CO-r22_E_110_r480P.mp4",
            "checksum": "7e41e01e08d1912396f5ef5c102a0680",
            "filesize": 54734345,
            "modifiedDatetime": "2022-07-03T22:22:35.000Z",
            "bitRate": 639.8006893261336,
            "duration": 668.352,
            "frameHeight": 540,
            "frameWidth": 960,
            "label": "480p",
            "frameRate": 23.976,
            "mimetype": "video/mp4",
            "subtitled": false,
            "subtitles": {
                "url": "https://download-a.akamaihd.net/files/media_publication/b5/CO-r22_E_110.vtt",
                "modifiedDatetime": "2022-07-03T22:22:47.000Z",
                "checksum": "281bdf17a92ce6d767cbe51a46a0aee3"
            }
        },
        {
            "progressiveDownloadURL": "https://download-a.akamaihd.net/files/media_publication/7c/CO-r22_E_110_r720P.mp4",
            "checksum": "45801fc5cbb52bab6564296c1b21fce0",
            "filesize": 93348217,
            "modifiedDatetime": "2022-07-03T22:22:32.000Z",
            "bitRate": 1091.1659504460224,
            "duration": 668.352,
            "frameHeight": 720,
            "frameWidth": 1280,
            "label": "720p",
            "frameRate": 23.976,
            "mimetype": "video/mp4",
            "subtitled": false,
            "subtitles": {
                "url": "https://download-a.akamaihd.net/files/media_publication/b5/CO-r22_E_110.vtt",
                "modifiedDatetime": "2022-07-03T22:22:47.000Z",
                "checksum": "281bdf17a92ce6d767cbe51a46a0aee3"
            }
        }
    ],
    "printReferences": [
        "co-r22-110.v",
        "co-r22-110"
    ],
    "subtitlesUrl": "https://download-a.akamaihd.net/files/media_publication/b5/CO-r22_E_110.vtt",
    "Name": "pub-co-r22_E_110_VIDEO",
    "Title": "James Mantz: Take Delight in God’s Promises of Peace—“No Resident Will Say: ‘I Am Sick’”",
    "UndatedReferenceTitle": "James Mantz: Take Delight in God’s Promises of Peace—“No Resident Will Say: ‘I Am Sick’”",
    "ShortTitle": null,
    "Category": "vod",
    "Year": 2022,
    "Symbol": "2022Convention"
}