{
    "guid": "60ff6bc923708c1b989ed8c3",
    "languageAgnosticNaturalKey": "pub-jwbcov21_11_VIDEO",
    "naturalKey": "pub-jwbcov21_E_11_VIDEO",
    "type": "video",
    "primaryCategory": "FamilyChallenges",
    "description": "",
    "firstPublished": "2021-09-13T16:11:52.369Z",
    "duration": 147.926,
    "durationFormattedHHMM": "2:27",
    "durationFormattedMinSec": "2m 27s",
    "files": [
        {
            "progressiveDownloadURL": "https://download-a.akamaihd.net/files/media_publication/91/jwbcov21_E_11_r240P.mp4",
            "checksum": "9c416d36e0abd5fd0bd217e096a5cf08",
            "filesize": 5534601,
            "modifiedDatetime": "2021-09-11T04:20:40.000Z",
            "bitRate": 292.3020315056177,
            "duration": 147.926,
            "frameHeight": 234,
            "frameWidth": 416,
            "label": "240p",
            "frameRate": 23.506,
            "mimetype": "video/mp4",
            "subtitled": false,
            "subtitles": {
                "url": "https://download-a.akamaihd.net/files/media_publication/fd/jwbcov21_E_11.vtt",
                "modifiedDatetime": "2021-09-11T04:20:44.000Z",
                "checksum": "73cfd0312f186f3e3c2295adc1a94b6b"
            }
        },
        {
            "progressiveDownloadURL": "https://download-a.akamaihd.net/files/media_publication/c8/jwbcov21_E_11_r360P.mp4",
            "checksum": "40db32947fa41f75b16d3f3f5495bf3a",
            "filesize": 9275854,
            "modifiedDatetime": "2021-09-11T04:20:38.000Z",
            "bitRate": 489.98038779843,
            "duration": 147.899,
            "frameHeight": 360,
            "frameWidth": 640,
            "label": "360p",
            "frameRate": 23.976,
            "mimetype": "video/mp4",
            "subtitled": false,
            "subtitles": {
                "url": "https://download-a.akamaihd.net/files/media_publication/fd/jwbcov21_E_11.vtt",
                "modifiedDatetime": "2021-09-11T04:20:44.000Z",
                "checksum": "73cfd0312f186f3e3c2295adc1a94b6b"
            }
        },
        {
            "progressiveDownloadURL": "https://download-a.akamaihd.net/files/media_publication/42/jwbcov21_E_11_r480P.mp4",
            "checksum": "feafe76001aae1ede392fb9b1cfca38f",
            "filesize": 16893602,
            "modifiedDatetime": "2021-09-11T04:20:36.000Z",
            "bitRate": 892.3742934367373,
            "duration": 147.899,
            "frameHeight": 540,
            "frameWidth": 960,
            "label": "480p",
            "frameRate": 23.976,
            "mimetype": "video/mp4",
            "subtitled": false,
            "subtitles": {
                "url": "https://download-a.akamaihd.net/files/media_publication/fd/jwbcov21_E_11.vtt",
                "modifiedDatetime": "2021-09-11T04:20:44.000Z",
                "checksum": "73cfd0312f186f3e3c2295adc1a94b6b"
            }
        },
        {
            "progressiveDownloadURL": "https://download-a.akamaihd.net/files/media_publication/ea/jwbcov21_E_11_r720P.mp4",
            "checksum": "86fa29955ca6c42a063895c764b9c6f8",
            "filesize": 28009977,
            "modifiedDatetime": "2021-09-11T04:20:32.000Z",
            "bitRate": 1479.5769093266351,
            "duration": 147.899,
            "frameHeight": 720,
            "frameWidth": 1280,
            "label": "720p",
            "frameRate": 23.976,
            "mimetype": "video/mp4",
            "subtitled": false,
            "subtitles": {
                "url": "https://download-a.akamaihd.net/files/media_publication/fd/jwbcov21_E_11.vtt",
                "modifiedDatetime": "2021-09-11T04:20:44.000Z",
                "checksum": "73cfd0312f186f3e3c2295adc1a94b6b"
            }
        }
    ],
    "printReferences": [
        "jwbcov21-11.v",
        "jwbcov21-11"
    ],
    "subtitlesUrl": "https://download-a.akamaihd.net/files/media_publication/fd/jwbcov21_E_11.vtt",
    "Name": "pub-jwbcov21_E_11_VIDEO",
    "Title": "Imitate the Faithful, Not the Faithless—Moses, Not Pharaoh",
    "UndatedReferenceTitle": "Imitate the Faithful, Not the Faithless—Moses, Not Pharaoh",
    "ShortTitle": null,
    "Category": "vod",
    "Year": 2021,
    "Symbol": "FamilyChallenges"
}