{
    "guid": "608ac1a3b738cf2eda398d83",
    "languageAgnosticNaturalKey": "pub-co-r21_118_VIDEO",
    "naturalKey": "pub-co-r21_E_118_VIDEO",
    "type": "video",
    "primaryCategory": "2021Convention",
    "description": "",
    "firstPublished": "2021-09-13T16:47:32.857Z",
    "duration": 657.515,
    "durationFormattedHHMM": "10:57",
    "durationFormattedMinSec": "10m 57s",
    "files": [
        {
            "progressiveDownloadURL": "https://download-a.akamaihd.net/files/media_publication/ca/CO-r21_E_118_r240P.mp4",
            "checksum": "3a794d0a6f647d1bc71881faf1c22ba4",
            "filesize": 13509612,
            "modifiedDatetime": "2021-09-11T04:56:24.000Z",
            "bitRate": 160.51929423663339,
            "duration": 657.515,
            "frameHeight": 234,
            "frameWidth": 416,
            "label": "240p",
            "frameRate": 23.46,
            "mimetype": "video/mp4",
            "subtitled": false,
            "subtitles": {
                "url": "https://download-a.akamaihd.net/files/media_publication/13/co-r21_E_118.vtt",
                "modifiedDatetime": "2021-09-11T04:56:11.000Z",
                "checksum": "97ddd950cb069a238a34cb00088bcb16"
            }
        },
        {
            "progressiveDownloadURL": "https://download-a.akamaihd.net/files/media_publication/fc/CO-r21_E_118_r360P.mp4",
            "checksum": "5e0378591aa18e3d37160ff37d8fc270",
            "filesize": 25674202,
            "modifiedDatetime": "2021-09-11T04:56:22.000Z",
            "bitRate": 305.0678991151223,
            "duration": 657.492,
            "frameHeight": 360,
            "frameWidth": 640,
            "label": "360p",
            "frameRate": 23.976,
            "mimetype": "video/mp4",
            "subtitled": false,
            "subtitles": {
                "url": "https://download-a.akamaihd.net/files/media_publication/13/co-r21_E_118.vtt",
                "modifiedDatetime": "2021-09-11T04:56:11.000Z",
                "checksum": "97ddd950cb069a238a34cb00088bcb16"
            }
        },
        {
            "progressiveDownloadURL": "https://download-a.akamaihd.net/files/media_publication/2c/CO-r21_E_118_r480P.mp4",
            "checksum": "64690d99f5be9b88863184eb5e13e430",
            "filesize": 46111334,
            "modifiedDatetime": "2021-09-11T04:56:20.000Z",
            "bitRate": 547.9074983041619,
            "duration": 657.492,
            "frameHeight": 540,
            "frameWidth": 960,
            "label": "480p",
            "frameRate": 23.976,
            "mimetype": "video/mp4",
            "subtitled": false,
            "subtitles": {
                "url": "https://download-a.akamaihd.net/files/media_publication/13/co-r21_E_118.vtt",
                "modifiedDatetime": "2021-09-11T04:56:11.000Z",
                "checksum": "97ddd950cb069a238a34cb00088bcb16"
            }
        },
        {
            "progressiveDownloadURL": "https://download-a.akamaihd.net/files/media_publication/a1/CO-r21_E_118_r720P.mp4",
            "checksum": "4340b20cfc90045775c873d66f669b18",
            "filesize": 76388011,
            "modifiedDatetime": "2021-09-11T04:56:15.000Z",
            "bitRate": 907.6632657697737,
            "duration": 657.492,
            "frameHeight": 720,
            "frameWidth": 1280,
            "label": "720p",
            "frameRate": 23.976,
            "mimetype": "video/mp4",
            "subtitled": false,
            "subtitles": {
                "url": "https://download-a.akamaihd.net/files/media_publication/13/co-r21_E_118.vtt",
                "modifiedDatetime": "2021-09-11T04:56:11.000Z",
                "checksum": "97ddd950cb069a238a34cb00088bcb16"
            }
        }
    ],
    "printReferences": [
        "co-r21-118.v",
        "co-r21-118"
    ],
    "subtitlesUrl": "https://download-a.akamaihd.net/files/media_publication/13/co-r21_E_118.vtt",
    "Name": "pub-co-r21_E_118_VIDEO",
    "Title": "Seth Hyatt: Imitate the Faithful, Not the Faithless—Moses, Not Pharaoh",
    "UndatedReferenceTitle": "Seth Hyatt: Imitate the Faithful, Not the Faithless—Moses, Not Pharaoh",
    "ShortTitle": null,
    "Category": "vod",
    "Year": 2021,
    "Symbol": "2021Convention"
}