{
    "guid": "609584ddb738cf2eda5e96b8",
    "languageAgnosticNaturalKey": "pub-co-r21_133_VIDEO",
    "naturalKey": "pub-co-r21_E_133_VIDEO",
    "type": "video",
    "primaryCategory": "2021Convention",
    "description": "",
    "firstPublished": "2021-09-13T16:40:16.981Z",
    "duration": 620.779,
    "durationFormattedHHMM": "10:20",
    "durationFormattedMinSec": "10m 20s",
    "files": [
        {
            "progressiveDownloadURL": "https://download-a.akamaihd.net/files/media_publication/f0/CO-r21_E_133_r240P.mp4",
            "checksum": "09fd99866a0e1e59883b5c011d51c221",
            "filesize": 13262577,
            "modifiedDatetime": "2021-09-11T04:53:55.000Z",
            "bitRate": 166.90945217621731,
            "duration": 620.779,
            "frameHeight": 234,
            "frameWidth": 416,
            "label": "240p",
            "frameRate": 23.599,
            "mimetype": "video/mp4",
            "subtitled": false,
            "subtitles": {
                "url": "https://download-a.akamaihd.net/files/media_publication/a6/co-r21_E_133.vtt",
                "modifiedDatetime": "2021-09-11T04:54:10.000Z",
                "checksum": "1a28b306aa9ec0c3b11210cabc15a77a"
            }
        },
        {
            "progressiveDownloadURL": "https://download-a.akamaihd.net/files/media_publication/04/CO-r21_E_133_r360P.mp4",
            "checksum": "4d00497d568200db111990fe4ee2987d",
            "filesize": 25200101,
            "modifiedDatetime": "2021-09-11T04:54:03.000Z",
            "bitRate": 317.15946925639594,
            "duration": 620.747,
            "frameHeight": 360,
            "frameWidth": 640,
            "label": "360p",
            "frameRate": 23.976,
            "mimetype": "video/mp4",
            "subtitled": false,
            "subtitles": {
                "url": "https://download-a.akamaihd.net/files/media_publication/a6/co-r21_E_133.vtt",
                "modifiedDatetime": "2021-09-11T04:54:10.000Z",
                "checksum": "1a28b306aa9ec0c3b11210cabc15a77a"
            }
        },
        {
            "progressiveDownloadURL": "https://download-a.akamaihd.net/files/media_publication/0b/CO-r21_E_133_r480P.mp4",
            "checksum": "f7fc7d067a195e3a6a0bbc743a423d06",
            "filesize": 44296843,
            "modifiedDatetime": "2021-09-11T04:54:11.000Z",
            "bitRate": 557.504242368469,
            "duration": 620.747,
            "frameHeight": 540,
            "frameWidth": 960,
            "label": "480p",
            "frameRate": 23.976,
            "mimetype": "video/mp4",
            "subtitled": false,
            "subtitles": {
                "url": "https://download-a.akamaihd.net/files/media_publication/a6/co-r21_E_133.vtt",
                "modifiedDatetime": "2021-09-11T04:54:10.000Z",
                "checksum": "1a28b306aa9ec0c3b11210cabc15a77a"
            }
        },
        {
            "progressiveDownloadURL": "https://download-a.akamaihd.net/files/media_publication/75/CO-r21_E_133_r720P.mp4",
            "checksum": "51534deed5fe3533e63ea3771b5d2436",
            "filesize": 70703857,
            "modifiedDatetime": "2021-09-11T04:53:57.000Z",
            "bitRate": 889.8534875118205,
            "duration": 620.747,
            "frameHeight": 720,
            "frameWidth": 1280,
            "label": "720p",
            "frameRate": 23.976,
            "mimetype": "video/mp4",
            "subtitled": false,
            "subtitles": {
                "url": "https://download-a.akamaihd.net/files/media_publication/a6/co-r21_E_133.vtt",
                "modifiedDatetime": "2021-09-11T04:54:10.000Z",
                "checksum": "1a28b306aa9ec0c3b11210cabc15a77a"
            }
        }
    ],
    "printReferences": [
        "co-r21-133.v",
        "co-r21-133"
    ],
    "subtitlesUrl": "https://download-a.akamaihd.net/files/media_publication/a6/co-r21_E_133.vtt",
    "Name": "pub-co-r21_E_133_VIDEO",
    "Title": "Mark Noumair: Enter the Door to Activity in Faith—Apply for the School for Kingdom Evangelizers",
    "UndatedReferenceTitle": "Mark Noumair: Enter the Door to Activity in Faith—Apply for the School for Kingdom Evangelizers",
    "ShortTitle": null,
    "Category": "vod",
    "Year": 2021,
    "Symbol": "2021Convention"
}