{
    "guid": "5f8102260ca056895ec01a2e",
    "languageAgnosticNaturalKey": "pub-co-r20_105_VIDEO",
    "naturalKey": "pub-co-r20_E_105_VIDEO",
    "type": "video",
    "primaryCategory": "2020Convention",
    "description": "",
    "firstPublished": "2020-12-01T23:46:14.331Z",
    "duration": 742.827,
    "durationFormattedHHMM": "12:22",
    "durationFormattedMinSec": "12m 22s",
    "files": [
        {
            "progressiveDownloadURL": "https://download-a.akamaihd.net/files/media_publication/69/CO-r20_E_105_r240P.mp4",
            "checksum": "f1d1b04079fc517303a73bc3fa86f99c",
            "filesize": 22745853,
            "modifiedDatetime": "2020-11-29T12:49:21.000Z",
            "bitRate": 239.22390618878958,
            "duration": 742.827,
            "frameHeight": 234,
            "frameWidth": 416,
            "label": "240p",
            "frameRate": 23.833,
            "mimetype": "video/mp4",
            "subtitled": false,
            "subtitles": {
                "url": "https://download-a.akamaihd.net/files/media_publication/c8/co-r20_E_105.vtt",
                "modifiedDatetime": "2020-11-29T12:49:47.000Z",
                "checksum": "1a54d6068d60c440419ecd959b03c87d"
            }
        },
        {
            "progressiveDownloadURL": "https://download-a.akamaihd.net/files/media_publication/28/CO-r20_E_105_r360P.mp4",
            "checksum": "709e433d64e69ffc09654601639cca9d",
            "filesize": 31797662,
            "modifiedDatetime": "2020-11-29T12:49:24.000Z",
            "bitRate": 334.42407771257643,
            "duration": 742.827,
            "frameHeight": 360,
            "frameWidth": 640,
            "label": "360p",
            "frameRate": 23.976,
            "mimetype": "video/mp4",
            "subtitled": false,
            "subtitles": {
                "url": "https://download-a.akamaihd.net/files/media_publication/c8/co-r20_E_105.vtt",
                "modifiedDatetime": "2020-11-29T12:49:47.000Z",
                "checksum": "1a54d6068d60c440419ecd959b03c87d"
            }
        },
        {
            "progressiveDownloadURL": "https://download-a.akamaihd.net/files/media_publication/95/CO-r20_E_105_r480P.mp4",
            "checksum": "3e2f18030864afcb2362eb96bb5715b9",
            "filesize": 57028067,
            "modifiedDatetime": "2020-11-29T12:49:28.000Z",
            "bitRate": 599.7786475686802,
            "duration": 742.827,
            "frameHeight": 540,
            "frameWidth": 960,
            "label": "480p",
            "frameRate": 23.976,
            "mimetype": "video/mp4",
            "subtitled": false,
            "subtitles": {
                "url": "https://download-a.akamaihd.net/files/media_publication/c8/co-r20_E_105.vtt",
                "modifiedDatetime": "2020-11-29T12:49:47.000Z",
                "checksum": "1a54d6068d60c440419ecd959b03c87d"
            }
        },
        {
            "progressiveDownloadURL": "https://download-a.akamaihd.net/files/media_publication/f9/CO-r20_E_105_r720P.mp4",
            "checksum": "a220db4f3e3762bc74021956a2019e89",
            "filesize": 94574173,
            "modifiedDatetime": "2020-11-29T12:49:33.000Z",
            "bitRate": 994.6605690995347,
            "duration": 742.827,
            "frameHeight": 720,
            "frameWidth": 1280,
            "label": "720p",
            "frameRate": 23.976,
            "mimetype": "video/mp4",
            "subtitled": false,
            "subtitles": {
                "url": "https://download-a.akamaihd.net/files/media_publication/c8/co-r20_E_105.vtt",
                "modifiedDatetime": "2020-11-29T12:49:47.000Z",
                "checksum": "1a54d6068d60c440419ecd959b03c87d"
            }
        }
    ],
    "printReferences": [
        "co-r20-105.v",
        "co-r20-105"
    ],
    "subtitlesUrl": "https://download-a.akamaihd.net/files/media_publication/c8/co-r20_E_105.vtt",
    "Name": "pub-co-r20_E_105_VIDEO",
    "Title": "James Mantz: What Contributes to Joy?—True Friendships",
    "UndatedReferenceTitle": "James Mantz: What Contributes to Joy?—True Friendships",
    "ShortTitle": null,
    "Category": "vod",
    "Year": 2020,
    "Symbol": "2020Convention"
}