{
    "guid": "5dd6ecc81b4e58739340f4bb",
    "languageAgnosticNaturalKey": "pub-jwbcov_201905_13_VIDEO",
    "naturalKey": "pub-jwbcov_E_201905_13_VIDEO",
    "type": "video",
    "primaryCategory": "2019Convention",
    "description": "",
    "firstPublished": "2020-03-09T12:38:50.159Z",
    "duration": 183.254,
    "durationFormattedHHMM": "3:03",
    "durationFormattedMinSec": "3m 3s",
    "files": [
        {
            "progressiveDownloadURL": "https://download-a.akamaihd.net/files/media_periodical/8c/jwbcov_E_201905_13_r240P.mp4",
            "checksum": "b14c2b2b3f9cf9292782eb2b83419539",
            "filesize": 4202763,
            "modifiedDatetime": "2020-11-12T01:26:48.000Z",
            "bitRate": 179.17254705217894,
            "duration": 183.254,
            "frameHeight": 234,
            "frameWidth": 416,
            "label": "240p",
            "frameRate": 23.881,
            "mimetype": "video/mp4",
            "subtitled": false,
            "subtitles": {
                "url": "https://download-a.akamaihd.net/files/media_periodical/a6/jwbcov_E_201905_13.vtt",
                "modifiedDatetime": "2020-03-09T06:04:38.000Z",
                "checksum": "343c67ec9632fae5663fe12b5b7cd3ab"
            }
        },
        {
            "progressiveDownloadURL": "https://download-a.akamaihd.net/files/media_periodical/41/jwbcov_E_201905_13_r360P.mp4",
            "checksum": "2a78b04fd4483808213f8103d67655ac",
            "filesize": 7735535,
            "modifiedDatetime": "2020-03-09T06:04:23.000Z",
            "bitRate": 329.83237743278795,
            "duration": 183.226,
            "frameHeight": 360,
            "frameWidth": 640,
            "label": "360p",
            "frameRate": 23.976,
            "mimetype": "video/mp4",
            "subtitled": false,
            "subtitles": {
                "url": "https://download-a.akamaihd.net/files/media_periodical/a6/jwbcov_E_201905_13.vtt",
                "modifiedDatetime": "2020-03-09T06:04:38.000Z",
                "checksum": "343c67ec9632fae5663fe12b5b7cd3ab"
            }
        },
        {
            "progressiveDownloadURL": "https://download-a.akamaihd.net/files/media_periodical/de/jwbcov_E_201905_13_r480P.mp4",
            "checksum": "e20aad40f83571ea4db5ae827427ce0f",
            "filesize": 13620423,
            "modifiedDatetime": "2020-03-09T06:04:27.000Z",
            "bitRate": 580.7557589397793,
            "duration": 183.226,
            "frameHeight": 540,
            "frameWidth": 960,
            "label": "480p",
            "frameRate": 23.976,
            "mimetype": "video/mp4",
            "subtitled": false,
            "subtitles": {
                "url": "https://download-a.akamaihd.net/files/media_periodical/a6/jwbcov_E_201905_13.vtt",
                "modifiedDatetime": "2020-03-09T06:04:38.000Z",
                "checksum": "343c67ec9632fae5663fe12b5b7cd3ab"
            }
        },
        {
            "progressiveDownloadURL": "https://download-a.akamaihd.net/files/media_periodical/d3/jwbcov_E_201905_13_r720P.mp4",
            "checksum": "5f901b29c36d5011fdd2e153b1473fdc",
            "filesize": 22181330,
            "modifiedDatetime": "2020-03-09T06:04:34.000Z",
            "bitRate": 945.7808423749905,
            "duration": 183.226,
            "frameHeight": 720,
            "frameWidth": 1280,
            "label": "720p",
            "frameRate": 23.976,
            "mimetype": "video/mp4",
            "subtitled": false,
            "subtitles": {
                "url": "https://download-a.akamaihd.net/files/media_periodical/a6/jwbcov_E_201905_13.vtt",
                "modifiedDatetime": "2020-03-09T06:04:38.000Z",
                "checksum": "343c67ec9632fae5663fe12b5b7cd3ab"
            }
        }
    ],
    "printReferences": [
        "jwbcov.201905-13.v",
        "jwbcov.201905-13"
    ],
    "subtitlesUrl": "https://download-a.akamaihd.net/files/media_periodical/a6/jwbcov_E_201905_13.vtt",
    "Name": "pub-jwbcov_E_201905_13_VIDEO",
    "Title": "\"Clothe Yourselves With Love\"",
    "UndatedReferenceTitle": "\"Clothe Yourselves With Love\"",
    "ShortTitle": null,
    "Category": "vod",
    "Year": 2020,
    "Symbol": "2019Convention"
}