{
    "guid": "60c7af05b9f9166228004452",
    "languageAgnosticNaturalKey": "pub-co-r21_7_VIDEO",
    "naturalKey": "pub-co-r21_E_7_VIDEO",
    "type": "video",
    "primaryCategory": "2021Convention",
    "description": "",
    "firstPublished": "2021-07-26T13:50:34.486Z",
    "duration": 5915.307,
    "durationFormattedHHMM": "1:38:35",
    "durationFormattedMinSec": "1h 38m 35s",
    "files": [
        {
            "progressiveDownloadURL": "https://download-a.akamaihd.net/files/media_publication/68/CO-r21_E_07_r240P.mp4",
            "checksum": "4f4f33bc5b94a4d2b58a0251efd75bb6",
            "filesize": 65022212,
            "modifiedDatetime": "2021-07-26T00:44:52.000Z",
            "bitRate": 85.87652868228142,
            "duration": 5915.307,
            "frameHeight": 234,
            "frameWidth": 416,
            "label": "240p",
            "frameRate": 23.976,
            "mimetype": "video/mp4",
            "subtitled": false,
            "subtitles": {
                "url": "https://download-a.akamaihd.net/files/media_publication/a1/co-r21_E_07.vtt",
                "modifiedDatetime": "2021-07-26T00:44:02.000Z",
                "checksum": "abe1c8579aff66d02f7e5315b4eceb46"
            }
        },
        {
            "progressiveDownloadURL": "https://download-a.akamaihd.net/files/media_publication/27/CO-r21_E_07_r360P.mp4",
            "checksum": "0054b41f37988c30eb2af2712baae857",
            "filesize": 253687913,
            "modifiedDatetime": "2021-07-26T00:44:37.000Z",
            "bitRate": 335.05342265995256,
            "duration": 5915.286,
            "frameHeight": 360,
            "frameWidth": 640,
            "label": "360p",
            "frameRate": 23.976,
            "mimetype": "video/mp4",
            "subtitled": false,
            "subtitles": {
                "url": "https://download-a.akamaihd.net/files/media_publication/a1/co-r21_E_07.vtt",
                "modifiedDatetime": "2021-07-26T00:44:02.000Z",
                "checksum": "abe1c8579aff66d02f7e5315b4eceb46"
            }
        },
        {
            "progressiveDownloadURL": "https://download-a.akamaihd.net/files/media_publication/57/CO-r21_E_07_r480P.mp4",
            "checksum": "ab9c73def9491ac258856c39913ffe74",
            "filesize": 460013021,
            "modifiedDatetime": "2021-07-26T00:44:27.000Z",
            "bitRate": 607.5533332728967,
            "duration": 5915.286,
            "frameHeight": 540,
            "frameWidth": 960,
            "label": "480p",
            "frameRate": 23.976,
            "mimetype": "video/mp4",
            "subtitled": false,
            "subtitles": {
                "url": "https://download-a.akamaihd.net/files/media_publication/a1/co-r21_E_07.vtt",
                "modifiedDatetime": "2021-07-26T00:44:02.000Z",
                "checksum": "abe1c8579aff66d02f7e5315b4eceb46"
            }
        },
        {
            "progressiveDownloadURL": "https://download-a.akamaihd.net/files/media_publication/5c/CO-r21_E_07_r720P.mp4",
            "checksum": "e90c0d99bb4c7f2114c9b2d99330f0b5",
            "filesize": 761878875,
            "modifiedDatetime": "2021-07-26T00:44:09.000Z",
            "bitRate": 1006.2368431446088,
            "duration": 5915.286,
            "frameHeight": 720,
            "frameWidth": 1280,
            "label": "720p",
            "frameRate": 23.976,
            "mimetype": "video/mp4",
            "subtitled": false,
            "subtitles": {
                "url": "https://download-a.akamaihd.net/files/media_publication/a1/co-r21_E_07.vtt",
                "modifiedDatetime": "2021-07-26T00:44:02.000Z",
                "checksum": "abe1c8579aff66d02f7e5315b4eceb46"
            }
        }
    ],
    "printReferences": [
        "co-r21-7.v",
        "co-r21-7"
    ],
    "subtitlesUrl": "https://download-a.akamaihd.net/files/media_publication/a1/co-r21_E_07.vtt",
    "Name": "pub-co-r21_E_7_VIDEO",
    "Title": "2021 Powerful by Faith! Convention: Saturday Afternoon Session—Part 1",
    "UndatedReferenceTitle": "2021 Powerful by Faith! Convention: Saturday Afternoon Session—Part 1",
    "ShortTitle": null,
    "Category": "vod",
    "Year": 2021,
    "Symbol": "2021Convention"
}