{
    "guid": "625d73f2dedf1bc789378abf",
    "languageAgnosticNaturalKey": "pub-co-r22_132_VIDEO",
    "naturalKey": "pub-co-r22_E_132_VIDEO",
    "type": "video",
    "primaryCategory": "2022Convention",
    "description": "",
    "firstPublished": "2022-07-25T13:36:02.165Z",
    "duration": 705.899,
    "durationFormattedHHMM": "11:45",
    "durationFormattedMinSec": "11m 45s",
    "files": [
        {
            "progressiveDownloadURL": "https://download-a.akamaihd.net/files/media_publication/5c/CO-r22_E_132_r240P.mp4",
            "checksum": "6ef92b9e12e648adebb90a25a615b5a3",
            "filesize": 12988200,
            "modifiedDatetime": "2022-07-25T00:36:47.000Z",
            "bitRate": 143.74621935999343,
            "duration": 705.899,
            "frameHeight": 234,
            "frameWidth": 416,
            "label": "240p",
            "frameRate": 23.976,
            "mimetype": "video/mp4",
            "subtitled": false,
            "subtitles": {
                "url": "https://download-a.akamaihd.net/files/media_publication/a7/CO-r22_E_132.vtt",
                "modifiedDatetime": "2022-07-25T00:36:24.000Z",
                "checksum": "5557ea6ac6bcb44670ec7b667278d581"
            }
        },
        {
            "progressiveDownloadURL": "https://download-a.akamaihd.net/files/media_publication/27/CO-r22_E_132_r360P.mp4",
            "checksum": "5cbd369428ae986ea140ead2aabca43a",
            "filesize": 25610486,
            "modifiedDatetime": "2022-07-25T00:36:42.000Z",
            "bitRate": 283.4511372715965,
            "duration": 705.878,
            "frameHeight": 360,
            "frameWidth": 640,
            "label": "360p",
            "frameRate": 23.976,
            "mimetype": "video/mp4",
            "subtitled": false,
            "subtitles": {
                "url": "https://download-a.akamaihd.net/files/media_publication/a7/CO-r22_E_132.vtt",
                "modifiedDatetime": "2022-07-25T00:36:24.000Z",
                "checksum": "5557ea6ac6bcb44670ec7b667278d581"
            }
        },
        {
            "progressiveDownloadURL": "https://download-a.akamaihd.net/files/media_publication/7e/CO-r22_E_132_r480P.mp4",
            "checksum": "750cf9749e2d90eea1fd7afd4281f271",
            "filesize": 46901942,
            "modifiedDatetime": "2022-07-25T00:36:37.000Z",
            "bitRate": 519.1002154409118,
            "duration": 705.878,
            "frameHeight": 540,
            "frameWidth": 960,
            "label": "480p",
            "frameRate": 23.976,
            "mimetype": "video/mp4",
            "subtitled": false,
            "subtitles": {
                "url": "https://download-a.akamaihd.net/files/media_publication/a7/CO-r22_E_132.vtt",
                "modifiedDatetime": "2022-07-25T00:36:24.000Z",
                "checksum": "5557ea6ac6bcb44670ec7b667278d581"
            }
        },
        {
            "progressiveDownloadURL": "https://download-a.akamaihd.net/files/media_publication/c4/CO-r22_E_132_r720P.mp4",
            "checksum": "f027ee6fecf8e12943356ef1ae9aa6ed",
            "filesize": 78818451,
            "modifiedDatetime": "2022-07-25T00:36:34.000Z",
            "bitRate": 872.3450064139978,
            "duration": 705.878,
            "frameHeight": 720,
            "frameWidth": 1280,
            "label": "720p",
            "frameRate": 23.976,
            "mimetype": "video/mp4",
            "subtitled": false,
            "subtitles": {
                "url": "https://download-a.akamaihd.net/files/media_publication/a7/CO-r22_E_132.vtt",
                "modifiedDatetime": "2022-07-25T00:36:24.000Z",
                "checksum": "5557ea6ac6bcb44670ec7b667278d581"
            }
        }
    ],
    "printReferences": [
        "co-r22-132.v",
        "co-r22-132"
    ],
    "subtitlesUrl": "https://download-a.akamaihd.net/files/media_publication/a7/CO-r22_E_132.vtt",
    "Name": "pub-co-r22_E_132_VIDEO",
    "Title": "John Ekrann: “Seek Peace and Pursue It” . . . By Not Quickly Taking Offense",
    "UndatedReferenceTitle": "John Ekrann: “Seek Peace and Pursue It” . . . By Not Quickly Taking Offense",
    "ShortTitle": null,
    "Category": "vod",
    "Year": 2022,
    "Symbol": "2022Convention"
}