{
    "guid": "5e021665aff3a231482d916c",
    "languageAgnosticNaturalKey": "pub-jwbcov_201905_18_VIDEO",
    "naturalKey": "pub-jwbcov_E_201905_18_VIDEO",
    "type": "video",
    "primaryCategory": "2019Convention",
    "description": "",
    "firstPublished": "2020-03-19T18:34:08.106Z",
    "duration": 138.219,
    "durationFormattedHHMM": "2:18",
    "durationFormattedMinSec": "2m 18s",
    "files": [
        {
            "progressiveDownloadURL": "https://download-a.akamaihd.net/files/media_periodical/31/jwbcov_E_201905_18_r240P.mp4",
            "checksum": "2afa4388afa716eadf0a1f7f57f2af83",
            "filesize": 3788654,
            "modifiedDatetime": "2020-11-06T02:12:03.000Z",
            "bitRate": 214.14464997576312,
            "duration": 138.219,
            "frameHeight": 234,
            "frameWidth": 416,
            "label": "240p",
            "frameRate": 23.483,
            "mimetype": "video/mp4",
            "subtitled": false,
            "subtitles": {
                "url": "https://download-a.akamaihd.net/files/media_periodical/9c/jwbcov_E_201905_18.vtt",
                "modifiedDatetime": "2020-03-19T14:39:37.000Z",
                "checksum": "f3721f2f3dd7e6dfd641d35e32983826"
            }
        },
        {
            "progressiveDownloadURL": "https://download-a.akamaihd.net/files/media_periodical/8e/jwbcov_E_201905_18_r360P.mp4",
            "checksum": "576d7b234e50f3efa534eb3848beb619",
            "filesize": 6680605,
            "modifiedDatetime": "2020-03-19T14:39:43.000Z",
            "bitRate": 377.70913919062673,
            "duration": 138.181,
            "frameHeight": 360,
            "frameWidth": 640,
            "label": "360p",
            "frameRate": 23.976,
            "mimetype": "video/mp4",
            "subtitled": false,
            "subtitles": {
                "url": "https://download-a.akamaihd.net/files/media_periodical/9c/jwbcov_E_201905_18.vtt",
                "modifiedDatetime": "2020-03-19T14:39:37.000Z",
                "checksum": "f3721f2f3dd7e6dfd641d35e32983826"
            }
        },
        {
            "progressiveDownloadURL": "https://download-a.akamaihd.net/files/media_periodical/ba/jwbcov_E_201905_18_r480P.mp4",
            "checksum": "e2bfd9c0dcfa52e571bdddec0021bfe0",
            "filesize": 11878002,
            "modifiedDatetime": "2020-03-19T14:39:46.000Z",
            "bitRate": 671.5604216571019,
            "duration": 138.181,
            "frameHeight": 540,
            "frameWidth": 960,
            "label": "480p",
            "frameRate": 23.976,
            "mimetype": "video/mp4",
            "subtitled": false,
            "subtitles": {
                "url": "https://download-a.akamaihd.net/files/media_periodical/9c/jwbcov_E_201905_18.vtt",
                "modifiedDatetime": "2020-03-19T14:39:37.000Z",
                "checksum": "f3721f2f3dd7e6dfd641d35e32983826"
            }
        },
        {
            "progressiveDownloadURL": "https://download-a.akamaihd.net/files/media_periodical/67/jwbcov_E_201905_18_r720P.mp4",
            "checksum": "d21d9d2a44e13dae43c8bcf18ba4c3f9",
            "filesize": 19359951,
            "modifiedDatetime": "2020-03-19T14:39:50.000Z",
            "bitRate": 1094.5760791100079,
            "duration": 138.181,
            "frameHeight": 720,
            "frameWidth": 1280,
            "label": "720p",
            "frameRate": 23.976,
            "mimetype": "video/mp4",
            "subtitled": false,
            "subtitles": {
                "url": "https://download-a.akamaihd.net/files/media_periodical/9c/jwbcov_E_201905_18.vtt",
                "modifiedDatetime": "2020-03-19T14:39:37.000Z",
                "checksum": "f3721f2f3dd7e6dfd641d35e32983826"
            }
        }
    ],
    "printReferences": [
        "jwbcov.201905-18.v",
        "jwbcov.201905-18"
    ],
    "subtitlesUrl": "https://download-a.akamaihd.net/files/media_periodical/9c/jwbcov_E_201905_18.vtt",
    "Name": "pub-jwbcov_E_201905_18_VIDEO",
    "Title": "Display Unfailing Love in the Congregation—To Foreign Residents",
    "UndatedReferenceTitle": "Display Unfailing Love in the Congregation—To Foreign Residents",
    "ShortTitle": null,
    "Category": "vod",
    "Year": 2020,
    "Symbol": "2019Convention"
}