{
    "guid": "60c0f5d0b9f9166228f2f36e",
    "languageAgnosticNaturalKey": "pub-co-r21_1_VIDEO",
    "naturalKey": "pub-co-r21_E_1_VIDEO",
    "type": "video",
    "primaryCategory": "2021Convention",
    "description": "",
    "firstPublished": "2021-06-28T14:55:48.139Z",
    "duration": 6358.016,
    "durationFormattedHHMM": "1:45:58",
    "durationFormattedMinSec": "1h 45m 58s",
    "files": [
        {
            "progressiveDownloadURL": "https://download-a.akamaihd.net/files/media_publication/6c/CO-r21_E_01_r240P.mp4",
            "checksum": "9d3bd7c16e193adee2ae9752ed9a1dc5",
            "filesize": 65060846,
            "modifiedDatetime": "2021-06-28T04:04:53.000Z",
            "bitRate": 79.94441337911073,
            "duration": 6358.016,
            "frameHeight": 234,
            "frameWidth": 416,
            "label": "240p",
            "frameRate": 23.976,
            "mimetype": "video/mp4",
            "subtitled": false,
            "subtitles": {
                "url": "https://download-a.akamaihd.net/files/media_publication/dc/co-r21_E_01.vtt",
                "modifiedDatetime": "2021-06-28T04:04:21.000Z",
                "checksum": "93132e2df9a641861fb71931afc33097"
            }
        },
        {
            "progressiveDownloadURL": "https://download-a.akamaihd.net/files/media_publication/5c/CO-r21_E_01_r360P.mp4",
            "checksum": "db18bc8a89d222dfcd2cd2713a9d88e8",
            "filesize": 249864496,
            "modifiedDatetime": "2021-06-28T04:04:46.000Z",
            "bitRate": 307.02628650177775,
            "duration": 6357.978,
            "frameHeight": 360,
            "frameWidth": 640,
            "label": "360p",
            "frameRate": 23.976,
            "mimetype": "video/mp4",
            "subtitled": false,
            "subtitles": {
                "url": "https://download-a.akamaihd.net/files/media_publication/dc/co-r21_E_01.vtt",
                "modifiedDatetime": "2021-06-28T04:04:21.000Z",
                "checksum": "93132e2df9a641861fb71931afc33097"
            }
        },
        {
            "progressiveDownloadURL": "https://download-a.akamaihd.net/files/media_publication/0a/CO-r21_E_01_r480P.mp4",
            "checksum": "7569b618039d435027e64b5ab379997e",
            "filesize": 453441498,
            "modifiedDatetime": "2021-06-28T04:04:38.000Z",
            "bitRate": 557.1758353245324,
            "duration": 6357.978,
            "frameHeight": 540,
            "frameWidth": 960,
            "label": "480p",
            "frameRate": 23.976,
            "mimetype": "video/mp4",
            "subtitled": false,
            "subtitles": {
                "url": "https://download-a.akamaihd.net/files/media_publication/dc/co-r21_E_01.vtt",
                "modifiedDatetime": "2021-06-28T04:04:21.000Z",
                "checksum": "93132e2df9a641861fb71931afc33097"
            }
        },
        {
            "progressiveDownloadURL": "https://download-a.akamaihd.net/files/media_publication/65/CO-r21_E_01_r720P.mp4",
            "checksum": "628fa61ad954cacff3416cd0cd0bf721",
            "filesize": 755577594,
            "modifiedDatetime": "2021-06-28T04:04:24.000Z",
            "bitRate": 928.4319563743379,
            "duration": 6357.978,
            "frameHeight": 720,
            "frameWidth": 1280,
            "label": "720p",
            "frameRate": 23.976,
            "mimetype": "video/mp4",
            "subtitled": false,
            "subtitles": {
                "url": "https://download-a.akamaihd.net/files/media_publication/dc/co-r21_E_01.vtt",
                "modifiedDatetime": "2021-06-28T04:04:21.000Z",
                "checksum": "93132e2df9a641861fb71931afc33097"
            }
        }
    ],
    "printReferences": [
        "co-r21-1.v",
        "co-r21-1"
    ],
    "subtitlesUrl": "https://download-a.akamaihd.net/files/media_publication/dc/co-r21_E_01.vtt",
    "Name": "pub-co-r21_E_1_VIDEO",
    "Title": "2021 Powerful by Faith! Convention: Friday Morning Session—Part 1",
    "UndatedReferenceTitle": "2021 Powerful by Faith! Convention: Friday Morning Session—Part 1",
    "ShortTitle": null,
    "Category": "vod",
    "Year": 2021,
    "Symbol": "2021Convention"
}