{
    "guid": "5f2dcf6712b86d2c3b367354",
    "languageAgnosticNaturalKey": "pub-co-r20_61_VIDEO",
    "naturalKey": "pub-co-r20_E_61_VIDEO",
    "type": "video",
    "primaryCategory": "2020ConventionAD",
    "description": "",
    "firstPublished": "2020-08-24T21:10:24.133Z",
    "duration": 4317.846,
    "durationFormattedHHMM": "1:11:57",
    "durationFormattedMinSec": "1h 11m 57s",
    "files": [
        {
            "progressiveDownloadURL": "https://download-a.akamaihd.net/files/media_publication/b1/CO-r20_E_61_r240P.mp4",
            "checksum": "719b39afe6f87f05c64e7530476409eb",
            "filesize": 63801364,
            "modifiedDatetime": "2020-08-24T18:53:10.000Z",
            "bitRate": 115.4390768568402,
            "duration": 4317.846,
            "frameHeight": 234,
            "frameWidth": 416,
            "label": "240p",
            "frameRate": 23.976,
            "mimetype": "video/mp4",
            "subtitled": false,
            "subtitles": {
                "url": "https://download-a.akamaihd.net/files/media_publication/11/co-r20_E_61.vtt",
                "modifiedDatetime": "2020-08-24T18:54:32.000Z",
                "checksum": "b70259d3453c93b70d42a4de6503645c"
            }
        },
        {
            "progressiveDownloadURL": "https://download-a.akamaihd.net/files/media_publication/ea/CO-r20_E_61_r360P.mp4",
            "checksum": "b77da515db743e500279a65c82fe9022",
            "filesize": 158682281,
            "modifiedDatetime": "2020-08-24T18:53:17.000Z",
            "bitRate": 287.1140427073648,
            "duration": 4317.815,
            "frameHeight": 360,
            "frameWidth": 640,
            "label": "360p",
            "frameRate": 23.976,
            "mimetype": "video/mp4",
            "subtitled": false,
            "subtitles": {
                "url": "https://download-a.akamaihd.net/files/media_publication/11/co-r20_E_61.vtt",
                "modifiedDatetime": "2020-08-24T18:54:32.000Z",
                "checksum": "b70259d3453c93b70d42a4de6503645c"
            }
        },
        {
            "progressiveDownloadURL": "https://download-a.akamaihd.net/files/media_publication/b5/CO-r20_E_61_r480P.mp4",
            "checksum": "60d4592d570581698ecdb7b396d0f319",
            "filesize": 287189920,
            "modifiedDatetime": "2020-08-24T18:53:22.000Z",
            "bitRate": 519.631167616028,
            "duration": 4317.815,
            "frameHeight": 540,
            "frameWidth": 960,
            "label": "480p",
            "frameRate": 23.976,
            "mimetype": "video/mp4",
            "subtitled": false,
            "subtitles": {
                "url": "https://download-a.akamaihd.net/files/media_publication/11/co-r20_E_61.vtt",
                "modifiedDatetime": "2020-08-24T18:54:32.000Z",
                "checksum": "b70259d3453c93b70d42a4de6503645c"
            }
        },
        {
            "progressiveDownloadURL": "https://download-a.akamaihd.net/files/media_publication/53/CO-r20_E_61_r720P.mp4",
            "checksum": "1cc3b8b5eef13db9a132c6069503f33b",
            "filesize": 471128019,
            "modifiedDatetime": "2020-08-24T18:53:29.000Z",
            "bitRate": 852.442183937362,
            "duration": 4317.815,
            "frameHeight": 720,
            "frameWidth": 1280,
            "label": "720p",
            "frameRate": 23.976,
            "mimetype": "video/mp4",
            "subtitled": false,
            "subtitles": {
                "url": "https://download-a.akamaihd.net/files/media_publication/11/co-r20_E_61.vtt",
                "modifiedDatetime": "2020-08-24T18:54:32.000Z",
                "checksum": "b70259d3453c93b70d42a4de6503645c"
            }
        }
    ],
    "printReferences": [
        "co-r20-61.v",
        "co-r20-61"
    ],
    "subtitlesUrl": "https://download-a.akamaihd.net/files/media_publication/11/co-r20_E_61.vtt",
    "Name": "pub-co-r20_E_61_VIDEO",
    "Title": "2020 “Always Rejoice”! Convention: Sunday Afternoon Session—Part 2 (With Audio Descriptions)",
    "UndatedReferenceTitle": "2020 “Always Rejoice”! Convention: Sunday Afternoon Session—Part 2 (With Audio Descriptions)",
    "ShortTitle": null,
    "Category": "vod",
    "Year": 2020,
    "Symbol": "2020ConventionAD"
}