{
    "guid": "625ed96bb685ba34415b2ec3",
    "languageAgnosticNaturalKey": "pub-co-r22_141_VIDEO",
    "naturalKey": "pub-co-r22_E_141_VIDEO",
    "type": "video",
    "primaryCategory": "2022Convention",
    "description": "",
    "firstPublished": "2022-08-08T14:06:39.619Z",
    "duration": 778.07,
    "durationFormattedHHMM": "12:58",
    "durationFormattedMinSec": "12m 58s",
    "files": [
        {
            "progressiveDownloadURL": "https://download-a.akamaihd.net/files/media_publication/11/CO-r22_E_141_r240P.mp4",
            "checksum": "58feda064c929a35c696849591f06f26",
            "filesize": 15788555,
            "modifiedDatetime": "2022-08-07T23:54:55.000Z",
            "bitRate": 158.53083390633233,
            "duration": 778.07,
            "frameHeight": 234,
            "frameWidth": 416,
            "label": "240p",
            "frameRate": 23.976,
            "mimetype": "video/mp4",
            "subtitled": false,
            "subtitles": {
                "url": "https://download-a.akamaihd.net/files/media_publication/32/CO-r22_E_141.vtt",
                "modifiedDatetime": "2022-08-07T23:54:35.000Z",
                "checksum": "5031933b100f218eb1181c49e02ffed5"
            }
        },
        {
            "progressiveDownloadURL": "https://download-a.akamaihd.net/files/media_publication/92/CO-r22_E_141_r360P.mp4",
            "checksum": "e95babc704c0710014c2cecca47a1070",
            "filesize": 30085836,
            "modifiedDatetime": "2022-08-07T23:54:50.000Z",
            "bitRate": 302.09652071594553,
            "duration": 778.048,
            "frameHeight": 360,
            "frameWidth": 640,
            "label": "360p",
            "frameRate": 23.976,
            "mimetype": "video/mp4",
            "subtitled": false,
            "subtitles": {
                "url": "https://download-a.akamaihd.net/files/media_publication/32/CO-r22_E_141.vtt",
                "modifiedDatetime": "2022-08-07T23:54:35.000Z",
                "checksum": "5031933b100f218eb1181c49e02ffed5"
            }
        },
        {
            "progressiveDownloadURL": "https://download-a.akamaihd.net/files/media_publication/f9/CO-r22_E_141_r480P.mp4",
            "checksum": "d7f0453e676f845760e1e9f7577b890c",
            "filesize": 54194336,
            "modifiedDatetime": "2022-08-07T23:54:47.000Z",
            "bitRate": 544.1736885127909,
            "duration": 778.048,
            "frameHeight": 540,
            "frameWidth": 960,
            "label": "480p",
            "frameRate": 23.976,
            "mimetype": "video/mp4",
            "subtitled": false,
            "subtitles": {
                "url": "https://download-a.akamaihd.net/files/media_publication/32/CO-r22_E_141.vtt",
                "modifiedDatetime": "2022-08-07T23:54:35.000Z",
                "checksum": "5031933b100f218eb1181c49e02ffed5"
            }
        },
        {
            "progressiveDownloadURL": "https://download-a.akamaihd.net/files/media_publication/99/CO-r22_E_141_r720P.mp4",
            "checksum": "3afb640540ea91126a3a8e0361e3545c",
            "filesize": 90662567,
            "modifiedDatetime": "2022-08-07T23:54:44.000Z",
            "bitRate": 910.3568220566083,
            "duration": 778.048,
            "frameHeight": 720,
            "frameWidth": 1280,
            "label": "720p",
            "frameRate": 23.976,
            "mimetype": "video/mp4",
            "subtitled": false,
            "subtitles": {
                "url": "https://download-a.akamaihd.net/files/media_publication/32/CO-r22_E_141.vtt",
                "modifiedDatetime": "2022-08-07T23:54:35.000Z",
                "checksum": "5031933b100f218eb1181c49e02ffed5"
            }
        }
    ],
    "printReferences": [
        "co-r22-141.v",
        "co-r22-141"
    ],
    "subtitlesUrl": "https://download-a.akamaihd.net/files/media_publication/32/CO-r22_E_141.vtt",
    "Name": "pub-co-r22_E_141_VIDEO",
    "Title": "William Malenfant: How They Sowed and Reaped Peace—Mephibosheth",
    "UndatedReferenceTitle": "William Malenfant: How They Sowed and Reaped Peace—Mephibosheth",
    "ShortTitle": null,
    "Category": "vod",
    "Year": 2022,
    "Symbol": "2022Convention"
}