{
    "guid": "5d38a98c48fd57354cf3848e",
    "languageAgnosticNaturalKey": "pub-ghj_x_VIDEO",
    "naturalKey": "pub-ghj_E_x_VIDEO",
    "type": "video",
    "primaryCategory": "AccomplishMinistry",
    "description": "",
    "firstPublished": "2019-09-09T12:35:58.282Z",
    "duration": 287.062,
    "durationFormattedHHMM": "4:47",
    "durationFormattedMinSec": "4m 47s",
    "files": [
        {
            "progressiveDownloadURL": "https://download-a.akamaihd.net/files/media_publication/e9/ghj_E_r240P.mp4",
            "checksum": "451b136ee0fdb2c0e0f4e7fe9a48ea52",
            "filesize": 11100233,
            "modifiedDatetime": "2020-12-16T23:15:08.000Z",
            "bitRate": 302.09700452341303,
            "duration": 287.062,
            "frameHeight": 234,
            "frameWidth": 416,
            "label": "240p",
            "frameRate": 29.644,
            "mimetype": "video/mp4",
            "subtitled": false,
            "subtitles": {
                "url": "https://download-a.akamaihd.net/files/media_publication/43/ghj_E.vtt",
                "modifiedDatetime": "2019-08-02T18:11:28.000Z",
                "checksum": "c74990ff495d09eb78a334b52c52a343"
            }
        },
        {
            "progressiveDownloadURL": "https://download-a.akamaihd.net/files/media_publication/af/ghj_E_r360P.mp4",
            "checksum": "17ee6a91e657c05df168d3e827030c28",
            "filesize": 21389843,
            "modifiedDatetime": "2019-08-02T18:11:11.000Z",
            "bitRate": 582.1975000435496,
            "duration": 287.03,
            "frameHeight": 360,
            "frameWidth": 640,
            "label": "360p",
            "frameRate": 29.97,
            "mimetype": "video/mp4",
            "subtitled": false,
            "subtitles": {
                "url": "https://download-a.akamaihd.net/files/media_publication/43/ghj_E.vtt",
                "modifiedDatetime": "2019-08-02T18:11:28.000Z",
                "checksum": "c74990ff495d09eb78a334b52c52a343"
            }
        },
        {
            "progressiveDownloadURL": "https://download-a.akamaihd.net/files/media_publication/92/ghj_E_r480P.mp4",
            "checksum": "8138e79c135851f1f22c6c15ba5c1986",
            "filesize": 40492974,
            "modifiedDatetime": "2019-08-02T18:11:16.000Z",
            "bitRate": 1102.1543370901998,
            "duration": 287.03,
            "frameHeight": 540,
            "frameWidth": 960,
            "label": "480p",
            "frameRate": 29.97,
            "mimetype": "video/mp4",
            "subtitled": false,
            "subtitles": {
                "url": "https://download-a.akamaihd.net/files/media_publication/43/ghj_E.vtt",
                "modifiedDatetime": "2019-08-02T18:11:28.000Z",
                "checksum": "c74990ff495d09eb78a334b52c52a343"
            }
        },
        {
            "progressiveDownloadURL": "https://download-a.akamaihd.net/files/media_publication/83/ghj_E_r720P.mp4",
            "checksum": "a928e6f80b35f117f0ed1d14f379fa19",
            "filesize": 68430224,
            "modifiedDatetime": "2019-08-02T18:11:21.000Z",
            "bitRate": 1862.5618402257605,
            "duration": 287.03,
            "frameHeight": 720,
            "frameWidth": 1280,
            "label": "720p",
            "frameRate": 29.97,
            "mimetype": "video/mp4",
            "subtitled": false,
            "subtitles": {
                "url": "https://download-a.akamaihd.net/files/media_publication/43/ghj_E.vtt",
                "modifiedDatetime": "2019-08-02T18:11:28.000Z",
                "checksum": "c74990ff495d09eb78a334b52c52a343"
            }
        }
    ],
    "printReferences": [
        "ghj.v",
        "ghj"
    ],
    "subtitlesUrl": "https://download-a.akamaihd.net/files/media_publication/43/ghj_E.vtt",
    "Name": "pub-ghj_E_x_VIDEO",
    "Title": "‘A Gift in Hand to Jehovah’",
    "UndatedReferenceTitle": "‘A Gift in Hand to Jehovah’",
    "ShortTitle": null,
    "Category": "vod",
    "Year": 2019,
    "Symbol": "AccomplishMinistry"
}