{
    "guid": "60b130e5b9f9166228ceed9b",
    "languageAgnosticNaturalKey": "pub-co-r21_5_VIDEO",
    "naturalKey": "pub-co-r21_E_5_VIDEO",
    "type": "video",
    "primaryCategory": "2021Convention",
    "description": "",
    "firstPublished": "2021-07-19T13:22:38.761Z",
    "duration": 4963.691,
    "durationFormattedHHMM": "1:22:43",
    "durationFormattedMinSec": "1h 22m 43s",
    "files": [
        {
            "progressiveDownloadURL": "https://download-a.akamaihd.net/files/media_publication/42/CO-r21_E_05_r240P.mp4",
            "checksum": "dbc10432413a0f69cb0cb0bfce73c4f1",
            "filesize": 64340705,
            "modifiedDatetime": "2021-09-29T20:29:48.000Z",
            "bitRate": 101.26773761954561,
            "duration": 4963.691,
            "frameHeight": 234,
            "frameWidth": 416,
            "label": "240p",
            "frameRate": 23.976,
            "mimetype": "video/mp4",
            "subtitled": false,
            "subtitles": {
                "url": "https://download-a.akamaihd.net/files/media_publication/27/co-r21_E_05.vtt",
                "modifiedDatetime": "2021-07-19T03:51:36.000Z",
                "checksum": "bd0bfa0bf1ed665f7e248aceed829c4f"
            }
        },
        {
            "progressiveDownloadURL": "https://download-a.akamaihd.net/files/media_publication/69/CO-r21_E_05_r360P.mp4",
            "checksum": "2c6a9ee07cca87a22a0a16d9d6c4ed77",
            "filesize": 204823902,
            "modifiedDatetime": "2021-09-29T20:23:43.000Z",
            "bitRate": 322.3798880938451,
            "duration": 4963.668,
            "frameHeight": 360,
            "frameWidth": 640,
            "label": "360p",
            "frameRate": 23.976,
            "mimetype": "video/mp4",
            "subtitled": false,
            "subtitles": {
                "url": "https://download-a.akamaihd.net/files/media_publication/27/co-r21_E_05.vtt",
                "modifiedDatetime": "2021-07-19T03:51:36.000Z",
                "checksum": "bd0bfa0bf1ed665f7e248aceed829c4f"
            }
        },
        {
            "progressiveDownloadURL": "https://download-a.akamaihd.net/files/media_publication/d5/CO-r21_E_05_r480P.mp4",
            "checksum": "6e6552694c93ea8af0e0405027a39c5e",
            "filesize": 380532307,
            "modifiedDatetime": "2021-09-29T20:23:52.000Z",
            "bitRate": 598.9338224146942,
            "duration": 4963.668,
            "frameHeight": 540,
            "frameWidth": 960,
            "label": "480p",
            "frameRate": 23.976,
            "mimetype": "video/mp4",
            "subtitled": false,
            "subtitles": {
                "url": "https://download-a.akamaihd.net/files/media_publication/27/co-r21_E_05.vtt",
                "modifiedDatetime": "2021-07-19T03:51:36.000Z",
                "checksum": "bd0bfa0bf1ed665f7e248aceed829c4f"
            }
        },
        {
            "progressiveDownloadURL": "https://download-a.akamaihd.net/files/media_publication/31/CO-r21_E_05_r720P.mp4",
            "checksum": "19940e5385093227fbe24fcd731c1267",
            "filesize": 645185874,
            "modifiedDatetime": "2021-09-29T20:24:08.000Z",
            "bitRate": 1015.4818252600699,
            "duration": 4963.668,
            "frameHeight": 720,
            "frameWidth": 1280,
            "label": "720p",
            "frameRate": 23.976,
            "mimetype": "video/mp4",
            "subtitled": false,
            "subtitles": {
                "url": "https://download-a.akamaihd.net/files/media_publication/27/co-r21_E_05.vtt",
                "modifiedDatetime": "2021-07-19T03:51:36.000Z",
                "checksum": "bd0bfa0bf1ed665f7e248aceed829c4f"
            }
        }
    ],
    "printReferences": [
        "co-r21-5.v",
        "co-r21-5"
    ],
    "subtitlesUrl": "https://download-a.akamaihd.net/files/media_publication/27/co-r21_E_05.vtt",
    "Name": "pub-co-r21_E_5_VIDEO",
    "Title": "2021 Powerful by Faith! Convention: Saturday Morning Session—Part 1",
    "UndatedReferenceTitle": "2021 Powerful by Faith! Convention: Saturday Morning Session—Part 1",
    "ShortTitle": null,
    "Category": "vod",
    "Year": 2021,
    "Symbol": "2021Convention"
}