{
    "guid": "62cddfd45649d905f6027057",
    "languageAgnosticNaturalKey": "pub-jwbcov22_9_VIDEO",
    "naturalKey": "pub-jwbcov22_E_9_VIDEO",
    "type": "video",
    "primaryCategory": "FamilyChallenges",
    "description": "",
    "firstPublished": "2022-09-13T00:47:36.279Z",
    "duration": 215.232,
    "durationFormattedHHMM": "3:35",
    "durationFormattedMinSec": "3m 35s",
    "files": [
        {
            "progressiveDownloadURL": "https://download-a.akamaihd.net/files/media_publication/f1/jwbcov22_E_09_r240P.mp4",
            "checksum": "bc61697e7fc46ca2f7d2e0b0c648051e",
            "filesize": 5655520,
            "modifiedDatetime": "2022-09-11T21:00:13.000Z",
            "bitRate": 205.2842978739221,
            "duration": 215.232,
            "frameHeight": 234,
            "frameWidth": 416,
            "label": "240p",
            "frameRate": 23.976,
            "mimetype": "video/mp4",
            "subtitled": false,
            "subtitles": {
                "url": "https://download-a.akamaihd.net/files/media_publication/88/jwbcov22_E_09.vtt",
                "modifiedDatetime": "2022-09-11T21:00:32.000Z",
                "checksum": "3ffa62903849275b61eb1f8bcdf58ae9"
            }
        },
        {
            "progressiveDownloadURL": "https://download-a.akamaihd.net/files/media_publication/1a/jwbcov22_E_09_r360P.mp4",
            "checksum": "d7d93a848db7bc6d84eced7fbb7ee34a",
            "filesize": 11004325,
            "modifiedDatetime": "2022-09-11T21:00:10.000Z",
            "bitRate": 399.43544204625704,
            "duration": 215.232,
            "frameHeight": 360,
            "frameWidth": 640,
            "label": "360p",
            "frameRate": 23.976,
            "mimetype": "video/mp4",
            "subtitled": false,
            "subtitles": {
                "url": "https://download-a.akamaihd.net/files/media_publication/88/jwbcov22_E_09.vtt",
                "modifiedDatetime": "2022-09-11T21:00:32.000Z",
                "checksum": "3ffa62903849275b61eb1f8bcdf58ae9"
            }
        },
        {
            "progressiveDownloadURL": "https://download-a.akamaihd.net/files/media_publication/39/jwbcov22_E_09_r480P.mp4",
            "checksum": "50bf402eb21c03e3f5ca278c797ad91b",
            "filesize": 19676849,
            "modifiedDatetime": "2022-09-11T21:00:07.000Z",
            "bitRate": 714.2310753628643,
            "duration": 215.232,
            "frameHeight": 540,
            "frameWidth": 960,
            "label": "480p",
            "frameRate": 23.976,
            "mimetype": "video/mp4",
            "subtitled": false,
            "subtitles": {
                "url": "https://download-a.akamaihd.net/files/media_publication/88/jwbcov22_E_09.vtt",
                "modifiedDatetime": "2022-09-11T21:00:32.000Z",
                "checksum": "3ffa62903849275b61eb1f8bcdf58ae9"
            }
        },
        {
            "progressiveDownloadURL": "https://download-a.akamaihd.net/files/media_publication/06/jwbcov22_E_09_r720P.mp4",
            "checksum": "d88f7a3701d7b9ce669683e800279a70",
            "filesize": 32808966,
            "modifiedDatetime": "2022-09-11T20:59:53.000Z",
            "bitRate": 1190.9011990549732,
            "duration": 215.232,
            "frameHeight": 720,
            "frameWidth": 1280,
            "label": "720p",
            "frameRate": 23.976,
            "mimetype": "video/mp4",
            "subtitled": false,
            "subtitles": {
                "url": "https://download-a.akamaihd.net/files/media_publication/88/jwbcov22_E_09.vtt",
                "modifiedDatetime": "2022-09-11T21:00:32.000Z",
                "checksum": "3ffa62903849275b61eb1f8bcdf58ae9"
            }
        }
    ],
    "printReferences": [
        "jwbcov22-9.v",
        "jwbcov22-9"
    ],
    "subtitlesUrl": "https://download-a.akamaihd.net/files/media_publication/88/jwbcov22_E_09.vtt",
    "Name": "pub-jwbcov22_E_9_VIDEO",
    "Title": "Do Not Be Misled by Imitation Peace!—Darrel and Deborah Freisinger",
    "UndatedReferenceTitle": "Do Not Be Misled by Imitation Peace!—Darrel and Deborah Freisinger",
    "ShortTitle": null,
    "Category": "vod",
    "Year": 2022,
    "Symbol": "FamilyChallenges"
}