{
    "guid": "6074a3640524ac0a0af14f3d",
    "languageAgnosticNaturalKey": "pub-co-r21_103_VIDEO",
    "naturalKey": "pub-co-r21_E_103_VIDEO",
    "type": "video",
    "primaryCategory": "2021Convention",
    "description": "",
    "firstPublished": "2021-09-13T16:55:15.902Z",
    "duration": 743.574,
    "durationFormattedHHMM": "12:23",
    "durationFormattedMinSec": "12m 23s",
    "files": [
        {
            "progressiveDownloadURL": "https://download-a.akamaihd.net/files/media_publication/1c/CO-r21_E_103_r240P.mp4",
            "checksum": "5df35b966d23d2faae3732249438a73b",
            "filesize": 15486063,
            "modifiedDatetime": "2021-09-11T05:03:16.000Z",
            "bitRate": 162.70723181216664,
            "duration": 743.574,
            "frameHeight": 234,
            "frameWidth": 416,
            "label": "240p",
            "frameRate": 23.857,
            "mimetype": "video/mp4",
            "subtitled": false,
            "subtitles": {
                "url": "https://download-a.akamaihd.net/files/media_publication/58/co-r21_E_103.vtt",
                "modifiedDatetime": "2021-09-11T05:03:05.000Z",
                "checksum": "6ebfcf3e0d5e742c7a598f0ebb32bd62"
            }
        },
        {
            "progressiveDownloadURL": "https://download-a.akamaihd.net/files/media_publication/f9/CO-r21_E_103_r360P.mp4",
            "checksum": "c479200c2ebc130a40ed951430397675",
            "filesize": 29754760,
            "modifiedDatetime": "2021-09-11T05:03:14.000Z",
            "bitRate": 312.63995623614727,
            "duration": 743.536,
            "frameHeight": 360,
            "frameWidth": 640,
            "label": "360p",
            "frameRate": 23.976,
            "mimetype": "video/mp4",
            "subtitled": false,
            "subtitles": {
                "url": "https://download-a.akamaihd.net/files/media_publication/58/co-r21_E_103.vtt",
                "modifiedDatetime": "2021-09-11T05:03:05.000Z",
                "checksum": "6ebfcf3e0d5e742c7a598f0ebb32bd62"
            }
        },
        {
            "progressiveDownloadURL": "https://download-a.akamaihd.net/files/media_publication/22/CO-r21_E_103_r480P.mp4",
            "checksum": "88d9e1202bbda480e9bc38528f9c2c54",
            "filesize": 54107207,
            "modifiedDatetime": "2021-09-11T05:03:09.000Z",
            "bitRate": 568.5165946067171,
            "duration": 743.536,
            "frameHeight": 540,
            "frameWidth": 960,
            "label": "480p",
            "frameRate": 23.976,
            "mimetype": "video/mp4",
            "subtitled": false,
            "subtitles": {
                "url": "https://download-a.akamaihd.net/files/media_publication/58/co-r21_E_103.vtt",
                "modifiedDatetime": "2021-09-11T05:03:05.000Z",
                "checksum": "6ebfcf3e0d5e742c7a598f0ebb32bd62"
            }
        },
        {
            "progressiveDownloadURL": "https://download-a.akamaihd.net/files/media_publication/9e/CO-r21_E_103_r720P.mp4",
            "checksum": "11f3801a50aac981570ef226c840ae0b",
            "filesize": 91177860,
            "modifiedDatetime": "2021-09-11T05:03:06.000Z",
            "bitRate": 958.0262842014375,
            "duration": 743.536,
            "frameHeight": 720,
            "frameWidth": 1280,
            "label": "720p",
            "frameRate": 23.976,
            "mimetype": "video/mp4",
            "subtitled": false,
            "subtitles": {
                "url": "https://download-a.akamaihd.net/files/media_publication/58/co-r21_E_103.vtt",
                "modifiedDatetime": "2021-09-11T05:03:05.000Z",
                "checksum": "6ebfcf3e0d5e742c7a598f0ebb32bd62"
            }
        }
    ],
    "printReferences": [
        "co-r21-103.v",
        "co-r21-103"
    ],
    "subtitlesUrl": "https://download-a.akamaihd.net/files/media_publication/58/co-r21_E_103.vtt",
    "Name": "pub-co-r21_E_103_VIDEO",
    "Title": "Mark Noumair: Why We Have Faith in . . . God’s Word",
    "UndatedReferenceTitle": "Mark Noumair: Why We Have Faith in . . . God’s Word",
    "ShortTitle": null,
    "Category": "vod",
    "Year": 2021,
    "Symbol": "2021Convention"
}