{
    "guid": "624b2e53dedf1bc7890ca18f",
    "languageAgnosticNaturalKey": "pub-co-r22_107_VIDEO",
    "naturalKey": "pub-co-r22_E_107_VIDEO",
    "type": "video",
    "primaryCategory": "2022Convention",
    "description": "",
    "firstPublished": "2022-07-04T15:25:51.629Z",
    "duration": 514.667,
    "durationFormattedHHMM": "8:34",
    "durationFormattedMinSec": "8m 34s",
    "files": [
        {
            "progressiveDownloadURL": "https://download-a.akamaihd.net/files/media_publication/47/CO-r22_E_107_r240P.mp4",
            "checksum": "a6804e73c20fc356c90d883307be8678",
            "filesize": 10273683,
            "modifiedDatetime": "2022-07-03T22:22:01.000Z",
            "bitRate": 155.9516122803677,
            "duration": 514.667,
            "frameHeight": 234,
            "frameWidth": 416,
            "label": "240p",
            "frameRate": 23.976,
            "mimetype": "video/mp4",
            "subtitled": false,
            "subtitles": {
                "url": "https://download-a.akamaihd.net/files/media_publication/64/CO-r22_E_107.vtt",
                "modifiedDatetime": "2022-07-03T22:22:08.000Z",
                "checksum": "5b085d282276ea2c46d20dde71e4903c"
            }
        },
        {
            "progressiveDownloadURL": "https://download-a.akamaihd.net/files/media_publication/b5/CO-r22_E_107_r360P.mp4",
            "checksum": "eaa1afa760949236717b4cc73bbada96",
            "filesize": 18402322,
            "modifiedDatetime": "2022-07-03T22:21:59.000Z",
            "bitRate": 279.35345970822664,
            "duration": 514.646,
            "frameHeight": 360,
            "frameWidth": 640,
            "label": "360p",
            "frameRate": 23.976,
            "mimetype": "video/mp4",
            "subtitled": false,
            "subtitles": {
                "url": "https://download-a.akamaihd.net/files/media_publication/64/CO-r22_E_107.vtt",
                "modifiedDatetime": "2022-07-03T22:22:08.000Z",
                "checksum": "5b085d282276ea2c46d20dde71e4903c"
            }
        },
        {
            "progressiveDownloadURL": "https://download-a.akamaihd.net/files/media_publication/d2/CO-r22_E_107_r480P.mp4",
            "checksum": "2129a5877fb3141cb28a136b49704478",
            "filesize": 32228257,
            "modifiedDatetime": "2022-07-03T22:21:54.000Z",
            "bitRate": 489.235819985971,
            "duration": 514.646,
            "frameHeight": 540,
            "frameWidth": 960,
            "label": "480p",
            "frameRate": 23.976,
            "mimetype": "video/mp4",
            "subtitled": false,
            "subtitles": {
                "url": "https://download-a.akamaihd.net/files/media_publication/64/CO-r22_E_107.vtt",
                "modifiedDatetime": "2022-07-03T22:22:08.000Z",
                "checksum": "5b085d282276ea2c46d20dde71e4903c"
            }
        },
        {
            "progressiveDownloadURL": "https://download-a.akamaihd.net/files/media_publication/7b/CO-r22_E_107_r720P.mp4",
            "checksum": "caf43ac8e432653a43c7c9edf638d03c",
            "filesize": 52216531,
            "modifiedDatetime": "2022-07-03T22:21:51.000Z",
            "bitRate": 792.6645663961248,
            "duration": 514.646,
            "frameHeight": 720,
            "frameWidth": 1280,
            "label": "720p",
            "frameRate": 23.976,
            "mimetype": "video/mp4",
            "subtitled": false,
            "subtitles": {
                "url": "https://download-a.akamaihd.net/files/media_publication/64/CO-r22_E_107.vtt",
                "modifiedDatetime": "2022-07-03T22:22:08.000Z",
                "checksum": "5b085d282276ea2c46d20dde71e4903c"
            }
        }
    ],
    "printReferences": [
        "co-r22-107.v",
        "co-r22-107"
    ],
    "subtitlesUrl": "https://download-a.akamaihd.net/files/media_publication/64/CO-r22_E_107.vtt",
    "Name": "pub-co-r22_E_107_VIDEO",
    "Title": "Samuel F. Herd: Take Delight in God’s Promises of Peace—“My Servants Will Eat . . . My Servants Will Drink”",
    "UndatedReferenceTitle": "Samuel F. Herd: Take Delight in God’s Promises of Peace—“My Servants Will Eat . . . My Servants Will Drink”",
    "ShortTitle": null,
    "Category": "vod",
    "Year": 2022,
    "Symbol": "2022Convention"
}