{
    "guid": "5efe01e35f2f5ac96709c655",
    "languageAgnosticNaturalKey": "pub-co-r20_9_VIDEO",
    "naturalKey": "pub-co-r20_E_9_VIDEO",
    "type": "video",
    "primaryCategory": "2020Convention",
    "description": "",
    "firstPublished": "2020-08-13T19:20:56.489Z",
    "duration": 6681.408,
    "durationFormattedHHMM": "1:51:21",
    "durationFormattedMinSec": "1h 51m 21s",
    "files": [
        {
            "progressiveDownloadURL": "https://download-a.akamaihd.net/files/media_publication/05/CO-r20_E_09_r240P.mp4",
            "checksum": "dc5ac25913ce8ff9e9f57bbadca66d02",
            "filesize": 63980853,
            "modifiedDatetime": "2020-08-13T22:56:29.000Z",
            "bitRate": 74.81213751091087,
            "duration": 6681.408,
            "frameHeight": 234,
            "frameWidth": 416,
            "label": "240p",
            "frameRate": 23.976,
            "mimetype": "video/mp4",
            "subtitled": false,
            "subtitles": {
                "url": "https://download-a.akamaihd.net/files/media_publication/3d/CO-r20_E_09.vtt",
                "modifiedDatetime": "2020-08-13T12:58:58.000Z",
                "checksum": "ca913c3b94a6c19c51ba95d045e5d5b0"
            }
        },
        {
            "progressiveDownloadURL": "https://download-a.akamaihd.net/files/media_publication/a4/CO-r20_E_09_r360P.mp4",
            "checksum": "2789da0b7bc1cf508953967ead8643c4",
            "filesize": 269536824,
            "modifiedDatetime": "2020-08-13T12:56:45.000Z",
            "bitRate": 315.1677014073731,
            "duration": 6681.384,
            "frameHeight": 360,
            "frameWidth": 640,
            "label": "360p",
            "frameRate": 23.976,
            "mimetype": "video/mp4",
            "subtitled": false,
            "subtitles": {
                "url": "https://download-a.akamaihd.net/files/media_publication/3d/CO-r20_E_09.vtt",
                "modifiedDatetime": "2020-08-13T12:58:58.000Z",
                "checksum": "ca913c3b94a6c19c51ba95d045e5d5b0"
            }
        },
        {
            "progressiveDownloadURL": "https://download-a.akamaihd.net/files/media_publication/77/CO-r20_E_09_r480P.mp4",
            "checksum": "7323ad0a43953afe3447406788af20f3",
            "filesize": 495985554,
            "modifiedDatetime": "2020-08-13T12:56:53.000Z",
            "bitRate": 579.9527673645161,
            "duration": 6681.384,
            "frameHeight": 540,
            "frameWidth": 960,
            "label": "480p",
            "frameRate": 23.976,
            "mimetype": "video/mp4",
            "subtitled": false,
            "subtitles": {
                "url": "https://download-a.akamaihd.net/files/media_publication/3d/CO-r20_E_09.vtt",
                "modifiedDatetime": "2020-08-13T12:58:58.000Z",
                "checksum": "ca913c3b94a6c19c51ba95d045e5d5b0"
            }
        },
        {
            "progressiveDownloadURL": "https://download-a.akamaihd.net/files/media_publication/22/CO-r20_E_09_r720P.mp4",
            "checksum": "5e57efeca9955f06a579d3aa3a39b3fe",
            "filesize": 842639042,
            "modifiedDatetime": "2020-08-13T12:57:11.000Z",
            "bitRate": 985.2924956303964,
            "duration": 6681.384,
            "frameHeight": 720,
            "frameWidth": 1280,
            "label": "720p",
            "frameRate": 23.976,
            "mimetype": "video/mp4",
            "subtitled": false,
            "subtitles": {
                "url": "https://download-a.akamaihd.net/files/media_publication/3d/CO-r20_E_09.vtt",
                "modifiedDatetime": "2020-08-13T12:58:58.000Z",
                "checksum": "ca913c3b94a6c19c51ba95d045e5d5b0"
            }
        }
    ],
    "printReferences": [
        "co-r20-9.v",
        "co-r20-9"
    ],
    "subtitlesUrl": "https://download-a.akamaihd.net/files/media_publication/3d/CO-r20_E_09.vtt",
    "Name": "pub-co-r20_E_9_VIDEO",
    "Title": "2020 “Always Rejoice”! Convention: Sunday Morning Session—Part 1",
    "UndatedReferenceTitle": "2020 “Always Rejoice”! Convention: Sunday Morning Session—Part 1",
    "ShortTitle": null,
    "Category": "vod",
    "Year": 2020,
    "Symbol": "2020Convention"
}