{
    "guid": "593ef09e05135b4da6f8fd20",
    "languageAgnosticNaturalKey": "pub-jwb_201707_3_VIDEO",
    "naturalKey": "pub-jwb_E_201707_3_VIDEO",
    "type": "video",
    "primaryCategory": "MeetingsConventions",
    "description": "",
    "firstPublished": "2017-07-17T18:43:40.870Z",
    "duration": 417.077,
    "durationFormattedHHMM": "6:57",
    "durationFormattedMinSec": "6m 57s",
    "files": [
        {
            "progressiveDownloadURL": "https://download-a.akamaihd.net/files/media_periodical/67/jwb_E_201707_03_r240P.mp4",
            "checksum": "040a6e5f649b64018d9c230feee521ad",
            "filesize": 18394980,
            "modifiedDatetime": "2020-11-07T05:19:02.000Z",
            "bitRate": 344.56654586563155,
            "duration": 417.077,
            "frameHeight": 180,
            "frameWidth": 320,
            "label": "240p",
            "frameRate": 30,
            "mimetype": "video/mp4",
            "subtitled": false,
            "subtitles": {
                "url": "https://download-a.akamaihd.net/files/media_periodical/00/jwb_E_201707_03_r240P.vtt",
                "modifiedDatetime": "2019-02-21T03:13:39.000Z",
                "checksum": "bd40e80bca10a25db21dfe0c27bfee19"
            }
        },
        {
            "progressiveDownloadURL": "https://download-a.akamaihd.net/files/media_periodical/59/jwb_s-Sub_E_201707_03_r240P.mp4",
            "checksum": "0d03db3c68b53efe54c56ec30cdb41ac",
            "filesize": 18211458,
            "modifiedDatetime": "2020-11-07T08:17:33.000Z",
            "bitRate": 341.12889376541983,
            "duration": 417.077,
            "frameHeight": 180,
            "frameWidth": 320,
            "label": "240p",
            "frameRate": 29.97,
            "mimetype": "video/mp4",
            "subtitled": true,
            "subtitles": {
                "url": "https://download-a.akamaihd.net/files/media_periodical/00/jwb_E_201707_03_r240P.vtt",
                "modifiedDatetime": "2019-02-21T03:13:39.000Z",
                "checksum": "bd40e80bca10a25db21dfe0c27bfee19"
            }
        },
        {
            "progressiveDownloadURL": "https://download-a.akamaihd.net/files/media_periodical/07/jwb_s-Sub_E_201707_03_r360P.mp4",
            "checksum": "3fd9b533fc050217749689c35f3a94b9",
            "filesize": 43899961,
            "modifiedDatetime": "2019-02-21T05:01:49.000Z",
            "bitRate": 822.3677562037132,
            "duration": 417.04996666666665,
            "frameHeight": 360,
            "frameWidth": 640,
            "label": "360p",
            "frameRate": 44.056,
            "mimetype": "video/mp4",
            "subtitled": true,
            "subtitles": {
                "url": "https://download-a.akamaihd.net/files/media_periodical/45/jwb_E_201707_03_r360P.vtt",
                "modifiedDatetime": "2019-02-21T03:13:49.000Z",
                "checksum": "bd40e80bca10a25db21dfe0c27bfee19"
            }
        },
        {
            "progressiveDownloadURL": "https://download-a.akamaihd.net/files/media_periodical/0f/jwb_E_201707_03_r360P.mp4",
            "checksum": "dba1e014197727ff108077dba6630a0b",
            "filesize": 43680374,
            "modifiedDatetime": "2019-02-21T03:13:49.000Z",
            "bitRate": 818.2542186188706,
            "duration": 417.05,
            "frameHeight": 360,
            "frameWidth": 640,
            "label": "360p",
            "frameRate": 2205,
            "mimetype": "video/mp4",
            "subtitled": false,
            "subtitles": {
                "url": "https://download-a.akamaihd.net/files/media_periodical/45/jwb_E_201707_03_r360P.vtt",
                "modifiedDatetime": "2019-02-21T03:13:49.000Z",
                "checksum": "bd40e80bca10a25db21dfe0c27bfee19"
            }
        },
        {
            "progressiveDownloadURL": "https://download-a.akamaihd.net/files/media_periodical/28/jwb_E_201707_03_r480P.mp4",
            "checksum": "030770d9ce9a5c18fe5d19617d8147cf",
            "filesize": 59229023,
            "modifiedDatetime": "2019-02-21T03:13:57.000Z",
            "bitRate": 1109.5234197038724,
            "duration": 417.05,
            "frameHeight": 480,
            "frameWidth": 854,
            "label": "480p",
            "frameRate": 2205,
            "mimetype": "video/mp4",
            "subtitled": false,
            "subtitles": {
                "url": "https://download-a.akamaihd.net/files/media_periodical/5a/jwb_E_201707_03_r480P.vtt",
                "modifiedDatetime": "2019-02-21T03:13:57.000Z",
                "checksum": "bd40e80bca10a25db21dfe0c27bfee19"
            }
        },
        {
            "progressiveDownloadURL": "https://download-a.akamaihd.net/files/media_periodical/75/jwb_s-Sub_E_201707_03_r480P.mp4",
            "checksum": "caff20072856ee7c67d682438cf48d9f",
            "filesize": 59514323,
            "modifiedDatetime": "2019-02-21T05:02:06.000Z",
            "bitRate": 1114.8679669098804,
            "duration": 417.04996666666665,
            "frameHeight": 480,
            "frameWidth": 854,
            "label": "480p",
            "frameRate": 44.056,
            "mimetype": "video/mp4",
            "subtitled": true,
            "subtitles": {
                "url": "https://download-a.akamaihd.net/files/media_periodical/5a/jwb_E_201707_03_r480P.vtt",
                "modifiedDatetime": "2019-02-21T03:13:57.000Z",
                "checksum": "bd40e80bca10a25db21dfe0c27bfee19"
            }
        },
        {
            "progressiveDownloadURL": "https://download-a.akamaihd.net/files/media_periodical/51/jwb_E_201707_03_r720P.mp4",
            "checksum": "1793b3e6f1ec35608ecafa4db5a68954",
            "filesize": 85942591,
            "modifiedDatetime": "2019-02-23T21:07:53.000Z",
            "bitRate": 1609.9424342105262,
            "duration": 417.05,
            "frameHeight": 720,
            "frameWidth": 1280,
            "label": "720p",
            "frameRate": 2205,
            "mimetype": "video/mp4",
            "subtitled": false,
            "subtitles": {
                "url": "https://download-a.akamaihd.net/files/media_periodical/79/jwb_E_201707_03_r720P.vtt",
                "modifiedDatetime": "2019-02-23T21:07:53.000Z",
                "checksum": "bd40e80bca10a25db21dfe0c27bfee19"
            }
        },
        {
            "progressiveDownloadURL": "https://download-a.akamaihd.net/files/media_periodical/99/jwb_s-Sub_E_201707_03_r720P.mp4",
            "checksum": "e8e68e62104b7259aca3b4ecc135e3d6",
            "filesize": 85563051,
            "modifiedDatetime": "2019-02-24T16:18:47.000Z",
            "bitRate": 1602.8327283665212,
            "duration": 417.04996666666665,
            "frameHeight": 720,
            "frameWidth": 1280,
            "label": "720p",
            "frameRate": 44.056,
            "mimetype": "video/mp4",
            "subtitled": true,
            "subtitles": {
                "url": "https://download-a.akamaihd.net/files/media_periodical/79/jwb_E_201707_03_r720P.vtt",
                "modifiedDatetime": "2019-02-23T21:07:53.000Z",
                "checksum": "bd40e80bca10a25db21dfe0c27bfee19"
            }
        }
    ],
    "printReferences": [
        "jwb.201707-3.v",
        "jwb.201707-3"
    ],
    "subtitlesUrl": "https://download-a.akamaihd.net/files/media_periodical/00/jwb_E_201707_03_r240P.vtt",
    "Name": "pub-jwb_E_201707_3_VIDEO",
    "Title": "Fully Utilizing Our Kingdom Halls",
    "UndatedReferenceTitle": "Fully Utilizing Our Kingdom Halls",
    "ShortTitle": null,
    "Category": "vod",
    "Year": 2017,
    "Symbol": "MeetingsConventions"
}