{
    "guid": "62d985657738170e4e56ad14",
    "languageAgnosticNaturalKey": "pub-jwbcov22_2_VIDEO",
    "naturalKey": "pub-jwbcov22_E_2_VIDEO",
    "type": "video",
    "primaryCategory": "2022Convention",
    "description": "",
    "firstPublished": "2022-09-13T00:45:29.979Z",
    "duration": 354.07,
    "durationFormattedHHMM": "5:54",
    "durationFormattedMinSec": "5m 54s",
    "files": [
        {
            "progressiveDownloadURL": "https://download-a.akamaihd.net/files/media_publication/8b/jwbcov22_E_02_r240P.mp4",
            "checksum": "b09e9abad4f219b989a031071c62c1ae",
            "filesize": 13539756,
            "modifiedDatetime": "2022-09-11T20:56:17.000Z",
            "bitRate": 298.7526301296354,
            "duration": 354.07,
            "frameHeight": 234,
            "frameWidth": 416,
            "label": "240p",
            "frameRate": 23.976,
            "mimetype": "video/mp4",
            "subtitled": false,
            "subtitles": {
                "url": "https://download-a.akamaihd.net/files/media_publication/2e/jwbcov22_E_02.vtt",
                "modifiedDatetime": "2022-09-11T20:56:22.000Z",
                "checksum": "e1de2b1106fb92c68aaa3d24ce68393a"
            }
        },
        {
            "progressiveDownloadURL": "https://download-a.akamaihd.net/files/media_publication/3e/jwbcov22_E_02_r360P.mp4",
            "checksum": "8bcc5d29684a1d1dee7dbf777543e777",
            "filesize": 25474458,
            "modifiedDatetime": "2022-09-11T20:56:11.000Z",
            "bitRate": 562.0899910328466,
            "duration": 354.07,
            "frameHeight": 360,
            "frameWidth": 640,
            "label": "360p",
            "frameRate": 23.976,
            "mimetype": "video/mp4",
            "subtitled": false,
            "subtitles": {
                "url": "https://download-a.akamaihd.net/files/media_publication/2e/jwbcov22_E_02.vtt",
                "modifiedDatetime": "2022-09-11T20:56:22.000Z",
                "checksum": "e1de2b1106fb92c68aaa3d24ce68393a"
            }
        },
        {
            "progressiveDownloadURL": "https://download-a.akamaihd.net/files/media_publication/91/jwbcov22_E_02_r480P.mp4",
            "checksum": "39b8af6e832facf0e311a9dd04f3e984",
            "filesize": 49332600,
            "modifiedDatetime": "2022-09-11T20:56:09.000Z",
            "bitRate": 1088.5162185443558,
            "duration": 354.07,
            "frameHeight": 540,
            "frameWidth": 960,
            "label": "480p",
            "frameRate": 23.976,
            "mimetype": "video/mp4",
            "subtitled": false,
            "subtitles": {
                "url": "https://download-a.akamaihd.net/files/media_publication/2e/jwbcov22_E_02.vtt",
                "modifiedDatetime": "2022-09-11T20:56:22.000Z",
                "checksum": "e1de2b1106fb92c68aaa3d24ce68393a"
            }
        },
        {
            "progressiveDownloadURL": "https://download-a.akamaihd.net/files/media_publication/19/jwbcov22_E_02_r720P.mp4",
            "checksum": "0919e4da74990c728ed303d61a0ca157",
            "filesize": 82703481,
            "modifiedDatetime": "2022-09-11T20:56:01.000Z",
            "bitRate": 1824.8395665052108,
            "duration": 354.07,
            "frameHeight": 720,
            "frameWidth": 1280,
            "label": "720p",
            "frameRate": 23.976,
            "mimetype": "video/mp4",
            "subtitled": false,
            "subtitles": {
                "url": "https://download-a.akamaihd.net/files/media_publication/2e/jwbcov22_E_02.vtt",
                "modifiedDatetime": "2022-09-11T20:56:22.000Z",
                "checksum": "e1de2b1106fb92c68aaa3d24ce68393a"
            }
        }
    ],
    "printReferences": [
        "jwbcov22-2.v",
        "jwbcov22-2"
    ],
    "subtitlesUrl": "https://download-a.akamaihd.net/files/media_publication/2e/jwbcov22_E_02.vtt",
    "Name": "pub-jwbcov22_E_2_VIDEO",
    "Title": "Jehovah Is “the God Who Gives Peace”",
    "UndatedReferenceTitle": "Jehovah Is “the God Who Gives Peace”",
    "ShortTitle": null,
    "Category": "vod",
    "Year": 2022,
    "Symbol": "2022Convention"
}