{
    "guid": "5efe00dd5f2f5ac96709c544",
    "languageAgnosticNaturalKey": "pub-co-r20_10_VIDEO",
    "naturalKey": "pub-co-r20_E_10_VIDEO",
    "type": "video",
    "primaryCategory": "2020Convention",
    "description": "",
    "firstPublished": "2020-08-13T19:18:54.587Z",
    "duration": 2048.882,
    "durationFormattedHHMM": "34:08",
    "durationFormattedMinSec": "34m 8s",
    "files": [
        {
            "progressiveDownloadURL": "https://download-a.akamaihd.net/files/media_publication/b9/CO-r20_E_10_r240P.mp4",
            "checksum": "9e89afa3cee2e8ef86ac1832ffd6cc32",
            "filesize": 49376410,
            "modifiedDatetime": "2020-08-13T12:59:02.000Z",
            "bitRate": 188.27497294866174,
            "duration": 2048.882,
            "frameHeight": 234,
            "frameWidth": 416,
            "label": "240p",
            "frameRate": 23.669,
            "mimetype": "video/mp4",
            "subtitled": false,
            "subtitles": {
                "url": "https://download-a.akamaihd.net/files/media_publication/e4/CO-r20_E_10.vtt",
                "modifiedDatetime": "2020-08-13T12:59:21.000Z",
                "checksum": "510e9fd0ddd7dc03cd6819775602a99c"
            }
        },
        {
            "progressiveDownloadURL": "https://download-a.akamaihd.net/files/media_publication/6a/CO-r20_E_10_r360P.mp4",
            "checksum": "a20b2711834be01b1b40cad931db90e1",
            "filesize": 67667089,
            "modifiedDatetime": "2020-08-13T12:59:04.000Z",
            "bitRate": 258.01834015453306,
            "duration": 2048.882,
            "frameHeight": 360,
            "frameWidth": 640,
            "label": "360p",
            "frameRate": 23.976,
            "mimetype": "video/mp4",
            "subtitled": false,
            "subtitles": {
                "url": "https://download-a.akamaihd.net/files/media_publication/e4/CO-r20_E_10.vtt",
                "modifiedDatetime": "2020-08-13T12:59:21.000Z",
                "checksum": "510e9fd0ddd7dc03cd6819775602a99c"
            }
        },
        {
            "progressiveDownloadURL": "https://download-a.akamaihd.net/files/media_publication/23/CO-r20_E_10_r480P.mp4",
            "checksum": "59ec7f76324203bd60a6e37621436727",
            "filesize": 119149437,
            "modifiedDatetime": "2020-08-13T12:59:08.000Z",
            "bitRate": 454.32337077611106,
            "duration": 2048.882,
            "frameHeight": 540,
            "frameWidth": 960,
            "label": "480p",
            "frameRate": 23.976,
            "mimetype": "video/mp4",
            "subtitled": false,
            "subtitles": {
                "url": "https://download-a.akamaihd.net/files/media_publication/e4/CO-r20_E_10.vtt",
                "modifiedDatetime": "2020-08-13T12:59:21.000Z",
                "checksum": "510e9fd0ddd7dc03cd6819775602a99c"
            }
        },
        {
            "progressiveDownloadURL": "https://download-a.akamaihd.net/files/media_publication/bb/CO-r20_E_10_r720P.mp4",
            "checksum": "9f2c9c99e6365e75b8be30533548aeda",
            "filesize": 194246253,
            "modifiedDatetime": "2020-08-13T12:59:12.000Z",
            "bitRate": 740.6716695068335,
            "duration": 2048.882,
            "frameHeight": 720,
            "frameWidth": 1280,
            "label": "720p",
            "frameRate": 23.976,
            "mimetype": "video/mp4",
            "subtitled": false,
            "subtitles": {
                "url": "https://download-a.akamaihd.net/files/media_publication/e4/CO-r20_E_10.vtt",
                "modifiedDatetime": "2020-08-13T12:59:21.000Z",
                "checksum": "510e9fd0ddd7dc03cd6819775602a99c"
            }
        }
    ],
    "printReferences": [
        "co-r20-10.v",
        "co-r20-10"
    ],
    "subtitlesUrl": "https://download-a.akamaihd.net/files/media_publication/e4/CO-r20_E_10.vtt",
    "Name": "pub-co-r20_E_10_VIDEO",
    "Title": "2020 “Always Rejoice”! Convention: Sunday Morning Session—Part 2",
    "UndatedReferenceTitle": "2020 “Always Rejoice”! Convention: Sunday Morning Session—Part 2",
    "ShortTitle": null,
    "Category": "vod",
    "Year": 2020,
    "Symbol": "2020Convention"
}