{
    "guid": "609adeb7ca9c8caf422b3d88",
    "languageAgnosticNaturalKey": "pub-co-r21_113_VIDEO",
    "naturalKey": "pub-co-r21_E_113_VIDEO",
    "type": "video",
    "primaryCategory": "2021Convention",
    "description": "",
    "firstPublished": "2021-09-13T16:49:53.926Z",
    "duration": 624.107,
    "durationFormattedHHMM": "10:24",
    "durationFormattedMinSec": "10m 24s",
    "files": [
        {
            "progressiveDownloadURL": "https://download-a.akamaihd.net/files/media_publication/b8/CO-r21_E_113_r240P.mp4",
            "checksum": "f117f51859c37076f503bedfafce1e31",
            "filesize": 13960735,
            "modifiedDatetime": "2021-09-11T04:52:52.000Z",
            "bitRate": 174.758882992019,
            "duration": 624.107,
            "frameHeight": 234,
            "frameWidth": 416,
            "label": "240p",
            "frameRate": 23.976,
            "mimetype": "video/mp4",
            "subtitled": false,
            "subtitles": {
                "url": "https://download-a.akamaihd.net/files/media_publication/94/co-r21_E_113.vtt",
                "modifiedDatetime": "2021-09-11T04:52:18.000Z",
                "checksum": "367906c65dcf70ec3405ee0c3bbe9f55"
            }
        },
        {
            "progressiveDownloadURL": "https://download-a.akamaihd.net/files/media_publication/f3/CO-r21_E_113_r360P.mp4",
            "checksum": "1f2a9478f65138bcd13018164217df33",
            "filesize": 26959647,
            "modifiedDatetime": "2021-09-11T04:52:50.000Z",
            "bitRate": 337.49075393417223,
            "duration": 624.083,
            "frameHeight": 360,
            "frameWidth": 640,
            "label": "360p",
            "frameRate": 23.976,
            "mimetype": "video/mp4",
            "subtitled": false,
            "subtitles": {
                "url": "https://download-a.akamaihd.net/files/media_publication/94/co-r21_E_113.vtt",
                "modifiedDatetime": "2021-09-11T04:52:18.000Z",
                "checksum": "367906c65dcf70ec3405ee0c3bbe9f55"
            }
        },
        {
            "progressiveDownloadURL": "https://download-a.akamaihd.net/files/media_publication/20/CO-r21_E_113_r480P.mp4",
            "checksum": "7f09806036a5650a7e8aeef007cf280e",
            "filesize": 50181291,
            "modifiedDatetime": "2021-09-11T04:52:46.000Z",
            "bitRate": 628.1878146616716,
            "duration": 624.083,
            "frameHeight": 540,
            "frameWidth": 960,
            "label": "480p",
            "frameRate": 23.976,
            "mimetype": "video/mp4",
            "subtitled": false,
            "subtitles": {
                "url": "https://download-a.akamaihd.net/files/media_publication/94/co-r21_E_113.vtt",
                "modifiedDatetime": "2021-09-11T04:52:18.000Z",
                "checksum": "367906c65dcf70ec3405ee0c3bbe9f55"
            }
        },
        {
            "progressiveDownloadURL": "https://download-a.akamaihd.net/files/media_publication/69/CO-r21_E_113_r720P.mp4",
            "checksum": "e487d8932e311e196ff246cebecfbdfa",
            "filesize": 85650069,
            "modifiedDatetime": "2021-09-11T04:52:41.000Z",
            "bitRate": 1072.1989928623277,
            "duration": 624.083,
            "frameHeight": 720,
            "frameWidth": 1280,
            "label": "720p",
            "frameRate": 23.976,
            "mimetype": "video/mp4",
            "subtitled": false,
            "subtitles": {
                "url": "https://download-a.akamaihd.net/files/media_publication/94/co-r21_E_113.vtt",
                "modifiedDatetime": "2021-09-11T04:52:18.000Z",
                "checksum": "367906c65dcf70ec3405ee0c3bbe9f55"
            }
        }
    ],
    "printReferences": [
        "co-r21-113.v",
        "co-r21-113"
    ],
    "subtitlesUrl": "https://download-a.akamaihd.net/files/media_publication/94/co-r21_E_113.vtt",
    "Name": "pub-co-r21_E_113_VIDEO",
    "Title": "Ronald Curzan: Use Creation to Build Your Faith—Our Bodies",
    "UndatedReferenceTitle": "Ronald Curzan: Use Creation to Build Your Faith—Our Bodies",
    "ShortTitle": null,
    "Category": "vod",
    "Year": 2021,
    "Symbol": "2021Convention"
}