{
    "guid": "60872ae90524ac0a0a241f80",
    "languageAgnosticNaturalKey": "pub-co-r21_115_VIDEO",
    "naturalKey": "pub-co-r21_E_115_VIDEO",
    "type": "video",
    "primaryCategory": "2021Convention",
    "description": "",
    "firstPublished": "2021-09-13T16:49:10.998Z",
    "duration": 718.87,
    "durationFormattedHHMM": "11:58",
    "durationFormattedMinSec": "11m 58s",
    "files": [
        {
            "progressiveDownloadURL": "https://download-a.akamaihd.net/files/media_publication/b0/CO-r21_E_115_r240P.mp4",
            "checksum": "37d9136a95cb0d57c060f83fa48d2f49",
            "filesize": 13951897,
            "modifiedDatetime": "2021-09-11T04:58:54.000Z",
            "bitRate": 151.62573944176276,
            "duration": 718.87,
            "frameHeight": 234,
            "frameWidth": 416,
            "label": "240p",
            "frameRate": 23.669,
            "mimetype": "video/mp4",
            "subtitled": false,
            "subtitles": {
                "url": "https://download-a.akamaihd.net/files/media_publication/43/co-r21_E_115.vtt",
                "modifiedDatetime": "2021-09-11T04:58:42.000Z",
                "checksum": "f8e0258bf59d59bd0f7e2e6f7c7a8667"
            }
        },
        {
            "progressiveDownloadURL": "https://download-a.akamaihd.net/files/media_publication/43/CO-r21_E_115_r360P.mp4",
            "checksum": "e599dc16159e4d37a70248109658dd6f",
            "filesize": 27430706,
            "modifiedDatetime": "2021-09-11T04:58:51.000Z",
            "bitRate": 298.1204440804346,
            "duration": 718.845,
            "frameHeight": 360,
            "frameWidth": 640,
            "label": "360p",
            "frameRate": 23.976,
            "mimetype": "video/mp4",
            "subtitled": false,
            "subtitles": {
                "url": "https://download-a.akamaihd.net/files/media_publication/43/co-r21_E_115.vtt",
                "modifiedDatetime": "2021-09-11T04:58:42.000Z",
                "checksum": "f8e0258bf59d59bd0f7e2e6f7c7a8667"
            }
        },
        {
            "progressiveDownloadURL": "https://download-a.akamaihd.net/files/media_publication/af/CO-r21_E_115_r480P.mp4",
            "checksum": "7b540b2ba7bcf5235fa9292325b9f1fd",
            "filesize": 49139967,
            "modifiedDatetime": "2021-09-11T04:58:47.000Z",
            "bitRate": 534.0594873547149,
            "duration": 718.845,
            "frameHeight": 540,
            "frameWidth": 960,
            "label": "480p",
            "frameRate": 23.976,
            "mimetype": "video/mp4",
            "subtitled": false,
            "subtitles": {
                "url": "https://download-a.akamaihd.net/files/media_publication/43/co-r21_E_115.vtt",
                "modifiedDatetime": "2021-09-11T04:58:42.000Z",
                "checksum": "f8e0258bf59d59bd0f7e2e6f7c7a8667"
            }
        },
        {
            "progressiveDownloadURL": "https://download-a.akamaihd.net/files/media_publication/bf/CO-r21_E_115_r720P.mp4",
            "checksum": "e03310e3bbf3a80579576b7367158fbc",
            "filesize": 80913926,
            "modifiedDatetime": "2021-09-11T04:58:43.000Z",
            "bitRate": 879.3829641647364,
            "duration": 718.845,
            "frameHeight": 720,
            "frameWidth": 1280,
            "label": "720p",
            "frameRate": 23.976,
            "mimetype": "video/mp4",
            "subtitled": false,
            "subtitles": {
                "url": "https://download-a.akamaihd.net/files/media_publication/43/co-r21_E_115.vtt",
                "modifiedDatetime": "2021-09-11T04:58:42.000Z",
                "checksum": "f8e0258bf59d59bd0f7e2e6f7c7a8667"
            }
        }
    ],
    "printReferences": [
        "co-r21-115.v",
        "co-r21-115"
    ],
    "subtitlesUrl": "https://download-a.akamaihd.net/files/media_publication/43/co-r21_E_115.vtt",
    "Name": "pub-co-r21_E_115_VIDEO",
    "Title": "William Turner, Jr.: Imitate the Faithful, Not the Faithless—Abel, Not Cain",
    "UndatedReferenceTitle": "William Turner, Jr.: Imitate the Faithful, Not the Faithless—Abel, Not Cain",
    "ShortTitle": null,
    "Category": "vod",
    "Year": 2021,
    "Symbol": "2021Convention"
}