{
    "guid": "5f85e6710ca056895ecc6694",
    "languageAgnosticNaturalKey": "pub-co-r20_139_VIDEO",
    "naturalKey": "pub-co-r20_E_139_VIDEO",
    "type": "video",
    "primaryCategory": "2020Convention",
    "description": "",
    "firstPublished": "2020-12-01T23:44:09.697Z",
    "duration": 966.05,
    "durationFormattedHHMM": "16:06",
    "durationFormattedMinSec": "16m 6s",
    "files": [
        {
            "progressiveDownloadURL": "https://download-a.akamaihd.net/files/media_publication/a5/CO-r20_E_139_r240P.mp4",
            "checksum": "fc996fc0ce41db06f771cf5fe4288992",
            "filesize": 25438964,
            "modifiedDatetime": "2020-12-01T23:29:42.000Z",
            "bitRate": 205.72631463174784,
            "duration": 966.05,
            "frameHeight": 234,
            "frameWidth": 416,
            "label": "240p",
            "frameRate": 23.976,
            "mimetype": "video/mp4",
            "subtitled": false,
            "subtitles": {
                "url": "https://download-a.akamaihd.net/files/media_publication/18/co-r20_E_139.vtt",
                "modifiedDatetime": "2020-12-01T23:29:59.000Z",
                "checksum": "fdd0981c68d01ccfa7b7bfbe895d2719"
            }
        },
        {
            "progressiveDownloadURL": "https://download-a.akamaihd.net/files/media_publication/40/CO-r20_E_139_r360P.mp4",
            "checksum": "14309261e6617f9f2e424e6ade6d7fae",
            "filesize": 37117675,
            "modifiedDatetime": "2020-12-01T23:29:45.000Z",
            "bitRate": 300.1726990709591,
            "duration": 966.05,
            "frameHeight": 360,
            "frameWidth": 640,
            "label": "360p",
            "frameRate": 23.976,
            "mimetype": "video/mp4",
            "subtitled": false,
            "subtitles": {
                "url": "https://download-a.akamaihd.net/files/media_publication/18/co-r20_E_139.vtt",
                "modifiedDatetime": "2020-12-01T23:29:59.000Z",
                "checksum": "fdd0981c68d01ccfa7b7bfbe895d2719"
            }
        },
        {
            "progressiveDownloadURL": "https://download-a.akamaihd.net/files/media_publication/f2/CO-r20_E_139_r480P.mp4",
            "checksum": "b92615392f02a893779554080547a971",
            "filesize": 68411475,
            "modifiedDatetime": "2020-12-01T23:29:50.000Z",
            "bitRate": 553.2473975855287,
            "duration": 966.05,
            "frameHeight": 540,
            "frameWidth": 960,
            "label": "480p",
            "frameRate": 23.976,
            "mimetype": "video/mp4",
            "subtitled": false,
            "subtitles": {
                "url": "https://download-a.akamaihd.net/files/media_publication/18/co-r20_E_139.vtt",
                "modifiedDatetime": "2020-12-01T23:29:59.000Z",
                "checksum": "fdd0981c68d01ccfa7b7bfbe895d2719"
            }
        },
        {
            "progressiveDownloadURL": "https://download-a.akamaihd.net/files/media_publication/06/CO-r20_E_139_r720P.mp4",
            "checksum": "20ef8bf3b565c8a828706d9b494427ec",
            "filesize": 114499137,
            "modifiedDatetime": "2020-12-01T23:29:53.000Z",
            "bitRate": 925.960879677553,
            "duration": 966.05,
            "frameHeight": 720,
            "frameWidth": 1280,
            "label": "720p",
            "frameRate": 23.976,
            "mimetype": "video/mp4",
            "subtitled": false,
            "subtitles": {
                "url": "https://download-a.akamaihd.net/files/media_publication/18/co-r20_E_139.vtt",
                "modifiedDatetime": "2020-12-01T23:29:59.000Z",
                "checksum": "fdd0981c68d01ccfa7b7bfbe895d2719"
            }
        }
    ],
    "printReferences": [
        "co-r20-139.v",
        "co-r20-139"
    ],
    "subtitlesUrl": "https://download-a.akamaihd.net/files/media_publication/18/co-r20_E_139.vtt",
    "Name": "pub-co-r20_E_139_VIDEO",
    "Title": "Samuel F. Herd: We Can Rejoice Despite . . . Distress",
    "UndatedReferenceTitle": "Samuel F. Herd: We Can Rejoice Despite . . . Distress",
    "ShortTitle": null,
    "Category": "vod",
    "Year": 2020,
    "Symbol": "2020Convention"
}