{
    "guid": "62503d8bdedf1bc7891994fc",
    "languageAgnosticNaturalKey": "pub-co-r22_115_VIDEO",
    "naturalKey": "pub-co-r22_E_115_VIDEO",
    "type": "video",
    "primaryCategory": "2022Convention",
    "description": "",
    "firstPublished": "2022-07-04T15:29:03.857Z",
    "duration": 909.526,
    "durationFormattedHHMM": "15:09",
    "durationFormattedMinSec": "15m 9s",
    "files": [
        {
            "progressiveDownloadURL": "https://download-a.akamaihd.net/files/media_publication/4c/CO-r22_E_115_r240P.mp4",
            "checksum": "9a5331e2fc3fceaad556debfb80ab7b9",
            "filesize": 17301142,
            "modifiedDatetime": "2022-07-03T22:20:09.000Z",
            "bitRate": 148.61056404654732,
            "duration": 909.526,
            "frameHeight": 234,
            "frameWidth": 416,
            "label": "240p",
            "frameRate": 23.976,
            "mimetype": "video/mp4",
            "subtitled": false,
            "subtitles": {
                "url": "https://download-a.akamaihd.net/files/media_publication/4c/CO-r22_E_115.vtt",
                "modifiedDatetime": "2022-07-03T22:20:13.000Z",
                "checksum": "e6aba280a48737a472c926d3a03b6b22"
            }
        },
        {
            "progressiveDownloadURL": "https://download-a.akamaihd.net/files/media_publication/a7/CO-r22_E_115_r360P.mp4",
            "checksum": "f5fb05dfd3bf628d951efa7612871247",
            "filesize": 34023120,
            "modifiedDatetime": "2022-07-03T22:20:07.000Z",
            "bitRate": 292.25338756069243,
            "duration": 909.504,
            "frameHeight": 360,
            "frameWidth": 640,
            "label": "360p",
            "frameRate": 23.976,
            "mimetype": "video/mp4",
            "subtitled": false,
            "subtitles": {
                "url": "https://download-a.akamaihd.net/files/media_publication/4c/CO-r22_E_115.vtt",
                "modifiedDatetime": "2022-07-03T22:20:13.000Z",
                "checksum": "e6aba280a48737a472c926d3a03b6b22"
            }
        },
        {
            "progressiveDownloadURL": "https://download-a.akamaihd.net/files/media_publication/03/CO-r22_E_115_r480P.mp4",
            "checksum": "33099b8e62382e349a33b4e15703079b",
            "filesize": 61851527,
            "modifiedDatetime": "2022-07-03T22:20:05.000Z",
            "bitRate": 531.2951396447954,
            "duration": 909.504,
            "frameHeight": 540,
            "frameWidth": 960,
            "label": "480p",
            "frameRate": 23.976,
            "mimetype": "video/mp4",
            "subtitled": false,
            "subtitles": {
                "url": "https://download-a.akamaihd.net/files/media_publication/4c/CO-r22_E_115.vtt",
                "modifiedDatetime": "2022-07-03T22:20:13.000Z",
                "checksum": "e6aba280a48737a472c926d3a03b6b22"
            }
        },
        {
            "progressiveDownloadURL": "https://download-a.akamaihd.net/files/media_publication/3e/CO-r22_E_115_r720P.mp4",
            "checksum": "c0e853acff555e81c9fec5b3045b598a",
            "filesize": 110050665,
            "modifiedDatetime": "2022-07-03T22:20:01.000Z",
            "bitRate": 945.3183496856528,
            "duration": 909.504,
            "frameHeight": 720,
            "frameWidth": 1280,
            "label": "720p",
            "frameRate": 23.976,
            "mimetype": "video/mp4",
            "subtitled": false,
            "subtitles": {
                "url": "https://download-a.akamaihd.net/files/media_publication/4c/CO-r22_E_115.vtt",
                "modifiedDatetime": "2022-07-03T22:20:13.000Z",
                "checksum": "e6aba280a48737a472c926d3a03b6b22"
            }
        }
    ],
    "printReferences": [
        "co-r22-115.v",
        "co-r22-115"
    ],
    "subtitlesUrl": "https://download-a.akamaihd.net/files/media_publication/4c/CO-r22_E_115.vtt",
    "Name": "pub-co-r22_E_115_VIDEO",
    "Title": "John Ekrann: Follow the Road Map to Family Peace—Worship Jehovah Together",
    "UndatedReferenceTitle": "John Ekrann: Follow the Road Map to Family Peace—Worship Jehovah Together",
    "ShortTitle": null,
    "Category": "vod",
    "Year": 2022,
    "Symbol": "2022Convention"
}