{
    "guid": "60a3ab63ca9c8caf42407e46",
    "languageAgnosticNaturalKey": "pub-co-r21_146_VIDEO",
    "naturalKey": "pub-co-r21_E_146_VIDEO",
    "type": "video",
    "primaryCategory": "2021Convention",
    "description": "",
    "firstPublished": "2021-09-13T16:29:21.036Z",
    "duration": 1814.55,
    "durationFormattedHHMM": "30:14",
    "durationFormattedMinSec": "30m 14s",
    "files": [
        {
            "progressiveDownloadURL": "https://download-a.akamaihd.net/files/media_publication/09/CO-r21_E_146_r240P.mp4",
            "checksum": "2503d2aad4a1142bec2c36bdbd4766d3",
            "filesize": 32189973,
            "modifiedDatetime": "2021-09-11T04:51:56.000Z",
            "bitRate": 138.59313001157312,
            "duration": 1814.55,
            "frameHeight": 234,
            "frameWidth": 416,
            "label": "240p",
            "frameRate": 23.857,
            "mimetype": "video/mp4",
            "subtitled": false,
            "subtitles": {
                "url": "https://download-a.akamaihd.net/files/media_publication/ac/co-r21_E_146.vtt",
                "modifiedDatetime": "2021-09-11T04:51:42.000Z",
                "checksum": "8fd5c4d3da1e34cceafe8b4f9cdde5d1"
            }
        },
        {
            "progressiveDownloadURL": "https://download-a.akamaihd.net/files/media_publication/f7/CO-r21_E_146_r360P.mp4",
            "checksum": "2eaa95e0cb7fe2709c6ed6cd4911fa15",
            "filesize": 63403994,
            "modifiedDatetime": "2021-09-11T04:51:54.000Z",
            "bitRate": 272.988535341539,
            "duration": 1814.522,
            "frameHeight": 360,
            "frameWidth": 640,
            "label": "360p",
            "frameRate": 23.976,
            "mimetype": "video/mp4",
            "subtitled": false,
            "subtitles": {
                "url": "https://download-a.akamaihd.net/files/media_publication/ac/co-r21_E_146.vtt",
                "modifiedDatetime": "2021-09-11T04:51:42.000Z",
                "checksum": "8fd5c4d3da1e34cceafe8b4f9cdde5d1"
            }
        },
        {
            "progressiveDownloadURL": "https://download-a.akamaihd.net/files/media_publication/53/CO-r21_E_146_r480P.mp4",
            "checksum": "2eb77d0893d6e9b8addcef598674ce6d",
            "filesize": 113382952,
            "modifiedDatetime": "2021-09-11T04:51:47.000Z",
            "bitRate": 488.1750193714929,
            "duration": 1814.522,
            "frameHeight": 540,
            "frameWidth": 960,
            "label": "480p",
            "frameRate": 23.976,
            "mimetype": "video/mp4",
            "subtitled": false,
            "subtitles": {
                "url": "https://download-a.akamaihd.net/files/media_publication/ac/co-r21_E_146.vtt",
                "modifiedDatetime": "2021-09-11T04:51:42.000Z",
                "checksum": "8fd5c4d3da1e34cceafe8b4f9cdde5d1"
            }
        },
        {
            "progressiveDownloadURL": "https://download-a.akamaihd.net/files/media_publication/59/CO-r21_E_146_r720P.mp4",
            "checksum": "93937ba281cbeb3eedbcdf38753c2b0e",
            "filesize": 188813661,
            "modifiedDatetime": "2021-09-11T04:51:43.000Z",
            "bitRate": 812.9450767543739,
            "duration": 1814.522,
            "frameHeight": 720,
            "frameWidth": 1280,
            "label": "720p",
            "frameRate": 23.976,
            "mimetype": "video/mp4",
            "subtitled": false,
            "subtitles": {
                "url": "https://download-a.akamaihd.net/files/media_publication/ac/co-r21_E_146.vtt",
                "modifiedDatetime": "2021-09-11T04:51:42.000Z",
                "checksum": "8fd5c4d3da1e34cceafe8b4f9cdde5d1"
            }
        }
    ],
    "printReferences": [
        "co-r21-146.v",
        "co-r21-146"
    ],
    "subtitlesUrl": "https://download-a.akamaihd.net/files/media_publication/ac/co-r21_E_146.vtt",
    "Name": "pub-co-r21_E_146_VIDEO",
    "Title": "William Turner, Jr.: Public Bible Discourse: “Have Faith in the Good News”",
    "UndatedReferenceTitle": "William Turner, Jr.: Public Bible Discourse: “Have Faith in the Good News”",
    "ShortTitle": null,
    "Category": "vod",
    "Year": 2021,
    "Symbol": "2021Convention"
}