{
    "guid": "5de826b61b4e5873936a6141",
    "languageAgnosticNaturalKey": "pub-jwbcov_201905_16_VIDEO",
    "naturalKey": "pub-jwbcov_E_201905_16_VIDEO",
    "type": "video",
    "primaryCategory": "2019Convention",
    "description": "",
    "firstPublished": "2020-03-16T21:39:26.263Z",
    "duration": 129.75,
    "durationFormattedHHMM": "2:09",
    "durationFormattedMinSec": "2m 9s",
    "files": [
        {
            "progressiveDownloadURL": "https://download-a.akamaihd.net/files/media_periodical/a0/jwbcov_E_201905_16_r240P.mp4",
            "checksum": "5f06b6eab64813d7ce24f5cc5ea06dde",
            "filesize": 4593057,
            "modifiedDatetime": "2020-11-13T01:04:24.000Z",
            "bitRate": 276.55690028901734,
            "duration": 129.75,
            "frameHeight": 234,
            "frameWidth": 416,
            "label": "240p",
            "frameRate": 23.762,
            "mimetype": "video/mp4",
            "subtitled": false,
            "subtitles": {
                "url": "https://download-a.akamaihd.net/files/media_periodical/75/jwbcov_E_201905_16.vtt",
                "modifiedDatetime": "2020-03-16T20:14:59.000Z",
                "checksum": "cf2c72e4b81778373cfd1483fde0a39e"
            }
        },
        {
            "progressiveDownloadURL": "https://download-a.akamaihd.net/files/media_periodical/c7/jwbcov_E_201905_16_r360P.mp4",
            "checksum": "a35c48764472b1bb8f970a513c31c8d4",
            "filesize": 8178270,
            "modifiedDatetime": "2020-03-16T20:14:48.000Z",
            "bitRate": 492.5662177945326,
            "duration": 129.714,
            "frameHeight": 360,
            "frameWidth": 640,
            "label": "360p",
            "frameRate": 23.976,
            "mimetype": "video/mp4",
            "subtitled": false,
            "subtitles": {
                "url": "https://download-a.akamaihd.net/files/media_periodical/75/jwbcov_E_201905_16.vtt",
                "modifiedDatetime": "2020-03-16T20:14:59.000Z",
                "checksum": "cf2c72e4b81778373cfd1483fde0a39e"
            }
        },
        {
            "progressiveDownloadURL": "https://download-a.akamaihd.net/files/media_periodical/d0/jwbcov_E_201905_16_r480P.mp4",
            "checksum": "5180543912b08d27688f5d3d4af5b302",
            "filesize": 14744110,
            "modifiedDatetime": "2020-03-16T20:14:51.000Z",
            "bitRate": 888.0179423578026,
            "duration": 129.714,
            "frameHeight": 540,
            "frameWidth": 960,
            "label": "480p",
            "frameRate": 23.976,
            "mimetype": "video/mp4",
            "subtitled": false,
            "subtitles": {
                "url": "https://download-a.akamaihd.net/files/media_periodical/75/jwbcov_E_201905_16.vtt",
                "modifiedDatetime": "2020-03-16T20:14:59.000Z",
                "checksum": "cf2c72e4b81778373cfd1483fde0a39e"
            }
        },
        {
            "progressiveDownloadURL": "https://download-a.akamaihd.net/files/media_periodical/fc/jwbcov_E_201905_16_r720P.mp4",
            "checksum": "b8a0805b4bc4368c74efb995981f5665",
            "filesize": 24131819,
            "modifiedDatetime": "2020-03-16T20:14:55.000Z",
            "bitRate": 1453.4270467143099,
            "duration": 129.714,
            "frameHeight": 720,
            "frameWidth": 1280,
            "label": "720p",
            "frameRate": 23.976,
            "mimetype": "video/mp4",
            "subtitled": false,
            "subtitles": {
                "url": "https://download-a.akamaihd.net/files/media_periodical/75/jwbcov_E_201905_16.vtt",
                "modifiedDatetime": "2020-03-16T20:14:59.000Z",
                "checksum": "cf2c72e4b81778373cfd1483fde0a39e"
            }
        }
    ],
    "printReferences": [
        "jwbcov.201905-16.v",
        "jwbcov.201905-16"
    ],
    "subtitlesUrl": "https://download-a.akamaihd.net/files/media_periodical/75/jwbcov_E_201905_16.vtt",
    "Name": "pub-jwbcov_E_201905_16_VIDEO",
    "Title": "Display Unfailing Love in the Congregation—To the Elderly",
    "UndatedReferenceTitle": "Display Unfailing Love in the Congregation—To the Elderly",
    "ShortTitle": null,
    "Category": "vod",
    "Year": 2020,
    "Symbol": "2019Convention"
}