{
    "guid": "625ec672dedf1bc7893a50b4",
    "languageAgnosticNaturalKey": "pub-co-r22_138_VIDEO",
    "naturalKey": "pub-co-r22_E_138_VIDEO",
    "type": "video",
    "primaryCategory": "2022Convention",
    "description": "",
    "firstPublished": "2022-08-08T14:05:46.322Z",
    "duration": 682.88,
    "durationFormattedHHMM": "11:22",
    "durationFormattedMinSec": "11m 22s",
    "files": [
        {
            "progressiveDownloadURL": "https://download-a.akamaihd.net/files/media_publication/a4/CO-r22_E_138_r240P.mp4",
            "checksum": "419f0e6df5d3668cc8585a0c8451c429",
            "filesize": 11829199,
            "modifiedDatetime": "2022-08-07T23:56:33.000Z",
            "bitRate": 135.3321479432697,
            "duration": 682.88,
            "frameHeight": 234,
            "frameWidth": 416,
            "label": "240p",
            "frameRate": 23.976,
            "mimetype": "video/mp4",
            "subtitled": false,
            "subtitles": {
                "url": "https://download-a.akamaihd.net/files/media_publication/1a/CO-r22_E_138.vtt",
                "modifiedDatetime": "2022-08-07T23:56:11.000Z",
                "checksum": "d39f961dd68f2544bbea164f9a944924"
            }
        },
        {
            "progressiveDownloadURL": "https://download-a.akamaihd.net/files/media_publication/30/CO-r22_E_138_r360P.mp4",
            "checksum": "ef1b11971ab0cbeceb633ae5b3c69d8d",
            "filesize": 23206696,
            "modifiedDatetime": "2022-08-07T23:56:29.000Z",
            "bitRate": 265.5047564724196,
            "duration": 682.859,
            "frameHeight": 360,
            "frameWidth": 640,
            "label": "360p",
            "frameRate": 23.976,
            "mimetype": "video/mp4",
            "subtitled": false,
            "subtitles": {
                "url": "https://download-a.akamaihd.net/files/media_publication/1a/CO-r22_E_138.vtt",
                "modifiedDatetime": "2022-08-07T23:56:11.000Z",
                "checksum": "d39f961dd68f2544bbea164f9a944924"
            }
        },
        {
            "progressiveDownloadURL": "https://download-a.akamaihd.net/files/media_publication/1c/CO-r22_E_138_r480P.mp4",
            "checksum": "7d46dce9aced7bda5eff784e253ff59c",
            "filesize": 41666283,
            "modifiedDatetime": "2022-08-07T23:56:23.000Z",
            "bitRate": 476.698463280853,
            "duration": 682.859,
            "frameHeight": 540,
            "frameWidth": 960,
            "label": "480p",
            "frameRate": 23.976,
            "mimetype": "video/mp4",
            "subtitled": false,
            "subtitles": {
                "url": "https://download-a.akamaihd.net/files/media_publication/1a/CO-r22_E_138.vtt",
                "modifiedDatetime": "2022-08-07T23:56:11.000Z",
                "checksum": "d39f961dd68f2544bbea164f9a944924"
            }
        },
        {
            "progressiveDownloadURL": "https://download-a.akamaihd.net/files/media_publication/db/CO-r22_E_138_r720P.mp4",
            "checksum": "2ab2bef994c6372206154dc47ae2516e",
            "filesize": 71632002,
            "modifiedDatetime": "2022-08-07T23:56:19.000Z",
            "bitRate": 819.5323128566805,
            "duration": 682.859,
            "frameHeight": 720,
            "frameWidth": 1280,
            "label": "720p",
            "frameRate": 23.976,
            "mimetype": "video/mp4",
            "subtitled": false,
            "subtitles": {
                "url": "https://download-a.akamaihd.net/files/media_publication/1a/CO-r22_E_138.vtt",
                "modifiedDatetime": "2022-08-07T23:56:11.000Z",
                "checksum": "d39f961dd68f2544bbea164f9a944924"
            }
        }
    ],
    "printReferences": [
        "co-r22-138.v",
        "co-r22-138"
    ],
    "subtitlesUrl": "https://download-a.akamaihd.net/files/media_publication/1a/CO-r22_E_138.vtt",
    "Name": "pub-co-r22_E_138_VIDEO",
    "Title": "Ronald Curzan: How They Sowed and Reaped Peace—The Gibeonites",
    "UndatedReferenceTitle": "Ronald Curzan: How They Sowed and Reaped Peace—The Gibeonites",
    "ShortTitle": null,
    "Category": "vod",
    "Year": 2022,
    "Symbol": "2022Convention"
}