{
    "guid": "5dd1d11a7ae47e7b533b97e3",
    "languageAgnosticNaturalKey": "pub-jwbcov_201905_9_VIDEO",
    "naturalKey": "pub-jwbcov_E_201905_9_VIDEO",
    "type": "video",
    "primaryCategory": "2019Convention",
    "description": "",
    "firstPublished": "2020-02-20T15:56:30.741Z",
    "duration": 98.219,
    "durationFormattedHHMM": "1:38",
    "durationFormattedMinSec": "1m 38s",
    "files": [
        {
            "progressiveDownloadURL": "https://download-a.akamaihd.net/files/media_periodical/66/jwbcov_E_201905_09_r240P.mp4",
            "checksum": "f350ed22362f2a36caf33ed6ca4cc68f",
            "filesize": 2712596,
            "modifiedDatetime": "2020-11-07T12:30:02.000Z",
            "bitRate": 215.76432513057557,
            "duration": 98.219,
            "frameHeight": 234,
            "frameWidth": 416,
            "label": "240p",
            "frameRate": 23.483,
            "mimetype": "video/mp4",
            "subtitled": false,
            "subtitles": {
                "url": "https://download-a.akamaihd.net/files/media_periodical/03/jwbcov_E_201905_09.vtt",
                "modifiedDatetime": "2020-02-20T15:38:35.000Z",
                "checksum": "8c26b5f512dd7828fddff920eaa71098"
            }
        },
        {
            "progressiveDownloadURL": "https://download-a.akamaihd.net/files/media_periodical/1d/jwbcov_E_201905_09_r360P.mp4",
            "checksum": "f25e918462566caf4ee63f14252240c7",
            "filesize": 4682497,
            "modifiedDatetime": "2020-02-20T15:38:23.000Z",
            "bitRate": 372.590039136103,
            "duration": 98.183,
            "frameHeight": 360,
            "frameWidth": 640,
            "label": "360p",
            "frameRate": 23.976,
            "mimetype": "video/mp4",
            "subtitled": false,
            "subtitles": {
                "url": "https://download-a.akamaihd.net/files/media_periodical/03/jwbcov_E_201905_09.vtt",
                "modifiedDatetime": "2020-02-20T15:38:35.000Z",
                "checksum": "8c26b5f512dd7828fddff920eaa71098"
            }
        },
        {
            "progressiveDownloadURL": "https://download-a.akamaihd.net/files/media_periodical/ef/jwbcov_E_201905_09_r480P.mp4",
            "checksum": "e9d17391aa80499bbbda324023631c87",
            "filesize": 8084196,
            "modifiedDatetime": "2020-02-20T15:38:27.000Z",
            "bitRate": 643.2659549005429,
            "duration": 98.183,
            "frameHeight": 540,
            "frameWidth": 960,
            "label": "480p",
            "frameRate": 23.976,
            "mimetype": "video/mp4",
            "subtitled": false,
            "subtitles": {
                "url": "https://download-a.akamaihd.net/files/media_periodical/03/jwbcov_E_201905_09.vtt",
                "modifiedDatetime": "2020-02-20T15:38:35.000Z",
                "checksum": "8c26b5f512dd7828fddff920eaa71098"
            }
        },
        {
            "progressiveDownloadURL": "https://download-a.akamaihd.net/files/media_periodical/29/jwbcov_E_201905_09_r720P.mp4",
            "checksum": "9d1e779208ae34e02c522eaf308e0193",
            "filesize": 12947640,
            "modifiedDatetime": "2020-02-20T15:38:31.000Z",
            "bitRate": 1030.2540918488944,
            "duration": 98.183,
            "frameHeight": 720,
            "frameWidth": 1280,
            "label": "720p",
            "frameRate": 23.976,
            "mimetype": "video/mp4",
            "subtitled": false,
            "subtitles": {
                "url": "https://download-a.akamaihd.net/files/media_periodical/03/jwbcov_E_201905_09.vtt",
                "modifiedDatetime": "2020-02-20T15:38:35.000Z",
                "checksum": "8c26b5f512dd7828fddff920eaa71098"
            }
        }
    ],
    "printReferences": [
        "jwbcov.201905-9.v",
        "jwbcov.201905-9"
    ],
    "subtitlesUrl": "https://download-a.akamaihd.net/files/media_periodical/03/jwbcov_E_201905_09.vtt",
    "Name": "pub-jwbcov_E_201905_9_VIDEO",
    "Title": "Love Never Fails Despite . . . Poverty—France",
    "UndatedReferenceTitle": "Love Never Fails Despite . . . Poverty—France",
    "ShortTitle": null,
    "Category": "vod",
    "Year": 2020,
    "Symbol": "2019Convention"
}