{
    "guid": "62f161417738170e4e751f20",
    "languageAgnosticNaturalKey": "pub-jwbcov22_20_VIDEO",
    "naturalKey": "pub-jwbcov22_E_20_VIDEO",
    "type": "video",
    "primaryCategory": "2022Convention",
    "description": "",
    "firstPublished": "2022-09-13T00:51:55.546Z",
    "duration": 171.52,
    "durationFormattedHHMM": "2:51",
    "durationFormattedMinSec": "2m 51s",
    "files": [
        {
            "progressiveDownloadURL": "https://download-a.akamaihd.net/files/media_publication/51/jwbcov22_E_20_r240P.mp4",
            "checksum": "542d3c9ff34c1edf5a26270ba1465331",
            "filesize": 6356801,
            "modifiedDatetime": "2022-09-11T20:49:20.000Z",
            "bitRate": 289.5435390187733,
            "duration": 171.52,
            "frameHeight": 234,
            "frameWidth": 416,
            "label": "240p",
            "frameRate": 23.976,
            "mimetype": "video/mp4",
            "subtitled": false,
            "subtitles": {
                "url": "https://download-a.akamaihd.net/files/media_publication/40/jwbcov22_E_20.vtt",
                "modifiedDatetime": "2022-09-11T20:49:26.000Z",
                "checksum": "e7734ccf2e56ef143968cea1d202da78"
            }
        },
        {
            "progressiveDownloadURL": "https://download-a.akamaihd.net/files/media_publication/cc/jwbcov22_E_20_r360P.mp4",
            "checksum": "be59c3f49c0ade1e3e993faa64d218c7",
            "filesize": 9278263,
            "modifiedDatetime": "2022-09-11T20:49:16.000Z",
            "bitRate": 422.6121133832789,
            "duration": 171.52,
            "frameHeight": 360,
            "frameWidth": 640,
            "label": "360p",
            "frameRate": 23.976,
            "mimetype": "video/mp4",
            "subtitled": false,
            "subtitles": {
                "url": "https://download-a.akamaihd.net/files/media_publication/40/jwbcov22_E_20.vtt",
                "modifiedDatetime": "2022-09-11T20:49:26.000Z",
                "checksum": "e7734ccf2e56ef143968cea1d202da78"
            }
        },
        {
            "progressiveDownloadURL": "https://download-a.akamaihd.net/files/media_publication/9a/jwbcov22_E_20_r480P.mp4",
            "checksum": "9d5f98e6379f294a4673c0ff516f94b5",
            "filesize": 17083500,
            "modifiedDatetime": "2022-09-11T20:49:12.000Z",
            "bitRate": 778.1299192513992,
            "duration": 171.52,
            "frameHeight": 540,
            "frameWidth": 960,
            "label": "480p",
            "frameRate": 23.976,
            "mimetype": "video/mp4",
            "subtitled": false,
            "subtitles": {
                "url": "https://download-a.akamaihd.net/files/media_publication/40/jwbcov22_E_20.vtt",
                "modifiedDatetime": "2022-09-11T20:49:26.000Z",
                "checksum": "e7734ccf2e56ef143968cea1d202da78"
            }
        },
        {
            "progressiveDownloadURL": "https://download-a.akamaihd.net/files/media_publication/92/jwbcov22_E_20_r720P.mp4",
            "checksum": "be4317cb0621bda4298fb7e9f3344e4b",
            "filesize": 28613686,
            "modifiedDatetime": "2022-09-11T20:49:02.000Z",
            "bitRate": 1303.3140267898787,
            "duration": 171.52,
            "frameHeight": 720,
            "frameWidth": 1280,
            "label": "720p",
            "frameRate": 23.976,
            "mimetype": "video/mp4",
            "subtitled": false,
            "subtitles": {
                "url": "https://download-a.akamaihd.net/files/media_publication/40/jwbcov22_E_20.vtt",
                "modifiedDatetime": "2022-09-11T20:49:26.000Z",
                "checksum": "e7734ccf2e56ef143968cea1d202da78"
            }
        }
    ],
    "printReferences": [
        "jwbcov22-20.v",
        "jwbcov22-20"
    ],
    "subtitlesUrl": "https://download-a.akamaihd.net/files/media_publication/40/jwbcov22_E_20.vtt",
    "Name": "pub-jwbcov22_E_20_VIDEO",
    "Title": "Universal Peace Is Sure to Come!—Do Not Lose Hope",
    "UndatedReferenceTitle": "Universal Peace Is Sure to Come!—Do Not Lose Hope",
    "ShortTitle": null,
    "Category": "vod",
    "Year": 2022,
    "Symbol": "2022Convention"
}