{
    "guid": "6262b7dfb685ba3441660bc2",
    "languageAgnosticNaturalKey": "pub-co-r22_5_VIDEO",
    "naturalKey": "pub-co-r22_E_5_VIDEO",
    "type": "video",
    "primaryCategory": "2022Convention",
    "description": "",
    "firstPublished": "2022-07-18T14:34:25.278Z",
    "duration": 5832.576,
    "durationFormattedHHMM": "1:37:12",
    "durationFormattedMinSec": "1h 37m 12s",
    "files": [
        {
            "progressiveDownloadURL": "https://download-a.akamaihd.net/files/media_publication/6a/CO-r22_E_05_r240P.mp4",
            "checksum": "52fe547e59378b0b1ed36f94c8c80cbe",
            "filesize": 63741210,
            "modifiedDatetime": "2022-07-17T16:24:19.000Z",
            "bitRate": 85.37877656887797,
            "duration": 5832.576,
            "frameHeight": 234,
            "frameWidth": 416,
            "label": "240p",
            "frameRate": 23.976,
            "mimetype": "video/mp4",
            "subtitled": false,
            "subtitles": {
                "url": "https://download-a.akamaihd.net/files/media_publication/f0/CO-r22_E_05.vtt",
                "modifiedDatetime": "2022-07-17T16:23:47.000Z",
                "checksum": "99dcd2a24ebd14453abe9014b95a2e90"
            }
        },
        {
            "progressiveDownloadURL": "https://download-a.akamaihd.net/files/media_publication/51/CO-r22_E_05_r360P.mp4",
            "checksum": "b187695a49fc16162cda881766b5ee31",
            "filesize": 225641542,
            "modifiedDatetime": "2022-07-17T16:24:14.000Z",
            "bitRate": 302.2388210441222,
            "duration": 5832.555,
            "frameHeight": 360,
            "frameWidth": 640,
            "label": "360p",
            "frameRate": 23.976,
            "mimetype": "video/mp4",
            "subtitled": false,
            "subtitles": {
                "url": "https://download-a.akamaihd.net/files/media_publication/f0/CO-r22_E_05.vtt",
                "modifiedDatetime": "2022-07-17T16:23:47.000Z",
                "checksum": "99dcd2a24ebd14453abe9014b95a2e90"
            }
        },
        {
            "progressiveDownloadURL": "https://download-a.akamaihd.net/files/media_publication/d9/CO-r22_E_05_r480P.mp4",
            "checksum": "14c3fe4f59dc816e7437caef82ee91f9",
            "filesize": 412602514,
            "modifiedDatetime": "2022-07-17T16:24:05.000Z",
            "bitRate": 552.6663941660215,
            "duration": 5832.555,
            "frameHeight": 540,
            "frameWidth": 960,
            "label": "480p",
            "frameRate": 23.976,
            "mimetype": "video/mp4",
            "subtitled": false,
            "subtitles": {
                "url": "https://download-a.akamaihd.net/files/media_publication/f0/CO-r22_E_05.vtt",
                "modifiedDatetime": "2022-07-17T16:23:47.000Z",
                "checksum": "99dcd2a24ebd14453abe9014b95a2e90"
            }
        },
        {
            "progressiveDownloadURL": "https://download-a.akamaihd.net/files/media_publication/68/CO-r22_E_05_r720P.mp4",
            "checksum": "634548097db0e3b478ed6ef254d99165",
            "filesize": 699490229,
            "modifiedDatetime": "2022-07-17T16:23:51.000Z",
            "bitRate": 936.9422858528552,
            "duration": 5832.555,
            "frameHeight": 720,
            "frameWidth": 1280,
            "label": "720p",
            "frameRate": 23.976,
            "mimetype": "video/mp4",
            "subtitled": false,
            "subtitles": {
                "url": "https://download-a.akamaihd.net/files/media_publication/f0/CO-r22_E_05.vtt",
                "modifiedDatetime": "2022-07-17T16:23:47.000Z",
                "checksum": "99dcd2a24ebd14453abe9014b95a2e90"
            }
        }
    ],
    "printReferences": [
        "co-r22-5.v",
        "co-r22-5"
    ],
    "subtitlesUrl": "https://download-a.akamaihd.net/files/media_publication/f0/CO-r22_E_05.vtt",
    "Name": "pub-co-r22_E_5_VIDEO",
    "Title": "2022 “Pursue Peace”! Convention: Saturday Morning Session—Part 1",
    "UndatedReferenceTitle": "2022 “Pursue Peace”! Convention: Saturday Morning Session—Part 1",
    "ShortTitle": null,
    "Category": "vod",
    "Year": 2022,
    "Symbol": "2022Convention"
}