{
    "guid": "5dde8afc1b4e58739352b9b8",
    "languageAgnosticNaturalKey": "pub-jwbcov_201905_15_VIDEO",
    "naturalKey": "pub-jwbcov_E_201905_15_VIDEO",
    "type": "video",
    "primaryCategory": "2019Convention",
    "description": "",
    "firstPublished": "2020-03-16T21:39:30.238Z",
    "duration": 184.768,
    "durationFormattedHHMM": "3:04",
    "durationFormattedMinSec": "3m 4s",
    "files": [
        {
            "progressiveDownloadURL": "https://download-a.akamaihd.net/files/media_periodical/4e/jwbcov_E_201905_15_r240P.mp4",
            "checksum": "ea32ce68764baa8b853f95a8cb935506",
            "filesize": 5432979,
            "modifiedDatetime": "2020-11-07T12:30:14.000Z",
            "bitRate": 229.7213177471207,
            "duration": 184.768,
            "frameHeight": 234,
            "frameWidth": 416,
            "label": "240p",
            "frameRate": 23.599,
            "mimetype": "video/mp4",
            "subtitled": false,
            "subtitles": {
                "url": "https://download-a.akamaihd.net/files/media_periodical/3e/jwbcov_E_201905_15.vtt",
                "modifiedDatetime": "2020-03-16T20:14:41.000Z",
                "checksum": "98fc214dab25c874f9552ad05e5ccda5"
            }
        },
        {
            "progressiveDownloadURL": "https://download-a.akamaihd.net/files/media_periodical/6c/jwbcov_E_201905_15_r360P.mp4",
            "checksum": "2def8ef9dad53217b45f83571cb07bba",
            "filesize": 9959336,
            "modifiedDatetime": "2020-03-16T20:14:28.000Z",
            "bitRate": 421.1993444415573,
            "duration": 184.728,
            "frameHeight": 360,
            "frameWidth": 640,
            "label": "360p",
            "frameRate": 23.976,
            "mimetype": "video/mp4",
            "subtitled": false,
            "subtitles": {
                "url": "https://download-a.akamaihd.net/files/media_periodical/3e/jwbcov_E_201905_15.vtt",
                "modifiedDatetime": "2020-03-16T20:14:41.000Z",
                "checksum": "98fc214dab25c874f9552ad05e5ccda5"
            }
        },
        {
            "progressiveDownloadURL": "https://download-a.akamaihd.net/files/media_periodical/c8/jwbcov_E_201905_15_r480P.mp4",
            "checksum": "d6fb618e1fa2babd5c4f305b8439b541",
            "filesize": 19049656,
            "modifiedDatetime": "2020-03-16T20:14:31.000Z",
            "bitRate": 805.6463421895976,
            "duration": 184.728,
            "frameHeight": 540,
            "frameWidth": 960,
            "label": "480p",
            "frameRate": 23.976,
            "mimetype": "video/mp4",
            "subtitled": false,
            "subtitles": {
                "url": "https://download-a.akamaihd.net/files/media_periodical/3e/jwbcov_E_201905_15.vtt",
                "modifiedDatetime": "2020-03-16T20:14:41.000Z",
                "checksum": "98fc214dab25c874f9552ad05e5ccda5"
            }
        },
        {
            "progressiveDownloadURL": "https://download-a.akamaihd.net/files/media_periodical/76/jwbcov_E_201905_15_r720P.mp4",
            "checksum": "9001611489d4b13ca3c129ec42cefa7d",
            "filesize": 32345017,
            "modifiedDatetime": "2020-03-16T20:14:36.000Z",
            "bitRate": 1367.9325565831925,
            "duration": 184.728,
            "frameHeight": 720,
            "frameWidth": 1280,
            "label": "720p",
            "frameRate": 23.976,
            "mimetype": "video/mp4",
            "subtitled": false,
            "subtitles": {
                "url": "https://download-a.akamaihd.net/files/media_periodical/3e/jwbcov_E_201905_15.vtt",
                "modifiedDatetime": "2020-03-16T20:14:41.000Z",
                "checksum": "98fc214dab25c874f9552ad05e5ccda5"
            }
        }
    ],
    "printReferences": [
        "jwbcov.201905-15.v",
        "jwbcov.201905-15"
    ],
    "subtitlesUrl": "https://download-a.akamaihd.net/files/media_periodical/3e/jwbcov_E_201905_15.vtt",
    "Name": "pub-jwbcov_E_201905_15_VIDEO",
    "Title": "Display Unfailing Love in the Congregation—To Widows and the Fatherless",
    "UndatedReferenceTitle": "Display Unfailing Love in the Congregation—To Widows and the Fatherless",
    "ShortTitle": null,
    "Category": "vod",
    "Year": 2020,
    "Symbol": "2019Convention"
}