{
    "guid": "628d1ea22b229f0b1c56bebd",
    "languageAgnosticNaturalKey": "pub-co-r22_9_VIDEO",
    "naturalKey": "pub-co-r22_E_9_VIDEO",
    "type": "video",
    "primaryCategory": "2022Convention",
    "description": "",
    "firstPublished": "2022-08-08T13:56:54.864Z",
    "duration": 6285.099,
    "durationFormattedHHMM": "1:44:45",
    "durationFormattedMinSec": "1h 44m 45s",
    "files": [
        {
            "progressiveDownloadURL": "https://download-a.akamaihd.net/files/media_publication/5f/CO-r22_E_09_r240P.mp4",
            "checksum": "4a5742a9b4d09e9a4aa9be13bf434edc",
            "filesize": 63363132,
            "modifiedDatetime": "2022-08-07T16:08:03.000Z",
            "bitRate": 78.76160244253909,
            "duration": 6285.099,
            "frameHeight": 234,
            "frameWidth": 416,
            "label": "240p",
            "frameRate": 23.976,
            "mimetype": "video/mp4",
            "subtitled": false,
            "subtitles": {
                "url": "https://download-a.akamaihd.net/files/media_publication/93/CO-r22_E_09.vtt",
                "modifiedDatetime": "2022-08-07T16:07:26.000Z",
                "checksum": "025f3f1079b95e168db47bcb35b7cf87"
            }
        },
        {
            "progressiveDownloadURL": "https://download-a.akamaihd.net/files/media_publication/58/CO-r22_E_09_r360P.mp4",
            "checksum": "7b82bfb4f4dd165b3fee16083b66c71d",
            "filesize": 225981526,
            "modifiedDatetime": "2022-08-07T16:07:57.000Z",
            "bitRate": 280.9003598483583,
            "duration": 6285.078,
            "frameHeight": 360,
            "frameWidth": 640,
            "label": "360p",
            "frameRate": 23.976,
            "mimetype": "video/mp4",
            "subtitled": false,
            "subtitles": {
                "url": "https://download-a.akamaihd.net/files/media_publication/93/CO-r22_E_09.vtt",
                "modifiedDatetime": "2022-08-07T16:07:26.000Z",
                "checksum": "025f3f1079b95e168db47bcb35b7cf87"
            }
        },
        {
            "progressiveDownloadURL": "https://download-a.akamaihd.net/files/media_publication/e0/CO-r22_E_09_r480P.mp4",
            "checksum": "bb9ae23026cd7c5b9492a05d5f9c4313",
            "filesize": 408358600,
            "modifiedDatetime": "2022-08-07T16:07:45.000Z",
            "bitRate": 507.59935875099717,
            "duration": 6285.078,
            "frameHeight": 540,
            "frameWidth": 960,
            "label": "480p",
            "frameRate": 23.976,
            "mimetype": "video/mp4",
            "subtitled": false,
            "subtitles": {
                "url": "https://download-a.akamaihd.net/files/media_publication/93/CO-r22_E_09.vtt",
                "modifiedDatetime": "2022-08-07T16:07:26.000Z",
                "checksum": "025f3f1079b95e168db47bcb35b7cf87"
            }
        },
        {
            "progressiveDownloadURL": "https://download-a.akamaihd.net/files/media_publication/bd/CO-r22_E_09_r720P.mp4",
            "checksum": "53a7c27fcc5c694b1a0b366fd9e8e499",
            "filesize": 683676242,
            "modifiedDatetime": "2022-08-07T16:07:33.000Z",
            "bitRate": 849.8256729073211,
            "duration": 6285.078,
            "frameHeight": 720,
            "frameWidth": 1280,
            "label": "720p",
            "frameRate": 23.976,
            "mimetype": "video/mp4",
            "subtitled": false,
            "subtitles": {
                "url": "https://download-a.akamaihd.net/files/media_publication/93/CO-r22_E_09.vtt",
                "modifiedDatetime": "2022-08-07T16:07:26.000Z",
                "checksum": "025f3f1079b95e168db47bcb35b7cf87"
            }
        }
    ],
    "printReferences": [
        "co-r22-9.v",
        "co-r22-9"
    ],
    "subtitlesUrl": "https://download-a.akamaihd.net/files/media_publication/93/CO-r22_E_09.vtt",
    "Name": "pub-co-r22_E_9_VIDEO",
    "Title": "2022 “Pursue Peace”! Convention: Sunday Morning Session—Part 1",
    "UndatedReferenceTitle": "2022 “Pursue Peace”! Convention: Sunday Morning Session—Part 1",
    "ShortTitle": null,
    "Category": "vod",
    "Year": 2022,
    "Symbol": "2022Convention"
}