{
    "guid": "5f7f17c80ca056895eb89948",
    "languageAgnosticNaturalKey": "pub-co-r20_121_VIDEO",
    "naturalKey": "pub-co-r20_E_121_VIDEO",
    "type": "video",
    "primaryCategory": "2020Convention",
    "description": "",
    "firstPublished": "2020-12-01T23:45:22.836Z",
    "duration": 681.474,
    "durationFormattedHHMM": "11:21",
    "durationFormattedMinSec": "11m 21s",
    "files": [
        {
            "progressiveDownloadURL": "https://download-a.akamaihd.net/files/media_publication/c3/CO-r20_E_121_r240P.mp4",
            "checksum": "d0a874663e5278e65de2444762338e5e",
            "filesize": 20310729,
            "modifiedDatetime": "2020-11-30T22:43:43.000Z",
            "bitRate": 232.8446431008373,
            "duration": 681.474,
            "frameHeight": 234,
            "frameWidth": 416,
            "label": "240p",
            "frameRate": 23.46,
            "mimetype": "video/mp4",
            "subtitled": false,
            "subtitles": {
                "url": "https://download-a.akamaihd.net/files/media_publication/4f/co-r20_E_121.vtt",
                "modifiedDatetime": "2020-11-30T22:44:08.000Z",
                "checksum": "0646c09ba81bd82bb9a2427b338fc83a"
            }
        },
        {
            "progressiveDownloadURL": "https://download-a.akamaihd.net/files/media_publication/91/CO-r20_E_121_r360P.mp4",
            "checksum": "3c3a77897abcf78cd1d0ee4f629abf64",
            "filesize": 28854168,
            "modifiedDatetime": "2020-11-30T22:43:46.000Z",
            "bitRate": 330.7876566090562,
            "duration": 681.474,
            "frameHeight": 360,
            "frameWidth": 640,
            "label": "360p",
            "frameRate": 23.976,
            "mimetype": "video/mp4",
            "subtitled": false,
            "subtitles": {
                "url": "https://download-a.akamaihd.net/files/media_publication/4f/co-r20_E_121.vtt",
                "modifiedDatetime": "2020-11-30T22:44:08.000Z",
                "checksum": "0646c09ba81bd82bb9a2427b338fc83a"
            }
        },
        {
            "progressiveDownloadURL": "https://download-a.akamaihd.net/files/media_publication/3e/CO-r20_E_121_r480P.mp4",
            "checksum": "ef1f73694a16c8723fbf013143dfe76a",
            "filesize": 52405983,
            "modifiedDatetime": "2020-11-30T22:43:52.000Z",
            "bitRate": 600.7884999097544,
            "duration": 681.474,
            "frameHeight": 540,
            "frameWidth": 960,
            "label": "480p",
            "frameRate": 23.976,
            "mimetype": "video/mp4",
            "subtitled": false,
            "subtitles": {
                "url": "https://download-a.akamaihd.net/files/media_publication/4f/co-r20_E_121.vtt",
                "modifiedDatetime": "2020-11-30T22:44:08.000Z",
                "checksum": "0646c09ba81bd82bb9a2427b338fc83a"
            }
        },
        {
            "progressiveDownloadURL": "https://download-a.akamaihd.net/files/media_publication/8b/CO-r20_E_121_r720P.mp4",
            "checksum": "c16a4dbfa85823124a4efec0c607231a",
            "filesize": 87351264,
            "modifiedDatetime": "2020-11-30T22:43:56.000Z",
            "bitRate": 1001.4054094506906,
            "duration": 681.474,
            "frameHeight": 720,
            "frameWidth": 1280,
            "label": "720p",
            "frameRate": 23.976,
            "mimetype": "video/mp4",
            "subtitled": false,
            "subtitles": {
                "url": "https://download-a.akamaihd.net/files/media_publication/4f/co-r20_E_121.vtt",
                "modifiedDatetime": "2020-11-30T22:44:08.000Z",
                "checksum": "0646c09ba81bd82bb9a2427b338fc83a"
            }
        }
    ],
    "printReferences": [
        "co-r20-121.v",
        "co-r20-121"
    ],
    "subtitlesUrl": "https://download-a.akamaihd.net/files/media_publication/4f/co-r20_E_121.vtt",
    "Name": "pub-co-r20_E_121_VIDEO",
    "Title": "Patrick LaFranca: Experience the Joy of Disciple-Making—Improve Your Skills—Unleashing the Power of God’s Word",
    "UndatedReferenceTitle": "Patrick LaFranca: Experience the Joy of Disciple-Making—Improve Your Skills—Unleashing the Power of God’s Word",
    "ShortTitle": null,
    "Category": "vod",
    "Year": 2020,
    "Symbol": "2020Convention"
}