{
    "guid": "6081cfe10524ac0a0a1a6703",
    "languageAgnosticNaturalKey": "pub-co-r21_132_VIDEO",
    "naturalKey": "pub-co-r21_E_132_VIDEO",
    "type": "video",
    "primaryCategory": "2021Convention",
    "description": "",
    "firstPublished": "2021-09-13T16:40:39.110Z",
    "duration": 639.552,
    "durationFormattedHHMM": "10:39",
    "durationFormattedMinSec": "10m 39s",
    "files": [
        {
            "progressiveDownloadURL": "https://download-a.akamaihd.net/files/media_publication/48/CO-r21_E_132_r240P.mp4",
            "checksum": "fdbd52c0b2f2fc4552e54e4f8ab5f8d7",
            "filesize": 11584836,
            "modifiedDatetime": "2021-09-11T05:01:42.000Z",
            "bitRate": 141.5155159392825,
            "duration": 639.552,
            "frameHeight": 234,
            "frameWidth": 416,
            "label": "240p",
            "frameRate": 23.857,
            "mimetype": "video/mp4",
            "subtitled": false,
            "subtitles": {
                "url": "https://download-a.akamaihd.net/files/media_publication/a8/co-r21_E_132.vtt",
                "modifiedDatetime": "2021-09-11T05:01:35.000Z",
                "checksum": "487e449ece4cf0c402ee8e60e2bdff35"
            }
        },
        {
            "progressiveDownloadURL": "https://download-a.akamaihd.net/files/media_publication/f5/CO-r21_E_132_r360P.mp4",
            "checksum": "8d6d1dcf2db3ef8080c98642aa7bcf37",
            "filesize": 22753737,
            "modifiedDatetime": "2021-09-11T05:01:40.000Z",
            "bitRate": 277.96622489308305,
            "duration": 639.515,
            "frameHeight": 360,
            "frameWidth": 640,
            "label": "360p",
            "frameRate": 23.976,
            "mimetype": "video/mp4",
            "subtitled": false,
            "subtitles": {
                "url": "https://download-a.akamaihd.net/files/media_publication/a8/co-r21_E_132.vtt",
                "modifiedDatetime": "2021-09-11T05:01:35.000Z",
                "checksum": "487e449ece4cf0c402ee8e60e2bdff35"
            }
        },
        {
            "progressiveDownloadURL": "https://download-a.akamaihd.net/files/media_publication/ad/CO-r21_E_132_r480P.mp4",
            "checksum": "79e18cbdd23f1878111cac1dc46bfdd2",
            "filesize": 40667740,
            "modifiedDatetime": "2021-09-11T05:01:38.000Z",
            "bitRate": 496.8088610118606,
            "duration": 639.515,
            "frameHeight": 540,
            "frameWidth": 960,
            "label": "480p",
            "frameRate": 23.976,
            "mimetype": "video/mp4",
            "subtitled": false,
            "subtitles": {
                "url": "https://download-a.akamaihd.net/files/media_publication/a8/co-r21_E_132.vtt",
                "modifiedDatetime": "2021-09-11T05:01:35.000Z",
                "checksum": "487e449ece4cf0c402ee8e60e2bdff35"
            }
        },
        {
            "progressiveDownloadURL": "https://download-a.akamaihd.net/files/media_publication/e9/CO-r21_E_132_r720P.mp4",
            "checksum": "25f4c582a4c445c96058b53c64f11960",
            "filesize": 68487022,
            "modifiedDatetime": "2021-09-11T05:01:36.000Z",
            "bitRate": 836.6572470935006,
            "duration": 639.515,
            "frameHeight": 720,
            "frameWidth": 1280,
            "label": "720p",
            "frameRate": 23.976,
            "mimetype": "video/mp4",
            "subtitled": false,
            "subtitles": {
                "url": "https://download-a.akamaihd.net/files/media_publication/a8/co-r21_E_132.vtt",
                "modifiedDatetime": "2021-09-11T05:01:35.000Z",
                "checksum": "487e449ece4cf0c402ee8e60e2bdff35"
            }
        }
    ],
    "printReferences": [
        "co-r21-132.v",
        "co-r21-132"
    ],
    "subtitlesUrl": "https://download-a.akamaihd.net/files/media_publication/a8/co-r21_E_132.vtt",
    "Name": "pub-co-r21_E_132_VIDEO",
    "Title": "Samuel F. Herd: Enter the Door to Activity in Faith—Move to Where the Need Is Greater",
    "UndatedReferenceTitle": "Samuel F. Herd: Enter the Door to Activity in Faith—Move to Where the Need Is Greater",
    "ShortTitle": null,
    "Category": "vod",
    "Year": 2021,
    "Symbol": "2021Convention"
}