{
    "guid": "5f871b3a0ca056895ed09ca1",
    "languageAgnosticNaturalKey": "pub-co-r20_140_VIDEO",
    "naturalKey": "pub-co-r20_E_140_VIDEO",
    "type": "video",
    "primaryCategory": "2020Convention",
    "description": "",
    "firstPublished": "2020-12-01T23:44:05.373Z",
    "duration": 818.945,
    "durationFormattedHHMM": "13:38",
    "durationFormattedMinSec": "13m 38s",
    "files": [
        {
            "progressiveDownloadURL": "https://download-a.akamaihd.net/files/media_publication/94/CO-r20_E_140_r240P.mp4",
            "checksum": "2995323d60688eccc1d487aabbed2260",
            "filesize": 22956185,
            "modifiedDatetime": "2020-12-01T23:30:41.000Z",
            "bitRate": 218.9954091086703,
            "duration": 818.945,
            "frameHeight": 234,
            "frameWidth": 416,
            "label": "240p",
            "frameRate": 23.904,
            "mimetype": "video/mp4",
            "subtitled": false,
            "subtitles": {
                "url": "https://download-a.akamaihd.net/files/media_publication/b6/co-r20_E_140.vtt",
                "modifiedDatetime": "2020-12-01T23:31:00.000Z",
                "checksum": "1ea1c10f228e0a4a8d17854abb949295"
            }
        },
        {
            "progressiveDownloadURL": "https://download-a.akamaihd.net/files/media_publication/f5/CO-r20_E_140_r360P.mp4",
            "checksum": "f6c79db1e5c183d128e0599ce96c02e5",
            "filesize": 33433728,
            "modifiedDatetime": "2020-12-01T23:30:43.000Z",
            "bitRate": 318.94815891177063,
            "duration": 818.945,
            "frameHeight": 360,
            "frameWidth": 640,
            "label": "360p",
            "frameRate": 23.976,
            "mimetype": "video/mp4",
            "subtitled": false,
            "subtitles": {
                "url": "https://download-a.akamaihd.net/files/media_publication/b6/co-r20_E_140.vtt",
                "modifiedDatetime": "2020-12-01T23:31:00.000Z",
                "checksum": "1ea1c10f228e0a4a8d17854abb949295"
            }
        },
        {
            "progressiveDownloadURL": "https://download-a.akamaihd.net/files/media_publication/5b/CO-r20_E_140_r480P.mp4",
            "checksum": "ec20a680942ab587cc5c2dcb11e4bfb6",
            "filesize": 62327775,
            "modifiedDatetime": "2020-12-01T23:30:46.000Z",
            "bitRate": 594.5890654286918,
            "duration": 818.945,
            "frameHeight": 540,
            "frameWidth": 960,
            "label": "480p",
            "frameRate": 23.976,
            "mimetype": "video/mp4",
            "subtitled": false,
            "subtitles": {
                "url": "https://download-a.akamaihd.net/files/media_publication/b6/co-r20_E_140.vtt",
                "modifiedDatetime": "2020-12-01T23:31:00.000Z",
                "checksum": "1ea1c10f228e0a4a8d17854abb949295"
            }
        },
        {
            "progressiveDownloadURL": "https://download-a.akamaihd.net/files/media_publication/1b/CO-r20_E_140_r720P.mp4",
            "checksum": "d00a93e70efbf9a971ef8f486c042074",
            "filesize": 109169061,
            "modifiedDatetime": "2020-12-01T23:30:49.000Z",
            "bitRate": 1041.4414753890676,
            "duration": 818.945,
            "frameHeight": 720,
            "frameWidth": 1280,
            "label": "720p",
            "frameRate": 23.976,
            "mimetype": "video/mp4",
            "subtitled": false,
            "subtitles": {
                "url": "https://download-a.akamaihd.net/files/media_publication/b6/co-r20_E_140.vtt",
                "modifiedDatetime": "2020-12-01T23:31:00.000Z",
                "checksum": "1ea1c10f228e0a4a8d17854abb949295"
            }
        }
    ],
    "printReferences": [
        "co-r20-140.v",
        "co-r20-140"
    ],
    "subtitlesUrl": "https://download-a.akamaihd.net/files/media_publication/b6/co-r20_E_140.vtt",
    "Name": "pub-co-r20_E_140_VIDEO",
    "Title": "Gerrit Lösch: We Can Rejoice Despite . . . Persecution",
    "UndatedReferenceTitle": "Gerrit Lösch: We Can Rejoice Despite . . . Persecution",
    "ShortTitle": null,
    "Category": "vod",
    "Year": 2020,
    "Symbol": "2020Convention"
}