{
    "guid": "60832d810524ac0a0a1eaa2d",
    "languageAgnosticNaturalKey": "pub-co-r21_101_VIDEO",
    "naturalKey": "pub-co-r21_E_101_VIDEO",
    "type": "video",
    "primaryCategory": "2021Convention",
    "description": "",
    "firstPublished": "2021-09-13T16:56:13.302Z",
    "duration": 2034.603,
    "durationFormattedHHMM": "33:54",
    "durationFormattedMinSec": "33m 54s",
    "files": [
        {
            "progressiveDownloadURL": "https://download-a.akamaihd.net/files/media_publication/4e/CO-r21_E_101_r240P.mp4",
            "checksum": "6e98ffe130d8f8aabf9ad98d9bd0530e",
            "filesize": 38913443,
            "modifiedDatetime": "2021-09-11T04:59:44.000Z",
            "bitRate": 149.4204389935039,
            "duration": 2034.603,
            "frameHeight": 234,
            "frameWidth": 416,
            "label": "240p",
            "frameRate": 23.692,
            "mimetype": "video/mp4",
            "subtitled": false,
            "subtitles": {
                "url": "https://download-a.akamaihd.net/files/media_publication/90/co-r21_E_101.vtt",
                "modifiedDatetime": "2021-09-11T04:59:50.000Z",
                "checksum": "a7047c1b071ce2bebc11691763ca7260"
            }
        },
        {
            "progressiveDownloadURL": "https://download-a.akamaihd.net/files/media_publication/51/CO-r21_E_101_r360P.mp4",
            "checksum": "9f69107c172b4605af6066fcb0a123cf",
            "filesize": 75773627,
            "modifiedDatetime": "2021-09-11T05:00:15.000Z",
            "bitRate": 290.9606035544998,
            "duration": 2034.576,
            "frameHeight": 360,
            "frameWidth": 640,
            "label": "360p",
            "frameRate": 23.976,
            "mimetype": "video/mp4",
            "subtitled": false,
            "subtitles": {
                "url": "https://download-a.akamaihd.net/files/media_publication/90/co-r21_E_101.vtt",
                "modifiedDatetime": "2021-09-11T04:59:50.000Z",
                "checksum": "a7047c1b071ce2bebc11691763ca7260"
            }
        },
        {
            "progressiveDownloadURL": "https://download-a.akamaihd.net/files/media_publication/ae/CO-r21_E_101_r480P.mp4",
            "checksum": "1391649d93e96da27c7f558d171d72d1",
            "filesize": 137574731,
            "modifiedDatetime": "2021-09-11T05:00:11.000Z",
            "bitRate": 528.2685856598623,
            "duration": 2034.576,
            "frameHeight": 540,
            "frameWidth": 960,
            "label": "480p",
            "frameRate": 23.976,
            "mimetype": "video/mp4",
            "subtitled": false,
            "subtitles": {
                "url": "https://download-a.akamaihd.net/files/media_publication/90/co-r21_E_101.vtt",
                "modifiedDatetime": "2021-09-11T04:59:50.000Z",
                "checksum": "a7047c1b071ce2bebc11691763ca7260"
            }
        },
        {
            "progressiveDownloadURL": "https://download-a.akamaihd.net/files/media_publication/0b/CO-r21_E_101_r720P.mp4",
            "checksum": "0f2c7767eb54daed83cd5ad6b6f5c1f9",
            "filesize": 228499345,
            "modifiedDatetime": "2021-09-11T05:00:02.000Z",
            "bitRate": 877.4069549687503,
            "duration": 2034.576,
            "frameHeight": 720,
            "frameWidth": 1280,
            "label": "720p",
            "frameRate": 23.976,
            "mimetype": "video/mp4",
            "subtitled": false,
            "subtitles": {
                "url": "https://download-a.akamaihd.net/files/media_publication/90/co-r21_E_101.vtt",
                "modifiedDatetime": "2021-09-11T04:59:50.000Z",
                "checksum": "a7047c1b071ce2bebc11691763ca7260"
            }
        }
    ],
    "printReferences": [
        "co-r21-101.v",
        "co-r21-101"
    ],
    "subtitlesUrl": "https://download-a.akamaihd.net/files/media_publication/90/co-r21_E_101.vtt",
    "Name": "pub-co-r21_E_101_VIDEO",
    "Title": "Mark Sanderson: How Powerful Is Faith?",
    "UndatedReferenceTitle": "Mark Sanderson: How Powerful Is Faith?",
    "ShortTitle": null,
    "Category": "vod",
    "Year": 2021,
    "Symbol": "2021Convention"
}