{
    "guid": "5f85e6e50ca056895ecc692d",
    "languageAgnosticNaturalKey": "pub-co-r20_142_VIDEO",
    "naturalKey": "pub-co-r20_E_142_VIDEO",
    "type": "video",
    "primaryCategory": "2020Convention",
    "description": "",
    "firstPublished": "2020-12-01T23:43:57.769Z",
    "duration": 732.692,
    "durationFormattedHHMM": "12:12",
    "durationFormattedMinSec": "12m 12s",
    "files": [
        {
            "progressiveDownloadURL": "https://download-a.akamaihd.net/files/media_publication/9e/CO-r20_E_142_r240P.mp4",
            "checksum": "b4672dd1be6ac138bb34bc3ebc8fc16a",
            "filesize": 21417636,
            "modifiedDatetime": "2020-12-01T23:32:16.000Z",
            "bitRate": 228.37055850207182,
            "duration": 732.692,
            "frameHeight": 234,
            "frameWidth": 416,
            "label": "240p",
            "frameRate": 23.762,
            "mimetype": "video/mp4",
            "subtitled": false,
            "subtitles": {
                "url": "https://download-a.akamaihd.net/files/media_publication/65/co-r20_E_142.vtt",
                "modifiedDatetime": "2020-12-01T23:32:32.000Z",
                "checksum": "2373d78bc2fdb85ed7dd89fce7ccb1f7"
            }
        },
        {
            "progressiveDownloadURL": "https://download-a.akamaihd.net/files/media_publication/e1/CO-r20_E_142_r360P.mp4",
            "checksum": "743036781baf5b2e46ebecea93baa40a",
            "filesize": 31269724,
            "modifiedDatetime": "2020-12-01T23:32:18.000Z",
            "bitRate": 333.42075353627445,
            "duration": 732.692,
            "frameHeight": 360,
            "frameWidth": 640,
            "label": "360p",
            "frameRate": 23.976,
            "mimetype": "video/mp4",
            "subtitled": false,
            "subtitles": {
                "url": "https://download-a.akamaihd.net/files/media_publication/65/co-r20_E_142.vtt",
                "modifiedDatetime": "2020-12-01T23:32:32.000Z",
                "checksum": "2373d78bc2fdb85ed7dd89fce7ccb1f7"
            }
        },
        {
            "progressiveDownloadURL": "https://download-a.akamaihd.net/files/media_publication/0d/CO-r20_E_142_r480P.mp4",
            "checksum": "bdb78bb22a4b668a2a23b3efd620304e",
            "filesize": 58668208,
            "modifiedDatetime": "2020-12-01T23:32:20.000Z",
            "bitRate": 625.56350417365,
            "duration": 732.692,
            "frameHeight": 540,
            "frameWidth": 960,
            "label": "480p",
            "frameRate": 23.976,
            "mimetype": "video/mp4",
            "subtitled": false,
            "subtitles": {
                "url": "https://download-a.akamaihd.net/files/media_publication/65/co-r20_E_142.vtt",
                "modifiedDatetime": "2020-12-01T23:32:32.000Z",
                "checksum": "2373d78bc2fdb85ed7dd89fce7ccb1f7"
            }
        },
        {
            "progressiveDownloadURL": "https://download-a.akamaihd.net/files/media_publication/2c/CO-r20_E_142_r720P.mp4",
            "checksum": "edc5f9a393b293751db30691f36fb942",
            "filesize": 103126417,
            "modifiedDatetime": "2020-12-01T23:32:23.000Z",
            "bitRate": 1099.6095669292145,
            "duration": 732.692,
            "frameHeight": 720,
            "frameWidth": 1280,
            "label": "720p",
            "frameRate": 23.976,
            "mimetype": "video/mp4",
            "subtitled": false,
            "subtitles": {
                "url": "https://download-a.akamaihd.net/files/media_publication/65/co-r20_E_142.vtt",
                "modifiedDatetime": "2020-12-01T23:32:32.000Z",
                "checksum": "2373d78bc2fdb85ed7dd89fce7ccb1f7"
            }
        }
    ],
    "printReferences": [
        "co-r20-142.v",
        "co-r20-142"
    ],
    "subtitlesUrl": "https://download-a.akamaihd.net/files/media_publication/65/co-r20_E_142.vtt",
    "Name": "pub-co-r20_E_142_VIDEO",
    "Title": "Robert Luccioni: We Can Rejoice Despite . . . Nakedness",
    "UndatedReferenceTitle": "Robert Luccioni: We Can Rejoice Despite . . . Nakedness",
    "ShortTitle": null,
    "Category": "vod",
    "Year": 2020,
    "Symbol": "2020Convention"
}