{
    "guid": "5f85bd070ca056895ecb7943",
    "languageAgnosticNaturalKey": "pub-co-r20_122_VIDEO",
    "naturalKey": "pub-co-r20_E_122_VIDEO",
    "type": "video",
    "primaryCategory": "2020Convention",
    "description": "",
    "firstPublished": "2020-12-01T23:45:19.308Z",
    "duration": 582.041,
    "durationFormattedHHMM": "9:42",
    "durationFormattedMinSec": "9m 42s",
    "files": [
        {
            "progressiveDownloadURL": "https://download-a.akamaihd.net/files/media_publication/8c/CO-r20_E_122_r240P.mp4",
            "checksum": "43abcf8282a4f528623054d3e6f34c23",
            "filesize": 16617540,
            "modifiedDatetime": "2020-11-30T22:44:12.000Z",
            "bitRate": 223.05049171793738,
            "duration": 582.041,
            "frameHeight": 234,
            "frameWidth": 416,
            "label": "240p",
            "frameRate": 23.576,
            "mimetype": "video/mp4",
            "subtitled": false,
            "subtitles": {
                "url": "https://download-a.akamaihd.net/files/media_publication/1a/co-r20_E_122.vtt",
                "modifiedDatetime": "2020-11-30T22:44:29.000Z",
                "checksum": "c25ecb83a7ab0666a743eb897556095f"
            }
        },
        {
            "progressiveDownloadURL": "https://download-a.akamaihd.net/files/media_publication/0f/CO-r20_E_122_r360P.mp4",
            "checksum": "70c258744705d27b42770b24a5f435a5",
            "filesize": 23606931,
            "modifiedDatetime": "2020-11-30T22:44:15.000Z",
            "bitRate": 316.8662490056542,
            "duration": 582.041,
            "frameHeight": 360,
            "frameWidth": 640,
            "label": "360p",
            "frameRate": 23.976,
            "mimetype": "video/mp4",
            "subtitled": false,
            "subtitles": {
                "url": "https://download-a.akamaihd.net/files/media_publication/1a/co-r20_E_122.vtt",
                "modifiedDatetime": "2020-11-30T22:44:29.000Z",
                "checksum": "c25ecb83a7ab0666a743eb897556095f"
            }
        },
        {
            "progressiveDownloadURL": "https://download-a.akamaihd.net/files/media_publication/56/CO-r20_E_122_r480P.mp4",
            "checksum": "51b0d8f020bea27d3c5ac713a8d6109b",
            "filesize": 42665329,
            "modifiedDatetime": "2020-11-30T22:44:18.000Z",
            "bitRate": 572.679386525176,
            "duration": 582.041,
            "frameHeight": 540,
            "frameWidth": 960,
            "label": "480p",
            "frameRate": 23.976,
            "mimetype": "video/mp4",
            "subtitled": false,
            "subtitles": {
                "url": "https://download-a.akamaihd.net/files/media_publication/1a/co-r20_E_122.vtt",
                "modifiedDatetime": "2020-11-30T22:44:29.000Z",
                "checksum": "c25ecb83a7ab0666a743eb897556095f"
            }
        },
        {
            "progressiveDownloadURL": "https://download-a.akamaihd.net/files/media_publication/03/CO-r20_E_122_r720P.mp4",
            "checksum": "4f16da21bee1d862f9fc07e3dd9e0b84",
            "filesize": 71650343,
            "modifiedDatetime": "2020-11-30T22:44:22.000Z",
            "bitRate": 961.7334598206999,
            "duration": 582.041,
            "frameHeight": 720,
            "frameWidth": 1280,
            "label": "720p",
            "frameRate": 23.976,
            "mimetype": "video/mp4",
            "subtitled": false,
            "subtitles": {
                "url": "https://download-a.akamaihd.net/files/media_publication/1a/co-r20_E_122.vtt",
                "modifiedDatetime": "2020-11-30T22:44:29.000Z",
                "checksum": "c25ecb83a7ab0666a743eb897556095f"
            }
        }
    ],
    "printReferences": [
        "co-r20-122.v",
        "co-r20-122"
    ],
    "subtitlesUrl": "https://download-a.akamaihd.net/files/media_publication/1a/co-r20_E_122.vtt",
    "Name": "pub-co-r20_E_122_VIDEO",
    "Title": "David H. Splane: Experience the Joy of Disciple-Making—Improve Your Skills—Illustrating Key Points",
    "UndatedReferenceTitle": "David H. Splane: Experience the Joy of Disciple-Making—Improve Your Skills—Illustrating Key Points",
    "ShortTitle": null,
    "Category": "vod",
    "Year": 2020,
    "Symbol": "2020Convention"
}