{
    "guid": "60915f98b738cf2eda50f1b6",
    "languageAgnosticNaturalKey": "pub-co-r21_125_VIDEO",
    "naturalKey": "pub-co-r21_E_125_VIDEO",
    "type": "video",
    "primaryCategory": "2021Convention",
    "description": "",
    "firstPublished": "2021-09-13T16:43:55.935Z",
    "duration": 1131.947,
    "durationFormattedHHMM": "18:51",
    "durationFormattedMinSec": "18m 51s",
    "files": [
        {
            "progressiveDownloadURL": "https://download-a.akamaihd.net/files/media_publication/8b/CO-r21_E_125_r240P.mp4",
            "checksum": "51371f5d4df47b3811cfd7b5c186b5a4",
            "filesize": 21504028,
            "modifiedDatetime": "2021-09-11T04:55:01.000Z",
            "bitRate": 148.41703608914554,
            "duration": 1131.947,
            "frameHeight": 234,
            "frameWidth": 416,
            "label": "240p",
            "frameRate": 23.506,
            "mimetype": "video/mp4",
            "subtitled": false,
            "subtitles": {
                "url": "https://download-a.akamaihd.net/files/media_publication/7c/co-r21_E_125.vtt",
                "modifiedDatetime": "2021-09-11T04:54:51.000Z",
                "checksum": "86002118ee0d2c8816a011c7502b1d8a"
            }
        },
        {
            "progressiveDownloadURL": "https://download-a.akamaihd.net/files/media_publication/52/CO-r21_E_125_r360P.mp4",
            "checksum": "b4865397436eff1a15c68810ed05f88f",
            "filesize": 41929543,
            "modifiedDatetime": "2021-09-11T04:54:59.000Z",
            "bitRate": 289.3962445248091,
            "duration": 1131.924,
            "frameHeight": 360,
            "frameWidth": 640,
            "label": "360p",
            "frameRate": 23.976,
            "mimetype": "video/mp4",
            "subtitled": false,
            "subtitles": {
                "url": "https://download-a.akamaihd.net/files/media_publication/7c/co-r21_E_125.vtt",
                "modifiedDatetime": "2021-09-11T04:54:51.000Z",
                "checksum": "86002118ee0d2c8816a011c7502b1d8a"
            }
        },
        {
            "progressiveDownloadURL": "https://download-a.akamaihd.net/files/media_publication/12/CO-r21_E_125_r480P.mp4",
            "checksum": "cac22c6cacad8095d694c2f550248f37",
            "filesize": 75654343,
            "modifiedDatetime": "2021-09-11T04:54:56.000Z",
            "bitRate": 522.1636388021634,
            "duration": 1131.924,
            "frameHeight": 540,
            "frameWidth": 960,
            "label": "480p",
            "frameRate": 23.976,
            "mimetype": "video/mp4",
            "subtitled": false,
            "subtitles": {
                "url": "https://download-a.akamaihd.net/files/media_publication/7c/co-r21_E_125.vtt",
                "modifiedDatetime": "2021-09-11T04:54:51.000Z",
                "checksum": "86002118ee0d2c8816a011c7502b1d8a"
            }
        },
        {
            "progressiveDownloadURL": "https://download-a.akamaihd.net/files/media_publication/07/CO-r21_E_125_r720P.mp4",
            "checksum": "170738cf571475189bd112555ae5e27a",
            "filesize": 124586385,
            "modifiedDatetime": "2021-09-11T04:54:52.000Z",
            "bitRate": 859.8908873851071,
            "duration": 1131.924,
            "frameHeight": 720,
            "frameWidth": 1280,
            "label": "720p",
            "frameRate": 23.976,
            "mimetype": "video/mp4",
            "subtitled": false,
            "subtitles": {
                "url": "https://download-a.akamaihd.net/files/media_publication/7c/co-r21_E_125.vtt",
                "modifiedDatetime": "2021-09-11T04:54:51.000Z",
                "checksum": "86002118ee0d2c8816a011c7502b1d8a"
            }
        }
    ],
    "printReferences": [
        "co-r21-125.v",
        "co-r21-125"
    ],
    "subtitlesUrl": "https://download-a.akamaihd.net/files/media_publication/7c/co-r21_E_125.vtt",
    "Name": "pub-co-r21_E_125_VIDEO",
    "Title": "Robert Ciranko: Build Faith Using Enjoy Life Forever!",
    "UndatedReferenceTitle": "Robert Ciranko: Build Faith Using Enjoy Life Forever!",
    "ShortTitle": null,
    "Category": "vod",
    "Year": 2021,
    "Symbol": "2021Convention"
}