{
    "guid": "5f85e69b0ca056895ecc67a2",
    "languageAgnosticNaturalKey": "pub-co-r20_131_VIDEO",
    "naturalKey": "pub-co-r20_E_131_VIDEO",
    "type": "video",
    "primaryCategory": "2020Convention",
    "description": "",
    "firstPublished": "2020-12-01T23:44:51.460Z",
    "duration": 705.79,
    "durationFormattedHHMM": "11:45",
    "durationFormattedMinSec": "11m 45s",
    "files": [
        {
            "progressiveDownloadURL": "https://download-a.akamaihd.net/files/media_publication/7a/CO-r20_E_131_r240P.mp4",
            "checksum": "1d1d6e3ce6e29c374ba41f479fb6c1f4",
            "filesize": 19300634,
            "modifiedDatetime": "2020-11-30T22:48:01.000Z",
            "bitRate": 213.64173922129814,
            "duration": 705.79,
            "frameHeight": 234,
            "frameWidth": 416,
            "label": "240p",
            "frameRate": 23.438,
            "mimetype": "video/mp4",
            "subtitled": false,
            "subtitles": {
                "url": "https://download-a.akamaihd.net/files/media_publication/83/co-r20_E_131.vtt",
                "modifiedDatetime": "2020-11-30T22:48:18.000Z",
                "checksum": "d0f9f2ba9b445a6f2409a151e797c9c4"
            }
        },
        {
            "progressiveDownloadURL": "https://download-a.akamaihd.net/files/media_publication/31/CO-r20_E_131_r360P.mp4",
            "checksum": "1b0ee93ff0b513e80b2409cbcce0e321",
            "filesize": 27501684,
            "modifiedDatetime": "2020-11-30T22:48:06.000Z",
            "bitRate": 304.4204455291234,
            "duration": 705.79,
            "frameHeight": 360,
            "frameWidth": 640,
            "label": "360p",
            "frameRate": 23.976,
            "mimetype": "video/mp4",
            "subtitled": false,
            "subtitles": {
                "url": "https://download-a.akamaihd.net/files/media_publication/83/co-r20_E_131.vtt",
                "modifiedDatetime": "2020-11-30T22:48:18.000Z",
                "checksum": "d0f9f2ba9b445a6f2409a151e797c9c4"
            }
        },
        {
            "progressiveDownloadURL": "https://download-a.akamaihd.net/files/media_publication/13/CO-r20_E_131_r480P.mp4",
            "checksum": "b5526a696ee219bff7d9296180c477eb",
            "filesize": 49495888,
            "modifiedDatetime": "2020-11-30T22:48:11.000Z",
            "bitRate": 547.8777327533686,
            "duration": 705.79,
            "frameHeight": 540,
            "frameWidth": 960,
            "label": "480p",
            "frameRate": 23.976,
            "mimetype": "video/mp4",
            "subtitled": false,
            "subtitles": {
                "url": "https://download-a.akamaihd.net/files/media_publication/83/co-r20_E_131.vtt",
                "modifiedDatetime": "2020-11-30T22:48:18.000Z",
                "checksum": "d0f9f2ba9b445a6f2409a151e797c9c4"
            }
        },
        {
            "progressiveDownloadURL": "https://download-a.akamaihd.net/files/media_publication/9c/CO-r20_E_131_r720P.mp4",
            "checksum": "741e94701ab8d764c6fd4344527796d3",
            "filesize": 81957553,
            "modifiedDatetime": "2020-11-30T22:48:13.000Z",
            "bitRate": 907.2009844465068,
            "duration": 705.79,
            "frameHeight": 720,
            "frameWidth": 1280,
            "label": "720p",
            "frameRate": 23.976,
            "mimetype": "video/mp4",
            "subtitled": false,
            "subtitles": {
                "url": "https://download-a.akamaihd.net/files/media_publication/83/co-r20_E_131.vtt",
                "modifiedDatetime": "2020-11-30T22:48:18.000Z",
                "checksum": "d0f9f2ba9b445a6f2409a151e797c9c4"
            }
        }
    ],
    "printReferences": [
        "co-r20-131.v",
        "co-r20-131"
    ],
    "subtitlesUrl": "https://download-a.akamaihd.net/files/media_publication/83/co-r20_E_131.vtt",
    "Name": "pub-co-r20_E_131_VIDEO",
    "Title": "Mark Sanderson: Help Your Bible Students to . . . Feed Themselves Spiritually",
    "UndatedReferenceTitle": "Mark Sanderson: Help Your Bible Students to . . . Feed Themselves Spiritually",
    "ShortTitle": null,
    "Category": "vod",
    "Year": 2020,
    "Symbol": "2020Convention"
}