{
    "guid": "62619c88b685ba344161d097",
    "languageAgnosticNaturalKey": "pub-co-r22_142_VIDEO",
    "naturalKey": "pub-co-r22_E_142_VIDEO",
    "type": "video",
    "primaryCategory": "2022Convention",
    "description": "",
    "firstPublished": "2022-08-08T14:07:07.176Z",
    "duration": 677.59,
    "durationFormattedHHMM": "11:17",
    "durationFormattedMinSec": "11m 17s",
    "files": [
        {
            "progressiveDownloadURL": "https://download-a.akamaihd.net/files/media_publication/db/CO-r22_E_142_r240P.mp4",
            "checksum": "08754d32e0bec15ef2a1b4a6528b5c61",
            "filesize": 12297067,
            "modifiedDatetime": "2022-08-07T23:54:25.000Z",
            "bitRate": 141.78313720317595,
            "duration": 677.59,
            "frameHeight": 234,
            "frameWidth": 416,
            "label": "240p",
            "frameRate": 23.976,
            "mimetype": "video/mp4",
            "subtitled": false,
            "subtitles": {
                "url": "https://download-a.akamaihd.net/files/media_publication/94/CO-r22_E_142.vtt",
                "modifiedDatetime": "2022-08-07T23:53:59.000Z",
                "checksum": "d57278a3351f5b3e1fda8830b9c8331e"
            }
        },
        {
            "progressiveDownloadURL": "https://download-a.akamaihd.net/files/media_publication/3b/CO-r22_E_142_r360P.mp4",
            "checksum": "cfc3c8d531e17712a77e0e34e9db5e6f",
            "filesize": 23307024,
            "modifiedDatetime": "2022-08-07T23:54:21.000Z",
            "bitRate": 268.7348354703882,
            "duration": 677.568,
            "frameHeight": 360,
            "frameWidth": 640,
            "label": "360p",
            "frameRate": 23.976,
            "mimetype": "video/mp4",
            "subtitled": false,
            "subtitles": {
                "url": "https://download-a.akamaihd.net/files/media_publication/94/CO-r22_E_142.vtt",
                "modifiedDatetime": "2022-08-07T23:53:59.000Z",
                "checksum": "d57278a3351f5b3e1fda8830b9c8331e"
            }
        },
        {
            "progressiveDownloadURL": "https://download-a.akamaihd.net/files/media_publication/1e/CO-r22_E_142_r480P.mp4",
            "checksum": "ad6614e7fae69b78c684838b859bd2b7",
            "filesize": 41108649,
            "modifiedDatetime": "2022-08-07T23:54:16.000Z",
            "bitRate": 473.9912751376984,
            "duration": 677.568,
            "frameHeight": 540,
            "frameWidth": 960,
            "label": "480p",
            "frameRate": 23.976,
            "mimetype": "video/mp4",
            "subtitled": false,
            "subtitles": {
                "url": "https://download-a.akamaihd.net/files/media_publication/94/CO-r22_E_142.vtt",
                "modifiedDatetime": "2022-08-07T23:53:59.000Z",
                "checksum": "d57278a3351f5b3e1fda8830b9c8331e"
            }
        },
        {
            "progressiveDownloadURL": "https://download-a.akamaihd.net/files/media_publication/a8/CO-r22_E_142_r720P.mp4",
            "checksum": "faf39e57dd154fe2a6d9e1d9cf7cd3b6",
            "filesize": 67154977,
            "modifiedDatetime": "2022-08-07T23:54:09.000Z",
            "bitRate": 774.3108556078505,
            "duration": 677.568,
            "frameHeight": 720,
            "frameWidth": 1280,
            "label": "720p",
            "frameRate": 23.976,
            "mimetype": "video/mp4",
            "subtitled": false,
            "subtitles": {
                "url": "https://download-a.akamaihd.net/files/media_publication/94/CO-r22_E_142.vtt",
                "modifiedDatetime": "2022-08-07T23:53:59.000Z",
                "checksum": "d57278a3351f5b3e1fda8830b9c8331e"
            }
        }
    ],
    "printReferences": [
        "co-r22-142.v",
        "co-r22-142"
    ],
    "subtitlesUrl": "https://download-a.akamaihd.net/files/media_publication/94/CO-r22_E_142.vtt",
    "Name": "pub-co-r22_E_142_VIDEO",
    "Title": "Joel Dellinger: How They Sowed and Reaped Peace—Paul and Barnabas",
    "UndatedReferenceTitle": "Joel Dellinger: How They Sowed and Reaped Peace—Paul and Barnabas",
    "ShortTitle": null,
    "Category": "vod",
    "Year": 2022,
    "Symbol": "2022Convention"
}