{
    "guid": "608aaf40b738cf2eda38de8c",
    "languageAgnosticNaturalKey": "pub-co-r21_135_VIDEO",
    "naturalKey": "pub-co-r21_E_135_VIDEO",
    "type": "video",
    "primaryCategory": "2021Convention",
    "description": "",
    "firstPublished": "2021-09-13T16:39:26.865Z",
    "duration": 739.776,
    "durationFormattedHHMM": "12:19",
    "durationFormattedMinSec": "12m 19s",
    "files": [
        {
            "progressiveDownloadURL": "https://download-a.akamaihd.net/files/media_publication/b1/CO-r21_E_135_r240P.mp4",
            "checksum": "4ee33b02dd2ec8aece63ef1d826fc263",
            "filesize": 18167193,
            "modifiedDatetime": "2021-09-11T04:57:30.000Z",
            "bitRate": 191.85698821332406,
            "duration": 739.776,
            "frameHeight": 234,
            "frameWidth": 416,
            "label": "240p",
            "frameRate": 23.599,
            "mimetype": "video/mp4",
            "subtitled": false,
            "subtitles": {
                "url": "https://download-a.akamaihd.net/files/media_publication/5a/co-r21_E_135.vtt",
                "modifiedDatetime": "2021-09-11T04:57:13.000Z",
                "checksum": "60def3f7e3fd2a78571088737353759a"
            }
        },
        {
            "progressiveDownloadURL": "https://download-a.akamaihd.net/files/media_publication/af/CO-r21_E_135_r360P.mp4",
            "checksum": "501ad3930b68a2b66a7745e5dc8191f5",
            "filesize": 33049963,
            "modifiedDatetime": "2021-09-11T04:57:24.000Z",
            "bitRate": 349.04538883594233,
            "duration": 739.74,
            "frameHeight": 360,
            "frameWidth": 640,
            "label": "360p",
            "frameRate": 23.976,
            "mimetype": "video/mp4",
            "subtitled": false,
            "subtitles": {
                "url": "https://download-a.akamaihd.net/files/media_publication/5a/co-r21_E_135.vtt",
                "modifiedDatetime": "2021-09-11T04:57:13.000Z",
                "checksum": "60def3f7e3fd2a78571088737353759a"
            }
        },
        {
            "progressiveDownloadURL": "https://download-a.akamaihd.net/files/media_publication/fd/CO-r21_E_135_r480P.mp4",
            "checksum": "2d008fc447e096bfaced8066d64e0d51",
            "filesize": 58856904,
            "modifiedDatetime": "2021-09-11T04:57:20.000Z",
            "bitRate": 621.5961858220455,
            "duration": 739.74,
            "frameHeight": 540,
            "frameWidth": 960,
            "label": "480p",
            "frameRate": 23.976,
            "mimetype": "video/mp4",
            "subtitled": false,
            "subtitles": {
                "url": "https://download-a.akamaihd.net/files/media_publication/5a/co-r21_E_135.vtt",
                "modifiedDatetime": "2021-09-11T04:57:13.000Z",
                "checksum": "60def3f7e3fd2a78571088737353759a"
            }
        },
        {
            "progressiveDownloadURL": "https://download-a.akamaihd.net/files/media_publication/99/CO-r21_E_135_r720P.mp4",
            "checksum": "5c9b83d84d0eff421455fd0ac0d7a4e1",
            "filesize": 95618241,
            "modifiedDatetime": "2021-09-11T04:57:17.000Z",
            "bitRate": 1009.8379265856922,
            "duration": 739.74,
            "frameHeight": 720,
            "frameWidth": 1280,
            "label": "720p",
            "frameRate": 23.976,
            "mimetype": "video/mp4",
            "subtitled": false,
            "subtitles": {
                "url": "https://download-a.akamaihd.net/files/media_publication/5a/co-r21_E_135.vtt",
                "modifiedDatetime": "2021-09-11T04:57:13.000Z",
                "checksum": "60def3f7e3fd2a78571088737353759a"
            }
        }
    ],
    "printReferences": [
        "co-r21-135.v",
        "co-r21-135"
    ],
    "subtitlesUrl": "https://download-a.akamaihd.net/files/media_publication/5a/co-r21_E_135.vtt",
    "Name": "pub-co-r21_E_135_VIDEO",
    "Title": "Gajus Glockentin: Enter the Door to Activity in Faith—“Set Something Aside” for Jehovah’s Work",
    "UndatedReferenceTitle": "Gajus Glockentin: Enter the Door to Activity in Faith—“Set Something Aside” for Jehovah’s Work",
    "ShortTitle": null,
    "Category": "vod",
    "Year": 2021,
    "Symbol": "2021Convention"
}