{
    "guid": "5f87489c0ca056895ed17bbb",
    "languageAgnosticNaturalKey": "pub-co-r20_120_VIDEO",
    "naturalKey": "pub-co-r20_E_120_VIDEO",
    "type": "video",
    "primaryCategory": "2020Convention",
    "description": "",
    "firstPublished": "2020-12-01T23:45:26.436Z",
    "duration": 712.755,
    "durationFormattedHHMM": "11:52",
    "durationFormattedMinSec": "11m 52s",
    "files": [
        {
            "progressiveDownloadURL": "https://download-a.akamaihd.net/files/media_publication/a0/CO-r20_E_120_r240P.mp4",
            "checksum": "cfce404e8ec7ccdb4e138f610168315f",
            "filesize": 21128152,
            "modifiedDatetime": "2020-11-30T22:43:13.000Z",
            "bitRate": 231.58545011960632,
            "duration": 712.755,
            "frameHeight": 234,
            "frameWidth": 416,
            "label": "240p",
            "frameRate": 23.438,
            "mimetype": "video/mp4",
            "subtitled": false,
            "subtitles": {
                "url": "https://download-a.akamaihd.net/files/media_publication/67/co-r20_E_120.vtt",
                "modifiedDatetime": "2020-11-30T22:43:31.000Z",
                "checksum": "df7ba3574de98dbdfc50481eb23cee69"
            }
        },
        {
            "progressiveDownloadURL": "https://download-a.akamaihd.net/files/media_publication/e1/CO-r20_E_120_r360P.mp4",
            "checksum": "5c119236514a877248a902dff92469b8",
            "filesize": 29586244,
            "modifiedDatetime": "2020-11-30T22:43:16.000Z",
            "bitRate": 324.29450687824004,
            "duration": 712.755,
            "frameHeight": 360,
            "frameWidth": 640,
            "label": "360p",
            "frameRate": 23.976,
            "mimetype": "video/mp4",
            "subtitled": false,
            "subtitles": {
                "url": "https://download-a.akamaihd.net/files/media_publication/67/co-r20_E_120.vtt",
                "modifiedDatetime": "2020-11-30T22:43:31.000Z",
                "checksum": "df7ba3574de98dbdfc50481eb23cee69"
            }
        },
        {
            "progressiveDownloadURL": "https://download-a.akamaihd.net/files/media_publication/ed/CO-r20_E_120_r480P.mp4",
            "checksum": "a9c26a9c8f804934059e56d350bfbc5e",
            "filesize": 53314735,
            "modifiedDatetime": "2020-11-30T22:43:20.000Z",
            "bitRate": 584.3822452139935,
            "duration": 712.755,
            "frameHeight": 540,
            "frameWidth": 960,
            "label": "480p",
            "frameRate": 23.976,
            "mimetype": "video/mp4",
            "subtitled": false,
            "subtitles": {
                "url": "https://download-a.akamaihd.net/files/media_publication/67/co-r20_E_120.vtt",
                "modifiedDatetime": "2020-11-30T22:43:31.000Z",
                "checksum": "df7ba3574de98dbdfc50481eb23cee69"
            }
        },
        {
            "progressiveDownloadURL": "https://download-a.akamaihd.net/files/media_publication/be/CO-r20_E_120_r720P.mp4",
            "checksum": "d2d822170ea05bcac0a2a44a12bc20e7",
            "filesize": 87661897,
            "modifiedDatetime": "2020-11-30T22:43:23.000Z",
            "bitRate": 960.8611238258588,
            "duration": 712.755,
            "frameHeight": 720,
            "frameWidth": 1280,
            "label": "720p",
            "frameRate": 23.976,
            "mimetype": "video/mp4",
            "subtitled": false,
            "subtitles": {
                "url": "https://download-a.akamaihd.net/files/media_publication/67/co-r20_E_120.vtt",
                "modifiedDatetime": "2020-11-30T22:43:31.000Z",
                "checksum": "df7ba3574de98dbdfc50481eb23cee69"
            }
        }
    ],
    "printReferences": [
        "co-r20-120.v",
        "co-r20-120"
    ],
    "subtitlesUrl": "https://download-a.akamaihd.net/files/media_publication/67/co-r20_E_120.vtt",
    "Name": "pub-co-r20_E_120_VIDEO",
    "Title": "David Schafer: Experience the Joy of Disciple-Making—Improve Your Skills—Asking Questions",
    "UndatedReferenceTitle": "David Schafer: Experience the Joy of Disciple-Making—Improve Your Skills—Asking Questions",
    "ShortTitle": null,
    "Category": "vod",
    "Year": 2020,
    "Symbol": "2020Convention"
}