{
    "guid": "625ecdc7b685ba34415af1e2",
    "languageAgnosticNaturalKey": "pub-co-r22_139_VIDEO",
    "naturalKey": "pub-co-r22_E_139_VIDEO",
    "type": "video",
    "primaryCategory": "2022Convention",
    "description": "",
    "firstPublished": "2022-08-08T14:05:58.555Z",
    "duration": 702.272,
    "durationFormattedHHMM": "11:42",
    "durationFormattedMinSec": "11m 42s",
    "files": [
        {
            "progressiveDownloadURL": "https://download-a.akamaihd.net/files/media_publication/6f/CO-r22_E_139_r240P.mp4",
            "checksum": "64aade974e48ab4b0f3bc33ccb97ceab",
            "filesize": 11909432,
            "modifiedDatetime": "2022-08-07T23:56:01.000Z",
            "bitRate": 132.4877504727513,
            "duration": 702.272,
            "frameHeight": 234,
            "frameWidth": 416,
            "label": "240p",
            "frameRate": 23.976,
            "mimetype": "video/mp4",
            "subtitled": false,
            "subtitles": {
                "url": "https://download-a.akamaihd.net/files/media_publication/b6/CO-r22_E_139.vtt",
                "modifiedDatetime": "2022-08-07T23:55:34.000Z",
                "checksum": "50d69661b362b733864efefa1bcd4df8"
            }
        },
        {
            "progressiveDownloadURL": "https://download-a.akamaihd.net/files/media_publication/f2/CO-r22_E_139_r360P.mp4",
            "checksum": "c3f52e91ca4bd187381eaebb2e48edad",
            "filesize": 23298761,
            "modifiedDatetime": "2022-08-07T23:55:54.000Z",
            "bitRate": 259.19731023878927,
            "duration": 702.251,
            "frameHeight": 360,
            "frameWidth": 640,
            "label": "360p",
            "frameRate": 23.976,
            "mimetype": "video/mp4",
            "subtitled": false,
            "subtitles": {
                "url": "https://download-a.akamaihd.net/files/media_publication/b6/CO-r22_E_139.vtt",
                "modifiedDatetime": "2022-08-07T23:55:34.000Z",
                "checksum": "50d69661b362b733864efefa1bcd4df8"
            }
        },
        {
            "progressiveDownloadURL": "https://download-a.akamaihd.net/files/media_publication/6b/CO-r22_E_139_r480P.mp4",
            "checksum": "340535ce7df74849ee952f19ac1fad93",
            "filesize": 40669841,
            "modifiedDatetime": "2022-08-07T23:55:48.000Z",
            "bitRate": 452.4495270387654,
            "duration": 702.251,
            "frameHeight": 540,
            "frameWidth": 960,
            "label": "480p",
            "frameRate": 23.976,
            "mimetype": "video/mp4",
            "subtitled": false,
            "subtitles": {
                "url": "https://download-a.akamaihd.net/files/media_publication/b6/CO-r22_E_139.vtt",
                "modifiedDatetime": "2022-08-07T23:55:34.000Z",
                "checksum": "50d69661b362b733864efefa1bcd4df8"
            }
        },
        {
            "progressiveDownloadURL": "https://download-a.akamaihd.net/files/media_publication/9e/CO-r22_E_139_r720P.mp4",
            "checksum": "f48858ca008f4d8f08af5dfd8789c5a1",
            "filesize": 66143005,
            "modifiedDatetime": "2022-08-07T23:55:41.000Z",
            "bitRate": 735.8369394454405,
            "duration": 702.251,
            "frameHeight": 720,
            "frameWidth": 1280,
            "label": "720p",
            "frameRate": 23.976,
            "mimetype": "video/mp4",
            "subtitled": false,
            "subtitles": {
                "url": "https://download-a.akamaihd.net/files/media_publication/b6/CO-r22_E_139.vtt",
                "modifiedDatetime": "2022-08-07T23:55:34.000Z",
                "checksum": "50d69661b362b733864efefa1bcd4df8"
            }
        }
    ],
    "printReferences": [
        "co-r22-139.v",
        "co-r22-139"
    ],
    "subtitlesUrl": "https://download-a.akamaihd.net/files/media_publication/b6/CO-r22_E_139.vtt",
    "Name": "pub-co-r22_E_139_VIDEO",
    "Title": "Kenneth Flodin: How They Sowed and Reaped Peace—Gideon",
    "UndatedReferenceTitle": "Kenneth Flodin: How They Sowed and Reaped Peace—Gideon",
    "ShortTitle": null,
    "Category": "vod",
    "Year": 2022,
    "Symbol": "2022Convention"
}