{
    "guid": "5e332453faacdecc1361e998",
    "languageAgnosticNaturalKey": "pub-jwbcov_201905_25_VIDEO",
    "naturalKey": "pub-jwbcov_E_201905_25_VIDEO",
    "type": "video",
    "primaryCategory": "2019Convention",
    "description": "",
    "firstPublished": "2020-04-27T15:59:47.870Z",
    "duration": 278.678,
    "durationFormattedHHMM": "4:38",
    "durationFormattedMinSec": "4m 38s",
    "files": [
        {
            "progressiveDownloadURL": "https://download-a.akamaihd.net/files/media_periodical/bc/jwbcov_E_201905_25_r240P.mp4",
            "checksum": "5c3215105f43636f495f24e1ba21b5e1",
            "filesize": 7360949,
            "modifiedDatetime": "2020-11-14T11:12:45.000Z",
            "bitRate": 206.35792585887654,
            "duration": 278.678,
            "frameHeight": 234,
            "frameWidth": 416,
            "label": "240p",
            "frameRate": 23.928,
            "mimetype": "video/mp4",
            "subtitled": false,
            "subtitles": {
                "url": "https://download-a.akamaihd.net/files/media_periodical/fb/jwbcov_E_201905_25.vtt",
                "modifiedDatetime": "2020-04-27T14:16:25.000Z",
                "checksum": "22ec57c5b8e27d43fdb884a661e37007"
            }
        },
        {
            "progressiveDownloadURL": "https://download-a.akamaihd.net/files/media_periodical/66/jwbcov_E_201905_25_r360P.mp4",
            "checksum": "ee94900044ff63802fadb511d63c6c69",
            "filesize": 12810696,
            "modifiedDatetime": "2020-04-27T14:16:31.000Z",
            "bitRate": 359.16657694999196,
            "duration": 278.655,
            "frameHeight": 360,
            "frameWidth": 640,
            "label": "360p",
            "frameRate": 23.976,
            "mimetype": "video/mp4",
            "subtitled": false,
            "subtitles": {
                "url": "https://download-a.akamaihd.net/files/media_periodical/fb/jwbcov_E_201905_25.vtt",
                "modifiedDatetime": "2020-04-27T14:16:25.000Z",
                "checksum": "22ec57c5b8e27d43fdb884a661e37007"
            }
        },
        {
            "progressiveDownloadURL": "https://download-a.akamaihd.net/files/media_periodical/8f/jwbcov_E_201905_25_r480P.mp4",
            "checksum": "ce7cd6e82f0658d9d86d22e2e6b9322f",
            "filesize": 23215805,
            "modifiedDatetime": "2020-04-27T14:16:35.000Z",
            "bitRate": 650.8890081373024,
            "duration": 278.655,
            "frameHeight": 540,
            "frameWidth": 960,
            "label": "480p",
            "frameRate": 23.976,
            "mimetype": "video/mp4",
            "subtitled": false,
            "subtitles": {
                "url": "https://download-a.akamaihd.net/files/media_periodical/fb/jwbcov_E_201905_25.vtt",
                "modifiedDatetime": "2020-04-27T14:16:25.000Z",
                "checksum": "22ec57c5b8e27d43fdb884a661e37007"
            }
        },
        {
            "progressiveDownloadURL": "https://download-a.akamaihd.net/files/media_periodical/ed/jwbcov_E_201905_25_r720P.mp4",
            "checksum": "40b5d126e6f6597addc33d1adeb0757d",
            "filesize": 37922763,
            "modifiedDatetime": "2020-04-27T14:16:42.000Z",
            "bitRate": 1063.2200604241805,
            "duration": 278.655,
            "frameHeight": 720,
            "frameWidth": 1280,
            "label": "720p",
            "frameRate": 23.976,
            "mimetype": "video/mp4",
            "subtitled": false,
            "subtitles": {
                "url": "https://download-a.akamaihd.net/files/media_periodical/fb/jwbcov_E_201905_25.vtt",
                "modifiedDatetime": "2020-04-27T14:16:25.000Z",
                "checksum": "22ec57c5b8e27d43fdb884a661e37007"
            }
        }
    ],
    "printReferences": [
        "jwbcov.201905-25.v",
        "jwbcov.201905-25"
    ],
    "subtitlesUrl": "https://download-a.akamaihd.net/files/media_periodical/fb/jwbcov_E_201905_25.vtt",
    "Name": "pub-jwbcov_E_201905_25_VIDEO",
    "Title": "“Carefully Consider Jehovah’s Acts of Loyal Love”",
    "UndatedReferenceTitle": "“Carefully Consider Jehovah’s Acts of Loyal Love”",
    "ShortTitle": null,
    "Category": "vod",
    "Year": 2020,
    "Symbol": "2019Convention"
}