{
    "guid": "62583182dedf1bc7892dbd12",
    "languageAgnosticNaturalKey": "pub-co-r22_136_VIDEO",
    "naturalKey": "pub-co-r22_E_136_VIDEO",
    "type": "video",
    "primaryCategory": "2022Convention",
    "description": "",
    "firstPublished": "2022-07-25T13:38:14.635Z",
    "duration": 2243.03,
    "durationFormattedHHMM": "37:23",
    "durationFormattedMinSec": "37m 23s",
    "files": [
        {
            "progressiveDownloadURL": "https://download-a.akamaihd.net/files/media_publication/b8/CO-r22_E_136_r240P.mp4",
            "checksum": "c1d360c09a5418b9b1cbdf6109cbf068",
            "filesize": 38298991,
            "modifiedDatetime": "2022-07-25T00:33:53.000Z",
            "bitRate": 133.39583830243018,
            "duration": 2243.03,
            "frameHeight": 234,
            "frameWidth": 416,
            "label": "240p",
            "frameRate": 23.976,
            "mimetype": "video/mp4",
            "subtitled": false,
            "subtitles": {
                "url": "https://download-a.akamaihd.net/files/media_publication/16/CO-r22_E_136.vtt",
                "modifiedDatetime": "2022-07-25T00:33:15.000Z",
                "checksum": "85421846fa2da1a44b219839820d5580"
            }
        },
        {
            "progressiveDownloadURL": "https://download-a.akamaihd.net/files/media_publication/38/CO-r22_E_136_r360P.mp4",
            "checksum": "e83f16038d7717c569b20a792476857b",
            "filesize": 74854171,
            "modifiedDatetime": "2022-07-25T00:33:47.000Z",
            "bitRate": 260.72051947095156,
            "duration": 2243.008,
            "frameHeight": 360,
            "frameWidth": 640,
            "label": "360p",
            "frameRate": 23.976,
            "mimetype": "video/mp4",
            "subtitled": false,
            "subtitles": {
                "url": "https://download-a.akamaihd.net/files/media_publication/16/CO-r22_E_136.vtt",
                "modifiedDatetime": "2022-07-25T00:33:15.000Z",
                "checksum": "85421846fa2da1a44b219839820d5580"
            }
        },
        {
            "progressiveDownloadURL": "https://download-a.akamaihd.net/files/media_publication/54/CO-r22_E_136_r480P.mp4",
            "checksum": "f88968c278066cdeed31396e23764c5e",
            "filesize": 134248543,
            "modifiedDatetime": "2022-07-25T00:33:41.000Z",
            "bitRate": 467.59384816616796,
            "duration": 2243.008,
            "frameHeight": 540,
            "frameWidth": 960,
            "label": "480p",
            "frameRate": 23.976,
            "mimetype": "video/mp4",
            "subtitled": false,
            "subtitles": {
                "url": "https://download-a.akamaihd.net/files/media_publication/16/CO-r22_E_136.vtt",
                "modifiedDatetime": "2022-07-25T00:33:15.000Z",
                "checksum": "85421846fa2da1a44b219839820d5580"
            }
        },
        {
            "progressiveDownloadURL": "https://download-a.akamaihd.net/files/media_publication/9a/CO-r22_E_136_r720P.mp4",
            "checksum": "148254e53b8731ef1921fd6df91cefae",
            "filesize": 226461831,
            "modifiedDatetime": "2022-07-25T00:33:36.000Z",
            "bitRate": 788.7769703396066,
            "duration": 2243.008,
            "frameHeight": 720,
            "frameWidth": 1280,
            "label": "720p",
            "frameRate": 23.976,
            "mimetype": "video/mp4",
            "subtitled": false,
            "subtitles": {
                "url": "https://download-a.akamaihd.net/files/media_publication/16/CO-r22_E_136.vtt",
                "modifiedDatetime": "2022-07-25T00:33:15.000Z",
                "checksum": "85421846fa2da1a44b219839820d5580"
            }
        }
    ],
    "printReferences": [
        "co-r22-136.v",
        "co-r22-136"
    ],
    "subtitlesUrl": "https://download-a.akamaihd.net/files/media_publication/16/CO-r22_E_136.vtt",
    "Name": "pub-co-r22_E_136_VIDEO",
    "Title": "David H. Splane: Safeguard Our “Uniting Bond of Peace”!",
    "UndatedReferenceTitle": "David H. Splane: Safeguard Our “Uniting Bond of Peace”!",
    "ShortTitle": null,
    "Category": "vod",
    "Year": 2022,
    "Symbol": "2022Convention"
}