{
    "guid": "5efe02b05f2f5ac96709c720",
    "languageAgnosticNaturalKey": "pub-co-r20_11_VIDEO",
    "naturalKey": "pub-co-r20_E_11_VIDEO",
    "type": "video",
    "primaryCategory": "2020Convention",
    "description": "",
    "firstPublished": "2020-08-24T21:07:03.973Z",
    "duration": 3583.318,
    "durationFormattedHHMM": "59:43",
    "durationFormattedMinSec": "59m 43s",
    "files": [
        {
            "progressiveDownloadURL": "https://download-a.akamaihd.net/files/media_publication/33/CO-r20_E_11_r240P.mp4",
            "checksum": "5d179f5e17de555fc7f260d52f52b3ac",
            "filesize": 64115075,
            "modifiedDatetime": "2020-08-24T18:47:49.000Z",
            "bitRate": 139.78637213819704,
            "duration": 3583.318,
            "frameHeight": 234,
            "frameWidth": 416,
            "label": "240p",
            "frameRate": 23.976,
            "mimetype": "video/mp4",
            "subtitled": false,
            "subtitles": {
                "url": "https://download-a.akamaihd.net/files/media_publication/c3/CO-r20_E_11.vtt",
                "modifiedDatetime": "2020-08-24T18:47:36.000Z",
                "checksum": "cb74da7e184230327c6a4a29899c2d0f"
            }
        },
        {
            "progressiveDownloadURL": "https://download-a.akamaihd.net/files/media_publication/91/CO-r20_E_11_r360P.mp4",
            "checksum": "e5fc671c66181019d16e215afdd1e079",
            "filesize": 165844418,
            "modifiedDatetime": "2020-08-24T18:47:52.000Z",
            "bitRate": 361.583873258618,
            "duration": 3583.289,
            "frameHeight": 360,
            "frameWidth": 640,
            "label": "360p",
            "frameRate": 23.976,
            "mimetype": "video/mp4",
            "subtitled": false,
            "subtitles": {
                "url": "https://download-a.akamaihd.net/files/media_publication/c3/CO-r20_E_11.vtt",
                "modifiedDatetime": "2020-08-24T18:47:36.000Z",
                "checksum": "cb74da7e184230327c6a4a29899c2d0f"
            }
        },
        {
            "progressiveDownloadURL": "https://download-a.akamaihd.net/files/media_publication/b7/CO-r20_E_11_r480P.mp4",
            "checksum": "758dc786df12e35d7d0af52cd438c64d",
            "filesize": 310491629,
            "modifiedDatetime": "2020-08-24T18:47:56.000Z",
            "bitRate": 676.9523338928286,
            "duration": 3583.289,
            "frameHeight": 540,
            "frameWidth": 960,
            "label": "480p",
            "frameRate": 23.976,
            "mimetype": "video/mp4",
            "subtitled": false,
            "subtitles": {
                "url": "https://download-a.akamaihd.net/files/media_publication/c3/CO-r20_E_11.vtt",
                "modifiedDatetime": "2020-08-24T18:47:36.000Z",
                "checksum": "cb74da7e184230327c6a4a29899c2d0f"
            }
        },
        {
            "progressiveDownloadURL": "https://download-a.akamaihd.net/files/media_publication/75/CO-r20_E_11_r720P.mp4",
            "checksum": "dd8b9733625a68fc3a8238ed320a72a5",
            "filesize": 521138009,
            "modifiedDatetime": "2020-08-24T18:48:06.000Z",
            "bitRate": 1136.2161118772447,
            "duration": 3583.289,
            "frameHeight": 720,
            "frameWidth": 1280,
            "label": "720p",
            "frameRate": 23.976,
            "mimetype": "video/mp4",
            "subtitled": false,
            "subtitles": {
                "url": "https://download-a.akamaihd.net/files/media_publication/c3/CO-r20_E_11.vtt",
                "modifiedDatetime": "2020-08-24T18:47:36.000Z",
                "checksum": "cb74da7e184230327c6a4a29899c2d0f"
            }
        }
    ],
    "printReferences": [
        "co-r20-11.v",
        "co-r20-11"
    ],
    "subtitlesUrl": "https://download-a.akamaihd.net/files/media_publication/c3/CO-r20_E_11.vtt",
    "Name": "pub-co-r20_E_11_VIDEO",
    "Title": "2020 “Always Rejoice”! Convention: Sunday Afternoon Session—Part 1",
    "UndatedReferenceTitle": "2020 “Always Rejoice”! Convention: Sunday Afternoon Session—Part 1",
    "ShortTitle": null,
    "Category": "vod",
    "Year": 2020,
    "Symbol": "2020Convention"
}