{
    "guid": "5f22117f12b86d2c3b04eac0",
    "languageAgnosticNaturalKey": "pub-co-r20_57_VIDEO",
    "naturalKey": "pub-co-r20_E_57_VIDEO",
    "type": "video",
    "primaryCategory": "2020ConventionAD",
    "description": "",
    "firstPublished": "2020-08-03T17:31:32.773Z",
    "duration": 4571.179,
    "durationFormattedHHMM": "1:16:11",
    "durationFormattedMinSec": "1h 16m 11s",
    "files": [
        {
            "progressiveDownloadURL": "https://download-a.akamaihd.net/files/media_publication/82/CO-r20_E_57_r240P.mp4",
            "checksum": "b575c468a09783b9adfb03ec80ced7f5",
            "filesize": 64154522,
            "modifiedDatetime": "2020-08-05T03:20:00.000Z",
            "bitRate": 109.6450616186765,
            "duration": 4571.179,
            "frameHeight": 234,
            "frameWidth": 416,
            "label": "240p",
            "frameRate": 23.976,
            "mimetype": "video/mp4",
            "subtitled": false,
            "subtitles": {
                "url": "https://download-a.akamaihd.net/files/media_publication/fb/co-r20_E_57.vtt",
                "modifiedDatetime": "2020-08-03T14:38:32.000Z",
                "checksum": "9c373d051f0bae9d01ccb07ecaa805dc"
            }
        },
        {
            "progressiveDownloadURL": "https://download-a.akamaihd.net/files/media_publication/35/CO-r20_E_57_r360P.mp4",
            "checksum": "44cdd83c9732bd6203c559b322481f62",
            "filesize": 176592704,
            "modifiedDatetime": "2020-08-03T14:37:47.000Z",
            "bitRate": 301.8124975525858,
            "duration": 4571.151,
            "frameHeight": 360,
            "frameWidth": 640,
            "label": "360p",
            "frameRate": 23.976,
            "mimetype": "video/mp4",
            "subtitled": false,
            "subtitles": {
                "url": "https://download-a.akamaihd.net/files/media_publication/fb/co-r20_E_57.vtt",
                "modifiedDatetime": "2020-08-03T14:38:32.000Z",
                "checksum": "9c373d051f0bae9d01ccb07ecaa805dc"
            }
        },
        {
            "progressiveDownloadURL": "https://download-a.akamaihd.net/files/media_publication/5b/CO-r20_E_57_r480P.mp4",
            "checksum": "32ae7d5a3bbd990cec6d8448a1afa9fa",
            "filesize": 322700882,
            "modifiedDatetime": "2020-08-03T14:38:03.000Z",
            "bitRate": 551.5242529999556,
            "duration": 4571.151,
            "frameHeight": 540,
            "frameWidth": 960,
            "label": "480p",
            "frameRate": 23.976,
            "mimetype": "video/mp4",
            "subtitled": false,
            "subtitles": {
                "url": "https://download-a.akamaihd.net/files/media_publication/fb/co-r20_E_57.vtt",
                "modifiedDatetime": "2020-08-03T14:38:32.000Z",
                "checksum": "9c373d051f0bae9d01ccb07ecaa805dc"
            }
        },
        {
            "progressiveDownloadURL": "https://download-a.akamaihd.net/files/media_publication/fa/CO-r20_E_57_r720P.mp4",
            "checksum": "cd2c5c37d0f34c8b2cd5208ea7f72435",
            "filesize": 540434433,
            "modifiedDatetime": "2020-08-03T14:38:16.000Z",
            "bitRate": 923.650084587558,
            "duration": 4571.151,
            "frameHeight": 720,
            "frameWidth": 1280,
            "label": "720p",
            "frameRate": 23.976,
            "mimetype": "video/mp4",
            "subtitled": false,
            "subtitles": {
                "url": "https://download-a.akamaihd.net/files/media_publication/fb/co-r20_E_57.vtt",
                "modifiedDatetime": "2020-08-03T14:38:32.000Z",
                "checksum": "9c373d051f0bae9d01ccb07ecaa805dc"
            }
        }
    ],
    "printReferences": [
        "co-r20-57.v",
        "co-r20-57"
    ],
    "subtitlesUrl": "https://download-a.akamaihd.net/files/media_publication/fb/co-r20_E_57.vtt",
    "Name": "pub-co-r20_E_57_VIDEO",
    "Title": "2020 “Always Rejoice”! Convention: Saturday Afternoon Session—Part 2 (With Audio Descriptions)",
    "UndatedReferenceTitle": "2020 “Always Rejoice”! Convention: Saturday Afternoon Session—Part 2 (With Audio Descriptions)",
    "ShortTitle": null,
    "Category": "vod",
    "Year": 2020,
    "Symbol": "2020ConventionAD"
}