{
    "guid": "60cbaaa5b9f9166228098af4",
    "languageAgnosticNaturalKey": "pub-co-r21_10_VIDEO",
    "naturalKey": "pub-co-r21_E_10_VIDEO",
    "type": "video",
    "primaryCategory": "2021Convention",
    "description": "",
    "firstPublished": "2021-08-09T14:25:14.108Z",
    "duration": 2102.934,
    "durationFormattedHHMM": "35:02",
    "durationFormattedMinSec": "35m 2s",
    "files": [
        {
            "progressiveDownloadURL": "https://download-a.akamaihd.net/files/media_publication/da/CO-r21_E_10_r240P.mp4",
            "checksum": "40a8cf8141c39621b77c3f4d3751fcda",
            "filesize": 34850566,
            "modifiedDatetime": "2021-08-09T02:30:07.000Z",
            "bitRate": 129.47151307411454,
            "duration": 2102.934,
            "frameHeight": 234,
            "frameWidth": 416,
            "label": "240p",
            "frameRate": 23.506,
            "mimetype": "video/mp4",
            "subtitled": false,
            "subtitles": {
                "url": "https://download-a.akamaihd.net/files/media_publication/03/co-r21_E_10.vtt",
                "modifiedDatetime": "2021-08-09T02:29:46.000Z",
                "checksum": "f35bd4ab6109d51394c76ddd48341357"
            }
        },
        {
            "progressiveDownloadURL": "https://download-a.akamaihd.net/files/media_publication/af/CO-r21_E_10_r360P.mp4",
            "checksum": "6b1b8a81d9dbecde5e28bfda42d3e714",
            "filesize": 68686057,
            "modifiedDatetime": "2021-08-09T02:30:05.000Z",
            "bitRate": 255.17682789170547,
            "duration": 2102.894,
            "frameHeight": 360,
            "frameWidth": 640,
            "label": "360p",
            "frameRate": 23.976,
            "mimetype": "video/mp4",
            "subtitled": false,
            "subtitles": {
                "url": "https://download-a.akamaihd.net/files/media_publication/03/co-r21_E_10.vtt",
                "modifiedDatetime": "2021-08-09T02:29:46.000Z",
                "checksum": "f35bd4ab6109d51394c76ddd48341357"
            }
        },
        {
            "progressiveDownloadURL": "https://download-a.akamaihd.net/files/media_publication/de/CO-r21_E_10_r480P.mp4",
            "checksum": "5b4eb6e40f88f518b428b0db51a5739a",
            "filesize": 121693093,
            "modifiedDatetime": "2021-08-09T02:29:58.000Z",
            "bitRate": 452.1042378087056,
            "duration": 2102.894,
            "frameHeight": 540,
            "frameWidth": 960,
            "label": "480p",
            "frameRate": 23.976,
            "mimetype": "video/mp4",
            "subtitled": false,
            "subtitles": {
                "url": "https://download-a.akamaihd.net/files/media_publication/03/co-r21_E_10.vtt",
                "modifiedDatetime": "2021-08-09T02:29:46.000Z",
                "checksum": "f35bd4ab6109d51394c76ddd48341357"
            }
        },
        {
            "progressiveDownloadURL": "https://download-a.akamaihd.net/files/media_publication/88/CO-r21_E_10_r720P.mp4",
            "checksum": "b583e4d9fed207002026c62b96eaf893",
            "filesize": 199364486,
            "modifiedDatetime": "2021-08-09T02:29:52.000Z",
            "bitRate": 740.6626519810319,
            "duration": 2102.894,
            "frameHeight": 720,
            "frameWidth": 1280,
            "label": "720p",
            "frameRate": 23.976,
            "mimetype": "video/mp4",
            "subtitled": false,
            "subtitles": {
                "url": "https://download-a.akamaihd.net/files/media_publication/03/co-r21_E_10.vtt",
                "modifiedDatetime": "2021-08-09T02:29:46.000Z",
                "checksum": "f35bd4ab6109d51394c76ddd48341357"
            }
        }
    ],
    "printReferences": [
        "co-r21-10.v",
        "co-r21-10"
    ],
    "subtitlesUrl": "https://download-a.akamaihd.net/files/media_publication/03/co-r21_E_10.vtt",
    "Name": "pub-co-r21_E_10_VIDEO",
    "Title": "2021 Powerful by Faith! Convention: Sunday Morning Session—Part 2",
    "UndatedReferenceTitle": "2021 Powerful by Faith! Convention: Sunday Morning Session—Part 2",
    "ShortTitle": null,
    "Category": "vod",
    "Year": 2021,
    "Symbol": "2021Convention"
}