{
    "guid": "6245a183dedf1bc789fd349a",
    "languageAgnosticNaturalKey": "pub-co-r22_116_VIDEO",
    "naturalKey": "pub-co-r22_E_116_VIDEO",
    "type": "video",
    "primaryCategory": "2022Convention",
    "description": "",
    "firstPublished": "2022-07-04T15:29:19.129Z",
    "duration": 1162.816,
    "durationFormattedHHMM": "19:22",
    "durationFormattedMinSec": "19m 22s",
    "files": [
        {
            "progressiveDownloadURL": "https://download-a.akamaihd.net/files/media_publication/59/CO-r22_E_116_r240P.mp4",
            "checksum": "97db82e8a9c0e6268cac214d9db4fdb2",
            "filesize": 24982833,
            "modifiedDatetime": "2022-07-03T22:22:20.000Z",
            "bitRate": 167.84975680804186,
            "duration": 1162.816,
            "frameHeight": 234,
            "frameWidth": 416,
            "label": "240p",
            "frameRate": 23.976,
            "mimetype": "video/mp4",
            "subtitled": false,
            "subtitles": {
                "url": "https://download-a.akamaihd.net/files/media_publication/c6/CO-r22_E_116.vtt",
                "modifiedDatetime": "2022-07-03T22:22:22.000Z",
                "checksum": "66a86266f50371898dcfbf08ca35d5ed"
            }
        },
        {
            "progressiveDownloadURL": "https://download-a.akamaihd.net/files/media_publication/00/CO-r22_E_116_r360P.mp4",
            "checksum": "bbb7d61119907de2187e31e719037b06",
            "filesize": 48168036,
            "modifiedDatetime": "2022-07-03T22:22:24.000Z",
            "bitRate": 323.6277944521605,
            "duration": 1162.795,
            "frameHeight": 360,
            "frameWidth": 640,
            "label": "360p",
            "frameRate": 23.976,
            "mimetype": "video/mp4",
            "subtitled": false,
            "subtitles": {
                "url": "https://download-a.akamaihd.net/files/media_publication/c6/CO-r22_E_116.vtt",
                "modifiedDatetime": "2022-07-03T22:22:22.000Z",
                "checksum": "66a86266f50371898dcfbf08ca35d5ed"
            }
        },
        {
            "progressiveDownloadURL": "https://download-a.akamaihd.net/files/media_publication/f9/CO-r22_E_116_r480P.mp4",
            "checksum": "a3f18b088b21ddd8f19dbdf57adcdde7",
            "filesize": 88203368,
            "modifiedDatetime": "2022-07-03T22:22:17.000Z",
            "bitRate": 592.6141860775115,
            "duration": 1162.795,
            "frameHeight": 540,
            "frameWidth": 960,
            "label": "480p",
            "frameRate": 23.976,
            "mimetype": "video/mp4",
            "subtitled": false,
            "subtitles": {
                "url": "https://download-a.akamaihd.net/files/media_publication/c6/CO-r22_E_116.vtt",
                "modifiedDatetime": "2022-07-03T22:22:22.000Z",
                "checksum": "66a86266f50371898dcfbf08ca35d5ed"
            }
        },
        {
            "progressiveDownloadURL": "https://download-a.akamaihd.net/files/media_publication/6a/CO-r22_E_116_r720P.mp4",
            "checksum": "60e8db28ec192cbee9e99b3be27f6127",
            "filesize": 152306291,
            "modifiedDatetime": "2022-07-03T22:22:11.000Z",
            "bitRate": 1023.3041064310562,
            "duration": 1162.795,
            "frameHeight": 720,
            "frameWidth": 1280,
            "label": "720p",
            "frameRate": 23.976,
            "mimetype": "video/mp4",
            "subtitled": false,
            "subtitles": {
                "url": "https://download-a.akamaihd.net/files/media_publication/c6/CO-r22_E_116.vtt",
                "modifiedDatetime": "2022-07-03T22:22:22.000Z",
                "checksum": "66a86266f50371898dcfbf08ca35d5ed"
            }
        }
    ],
    "printReferences": [
        "co-r22-116.v",
        "co-r22-116"
    ],
    "subtitlesUrl": "https://download-a.akamaihd.net/files/media_publication/c6/CO-r22_E_116.vtt",
    "Name": "pub-co-r22_E_116_VIDEO",
    "Title": "Mark Noumair: Loyally Support the “Prince of Peace”",
    "UndatedReferenceTitle": "Mark Noumair: Loyally Support the “Prince of Peace”",
    "ShortTitle": null,
    "Category": "vod",
    "Year": 2022,
    "Symbol": "2022Convention"
}