{
    "guid": "6074a74f0524ac0a0af156b1",
    "languageAgnosticNaturalKey": "pub-co-r21_105_VIDEO",
    "naturalKey": "pub-co-r21_E_105_VIDEO",
    "type": "video",
    "primaryCategory": "2021Convention",
    "description": "",
    "firstPublished": "2021-09-13T16:54:00.348Z",
    "duration": 1015.296,
    "durationFormattedHHMM": "16:55",
    "durationFormattedMinSec": "16m 55s",
    "files": [
        {
            "progressiveDownloadURL": "https://download-a.akamaihd.net/files/media_publication/a2/CO-r21_E_105_r240P.mp4",
            "checksum": "fd7478b14ccebfc4a1ff89324c240379",
            "filesize": 17589996,
            "modifiedDatetime": "2021-09-11T05:02:58.000Z",
            "bitRate": 135.35150709743758,
            "duration": 1015.296,
            "frameHeight": 234,
            "frameWidth": 416,
            "label": "240p",
            "frameRate": 23.715,
            "mimetype": "video/mp4",
            "subtitled": false,
            "subtitles": {
                "url": "https://download-a.akamaihd.net/files/media_publication/3c/co-r21_E_105.vtt",
                "modifiedDatetime": "2021-09-11T05:02:43.000Z",
                "checksum": "5c7c26a270e4a997ee05f1288cd5ab17"
            }
        },
        {
            "progressiveDownloadURL": "https://download-a.akamaihd.net/files/media_publication/5d/CO-r21_E_105_r360P.mp4",
            "checksum": "d384790577b1b3fd4bbe27a7cff2d665",
            "filesize": 34770561,
            "modifiedDatetime": "2021-09-11T05:02:56.000Z",
            "bitRate": 267.5604302837877,
            "duration": 1015.266,
            "frameHeight": 360,
            "frameWidth": 640,
            "label": "360p",
            "frameRate": 23.976,
            "mimetype": "video/mp4",
            "subtitled": false,
            "subtitles": {
                "url": "https://download-a.akamaihd.net/files/media_publication/3c/co-r21_E_105.vtt",
                "modifiedDatetime": "2021-09-11T05:02:43.000Z",
                "checksum": "5c7c26a270e4a997ee05f1288cd5ab17"
            }
        },
        {
            "progressiveDownloadURL": "https://download-a.akamaihd.net/files/media_publication/5f/CO-r21_E_105_r480P.mp4",
            "checksum": "60d9bb157835f4fd79b2d0373ced16d8",
            "filesize": 61242716,
            "modifiedDatetime": "2021-09-11T05:02:49.000Z",
            "bitRate": 471.26439647343653,
            "duration": 1015.266,
            "frameHeight": 540,
            "frameWidth": 960,
            "label": "480p",
            "frameRate": 23.976,
            "mimetype": "video/mp4",
            "subtitled": false,
            "subtitles": {
                "url": "https://download-a.akamaihd.net/files/media_publication/3c/co-r21_E_105.vtt",
                "modifiedDatetime": "2021-09-11T05:02:43.000Z",
                "checksum": "5c7c26a270e4a997ee05f1288cd5ab17"
            }
        },
        {
            "progressiveDownloadURL": "https://download-a.akamaihd.net/files/media_publication/af/CO-r21_E_105_r720P.mp4",
            "checksum": "e00702efa039fd2ecc24d3e03c7f5aab",
            "filesize": 100081076,
            "modifiedDatetime": "2021-09-11T05:02:44.000Z",
            "bitRate": 770.126652768831,
            "duration": 1015.266,
            "frameHeight": 720,
            "frameWidth": 1280,
            "label": "720p",
            "frameRate": 23.976,
            "mimetype": "video/mp4",
            "subtitled": false,
            "subtitles": {
                "url": "https://download-a.akamaihd.net/files/media_publication/3c/co-r21_E_105.vtt",
                "modifiedDatetime": "2021-09-11T05:02:43.000Z",
                "checksum": "5c7c26a270e4a997ee05f1288cd5ab17"
            }
        }
    ],
    "printReferences": [
        "co-r21-105.v",
        "co-r21-105"
    ],
    "subtitlesUrl": "https://download-a.akamaihd.net/files/media_publication/3c/co-r21_E_105.vtt",
    "Name": "pub-co-r21_E_105_VIDEO",
    "Title": "Gerrit Lösch: Why We Have Faith in . . . God’s Love",
    "UndatedReferenceTitle": "Gerrit Lösch: Why We Have Faith in . . . God’s Love",
    "ShortTitle": null,
    "Category": "vod",
    "Year": 2021,
    "Symbol": "2021Convention"
}