{
    "guid": "608ac18bb738cf2eda398d1a",
    "languageAgnosticNaturalKey": "pub-co-r21_107_VIDEO",
    "naturalKey": "pub-co-r21_E_107_VIDEO",
    "type": "video",
    "primaryCategory": "2021Convention",
    "description": "",
    "firstPublished": "2021-09-13T16:53:26.611Z",
    "duration": 1820.736,
    "durationFormattedHHMM": "30:20",
    "durationFormattedMinSec": "30m 20s",
    "files": [
        {
            "progressiveDownloadURL": "https://download-a.akamaihd.net/files/media_publication/22/CO-r21_E_107_r240P.mp4",
            "checksum": "e7e01f59e5af8271e32e371e1ba16b71",
            "filesize": 28969691,
            "modifiedDatetime": "2021-09-11T04:56:03.000Z",
            "bitRate": 124.30451802869828,
            "duration": 1820.736,
            "frameHeight": 234,
            "frameWidth": 416,
            "label": "240p",
            "frameRate": 23.762,
            "mimetype": "video/mp4",
            "subtitled": false,
            "subtitles": {
                "url": "https://download-a.akamaihd.net/files/media_publication/94/co-r21_E_107.vtt",
                "modifiedDatetime": "2021-09-11T04:56:13.000Z",
                "checksum": "2370512e59a265508f00881435719c30"
            }
        },
        {
            "progressiveDownloadURL": "https://download-a.akamaihd.net/files/media_publication/eb/CO-r21_E_107_r360P.mp4",
            "checksum": "63bef10c39c850326dd7be8c0843ca0d",
            "filesize": 60077573,
            "modifiedDatetime": "2021-09-11T04:56:48.000Z",
            "bitRate": 257.7894919591145,
            "duration": 1820.695,
            "frameHeight": 360,
            "frameWidth": 640,
            "label": "360p",
            "frameRate": 23.976,
            "mimetype": "video/mp4",
            "subtitled": false,
            "subtitles": {
                "url": "https://download-a.akamaihd.net/files/media_publication/94/co-r21_E_107.vtt",
                "modifiedDatetime": "2021-09-11T04:56:13.000Z",
                "checksum": "2370512e59a265508f00881435719c30"
            }
        },
        {
            "progressiveDownloadURL": "https://download-a.akamaihd.net/files/media_publication/55/CO-r21_E_107_r480P.mp4",
            "checksum": "94c26664f485ed044d128d6b8cc4fc6b",
            "filesize": 107192146,
            "modifiedDatetime": "2021-09-11T04:56:42.000Z",
            "bitRate": 459.9554788830639,
            "duration": 1820.695,
            "frameHeight": 540,
            "frameWidth": 960,
            "label": "480p",
            "frameRate": 23.976,
            "mimetype": "video/mp4",
            "subtitled": false,
            "subtitles": {
                "url": "https://download-a.akamaihd.net/files/media_publication/94/co-r21_E_107.vtt",
                "modifiedDatetime": "2021-09-11T04:56:13.000Z",
                "checksum": "2370512e59a265508f00881435719c30"
            }
        },
        {
            "progressiveDownloadURL": "https://download-a.akamaihd.net/files/media_publication/ad/CO-r21_E_107_r720P.mp4",
            "checksum": "fb346b556f68b0010e2c654c24b1c34f",
            "filesize": 179185733,
            "modifiedDatetime": "2021-09-11T04:56:34.000Z",
            "bitRate": 768.8759177470691,
            "duration": 1820.695,
            "frameHeight": 720,
            "frameWidth": 1280,
            "label": "720p",
            "frameRate": 23.976,
            "mimetype": "video/mp4",
            "subtitled": false,
            "subtitles": {
                "url": "https://download-a.akamaihd.net/files/media_publication/94/co-r21_E_107.vtt",
                "modifiedDatetime": "2021-09-11T04:56:13.000Z",
                "checksum": "2370512e59a265508f00881435719c30"
            }
        }
    ],
    "printReferences": [
        "co-r21-107.v",
        "co-r21-107"
    ],
    "subtitlesUrl": "https://download-a.akamaihd.net/files/media_publication/94/co-r21_E_107.vtt",
    "Name": "pub-co-r21_E_107_VIDEO",
    "Title": "Kenneth Cook, Jr.: “Have Faith and Do Not Doubt”",
    "UndatedReferenceTitle": "Kenneth Cook, Jr.: “Have Faith and Do Not Doubt”",
    "ShortTitle": null,
    "Category": "vod",
    "Year": 2021,
    "Symbol": "2021Convention"
}