{
    "guid": "6262e969b685ba344166bcf7",
    "languageAgnosticNaturalKey": "pub-co-r22_130_VIDEO",
    "naturalKey": "pub-co-r22_E_130_VIDEO",
    "type": "video",
    "primaryCategory": "2022Convention",
    "description": "",
    "firstPublished": "2022-07-25T13:35:43.102Z",
    "duration": 750.998,
    "durationFormattedHHMM": "12:30",
    "durationFormattedMinSec": "12m 30s",
    "files": [
        {
            "progressiveDownloadURL": "https://download-a.akamaihd.net/files/media_publication/bb/CO-r22_E_130_r240P.mp4",
            "checksum": "3ca74b224c00b8b1842e73823d93033c",
            "filesize": 14274062,
            "modifiedDatetime": "2022-07-25T00:37:32.000Z",
            "bitRate": 148.49055440227536,
            "duration": 750.998,
            "frameHeight": 234,
            "frameWidth": 416,
            "label": "240p",
            "frameRate": 23.976,
            "mimetype": "video/mp4",
            "subtitled": false,
            "subtitles": {
                "url": "https://download-a.akamaihd.net/files/media_publication/72/CO-r22_E_130.vtt",
                "modifiedDatetime": "2022-07-25T00:36:59.000Z",
                "checksum": "3a46b93422966eca1db7cb3b753da9f2"
            }
        },
        {
            "progressiveDownloadURL": "https://download-a.akamaihd.net/files/media_publication/d4/CO-r22_E_130_r360P.mp4",
            "checksum": "8cf2bfb03965aeed3095b838e23d05a4",
            "filesize": 28487393,
            "modifiedDatetime": "2022-07-25T00:37:24.000Z",
            "bitRate": 296.3580165178381,
            "duration": 750.976,
            "frameHeight": 360,
            "frameWidth": 640,
            "label": "360p",
            "frameRate": 23.976,
            "mimetype": "video/mp4",
            "subtitled": false,
            "subtitles": {
                "url": "https://download-a.akamaihd.net/files/media_publication/72/CO-r22_E_130.vtt",
                "modifiedDatetime": "2022-07-25T00:36:59.000Z",
                "checksum": "3a46b93422966eca1db7cb3b753da9f2"
            }
        },
        {
            "progressiveDownloadURL": "https://download-a.akamaihd.net/files/media_publication/29/CO-r22_E_130_r480P.mp4",
            "checksum": "26e531fcafb2cd2f2c753ec2877facde",
            "filesize": 53758405,
            "modifiedDatetime": "2022-07-25T00:37:18.000Z",
            "bitRate": 559.2556074528347,
            "duration": 750.976,
            "frameHeight": 540,
            "frameWidth": 960,
            "label": "480p",
            "frameRate": 23.976,
            "mimetype": "video/mp4",
            "subtitled": false,
            "subtitles": {
                "url": "https://download-a.akamaihd.net/files/media_publication/72/CO-r22_E_130.vtt",
                "modifiedDatetime": "2022-07-25T00:36:59.000Z",
                "checksum": "3a46b93422966eca1db7cb3b753da9f2"
            }
        },
        {
            "progressiveDownloadURL": "https://download-a.akamaihd.net/files/media_publication/c1/CO-r22_E_130_r720P.mp4",
            "checksum": "92b366caecd033df100e043628e248c5",
            "filesize": 96680084,
            "modifiedDatetime": "2022-07-25T00:37:09.000Z",
            "bitRate": 1005.7753593323888,
            "duration": 750.976,
            "frameHeight": 720,
            "frameWidth": 1280,
            "label": "720p",
            "frameRate": 23.976,
            "mimetype": "video/mp4",
            "subtitled": false,
            "subtitles": {
                "url": "https://download-a.akamaihd.net/files/media_publication/72/CO-r22_E_130.vtt",
                "modifiedDatetime": "2022-07-25T00:36:59.000Z",
                "checksum": "3a46b93422966eca1db7cb3b753da9f2"
            }
        }
    ],
    "printReferences": [
        "co-r22-130.v",
        "co-r22-130"
    ],
    "subtitlesUrl": "https://download-a.akamaihd.net/files/media_publication/72/CO-r22_E_130.vtt",
    "Name": "pub-co-r22_E_130_VIDEO",
    "Title": "Kenneth Cook, Jr.: “Put Away” Peace Wreckers—Uncontrolled Anger",
    "UndatedReferenceTitle": "Kenneth Cook, Jr.: “Put Away” Peace Wreckers—Uncontrolled Anger",
    "ShortTitle": null,
    "Category": "vod",
    "Year": 2022,
    "Symbol": "2022Convention"
}