{
    "guid": "5f7cc0730ca056895eb12f14",
    "languageAgnosticNaturalKey": "pub-co-r20_112_VIDEO",
    "naturalKey": "pub-co-r20_E_112_VIDEO",
    "type": "video",
    "primaryCategory": "2020Convention",
    "description": "",
    "firstPublished": "2020-12-01T23:45:55.454Z",
    "duration": 633.593,
    "durationFormattedHHMM": "10:33",
    "durationFormattedMinSec": "10m 33s",
    "files": [
        {
            "progressiveDownloadURL": "https://download-a.akamaihd.net/files/media_publication/24/CO-r20_E_112_r240P.mp4",
            "checksum": "5af94b9a5afeb4618f984235ef7b9e01",
            "filesize": 21658144,
            "modifiedDatetime": "2020-11-29T12:52:18.000Z",
            "bitRate": 267.0551126669645,
            "duration": 633.593,
            "frameHeight": 234,
            "frameWidth": 416,
            "label": "240p",
            "frameRate": 23.529,
            "mimetype": "video/mp4",
            "subtitled": false,
            "subtitles": {
                "url": "https://download-a.akamaihd.net/files/media_publication/eb/co-r20_E_112.vtt",
                "modifiedDatetime": "2020-11-29T12:52:38.000Z",
                "checksum": "28f85b19675135b48fe90c0d12201832"
            }
        },
        {
            "progressiveDownloadURL": "https://download-a.akamaihd.net/files/media_publication/a5/CO-r20_E_112_r360P.mp4",
            "checksum": "3c9a6bbe7df67f8f368af9728c9cdb4f",
            "filesize": 31937763,
            "modifiedDatetime": "2020-11-29T12:52:20.000Z",
            "bitRate": 393.80765481547303,
            "duration": 633.593,
            "frameHeight": 360,
            "frameWidth": 640,
            "label": "360p",
            "frameRate": 23.976,
            "mimetype": "video/mp4",
            "subtitled": false,
            "subtitles": {
                "url": "https://download-a.akamaihd.net/files/media_publication/eb/co-r20_E_112.vtt",
                "modifiedDatetime": "2020-11-29T12:52:38.000Z",
                "checksum": "28f85b19675135b48fe90c0d12201832"
            }
        },
        {
            "progressiveDownloadURL": "https://download-a.akamaihd.net/files/media_publication/fd/CO-r20_E_112_r480P.mp4",
            "checksum": "fc4a929bcfe716605b2f7d19824405c6",
            "filesize": 59670914,
            "modifiedDatetime": "2020-11-29T12:52:25.000Z",
            "bitRate": 735.7704640439525,
            "duration": 633.593,
            "frameHeight": 540,
            "frameWidth": 960,
            "label": "480p",
            "frameRate": 23.976,
            "mimetype": "video/mp4",
            "subtitled": false,
            "subtitles": {
                "url": "https://download-a.akamaihd.net/files/media_publication/eb/co-r20_E_112.vtt",
                "modifiedDatetime": "2020-11-29T12:52:38.000Z",
                "checksum": "28f85b19675135b48fe90c0d12201832"
            }
        },
        {
            "progressiveDownloadURL": "https://download-a.akamaihd.net/files/media_publication/e2/CO-r20_E_112_r720P.mp4",
            "checksum": "eca95c6002e26eb511e825e8a3ad8e68",
            "filesize": 101877825,
            "modifiedDatetime": "2020-11-29T12:52:31.000Z",
            "bitRate": 1256.2015486479493,
            "duration": 633.593,
            "frameHeight": 720,
            "frameWidth": 1280,
            "label": "720p",
            "frameRate": 23.976,
            "mimetype": "video/mp4",
            "subtitled": false,
            "subtitles": {
                "url": "https://download-a.akamaihd.net/files/media_publication/eb/co-r20_E_112.vtt",
                "modifiedDatetime": "2020-11-29T12:52:38.000Z",
                "checksum": "28f85b19675135b48fe90c0d12201832"
            }
        }
    ],
    "printReferences": [
        "co-r20-112.v",
        "co-r20-112"
    ],
    "subtitlesUrl": "https://download-a.akamaihd.net/files/media_publication/eb/co-r20_E_112.vtt",
    "Name": "pub-co-r20_E_112_VIDEO",
    "Title": "Joel Dellinger: Creation Proves That Jehovah Wants Us to Rejoice—Exquisite Flowers",
    "UndatedReferenceTitle": "Joel Dellinger: Creation Proves That Jehovah Wants Us to Rejoice—Exquisite Flowers",
    "ShortTitle": null,
    "Category": "vod",
    "Year": 2020,
    "Symbol": "2020Convention"
}