{
    "guid": "5f874bb60ca056895ed18551",
    "languageAgnosticNaturalKey": "pub-co-r20_135_VIDEO",
    "naturalKey": "pub-co-r20_E_135_VIDEO",
    "type": "video",
    "primaryCategory": "2020Convention",
    "description": "",
    "firstPublished": "2020-12-01T23:44:21.797Z",
    "duration": 685.645,
    "durationFormattedHHMM": "11:25",
    "durationFormattedMinSec": "11m 25s",
    "files": [
        {
            "progressiveDownloadURL": "https://download-a.akamaihd.net/files/media_publication/4a/CO-r20_E_135_r240P.mp4",
            "checksum": "9ba2c7593196cf2423b489e93c9b932b",
            "filesize": 20209277,
            "modifiedDatetime": "2020-12-01T23:27:05.000Z",
            "bitRate": 230.27219123963567,
            "duration": 685.645,
            "frameHeight": 234,
            "frameWidth": 416,
            "label": "240p",
            "frameRate": 23.928,
            "mimetype": "video/mp4",
            "subtitled": false,
            "subtitles": {
                "url": "https://download-a.akamaihd.net/files/media_publication/5f/co-r20_E_135.vtt",
                "modifiedDatetime": "2020-12-01T23:27:20.000Z",
                "checksum": "bacf142cc2970b5b1ea72331b3f25ab1"
            }
        },
        {
            "progressiveDownloadURL": "https://download-a.akamaihd.net/files/media_publication/dd/CO-r20_E_135_r360P.mp4",
            "checksum": "34b9ff407ad896f02df52736245af86c",
            "filesize": 27904577,
            "modifiedDatetime": "2020-12-01T23:27:09.000Z",
            "bitRate": 317.95536730013345,
            "duration": 685.645,
            "frameHeight": 360,
            "frameWidth": 640,
            "label": "360p",
            "frameRate": 23.976,
            "mimetype": "video/mp4",
            "subtitled": false,
            "subtitles": {
                "url": "https://download-a.akamaihd.net/files/media_publication/5f/co-r20_E_135.vtt",
                "modifiedDatetime": "2020-12-01T23:27:20.000Z",
                "checksum": "bacf142cc2970b5b1ea72331b3f25ab1"
            }
        },
        {
            "progressiveDownloadURL": "https://download-a.akamaihd.net/files/media_publication/09/CO-r20_E_135_r480P.mp4",
            "checksum": "0bfc069d2c0e691e18e1fe6c12c64ae6",
            "filesize": 49983827,
            "modifiedDatetime": "2020-12-01T23:27:12.000Z",
            "bitRate": 569.5347423776152,
            "duration": 685.645,
            "frameHeight": 540,
            "frameWidth": 960,
            "label": "480p",
            "frameRate": 23.976,
            "mimetype": "video/mp4",
            "subtitled": false,
            "subtitles": {
                "url": "https://download-a.akamaihd.net/files/media_publication/5f/co-r20_E_135.vtt",
                "modifiedDatetime": "2020-12-01T23:27:20.000Z",
                "checksum": "bacf142cc2970b5b1ea72331b3f25ab1"
            }
        },
        {
            "progressiveDownloadURL": "https://download-a.akamaihd.net/files/media_publication/3f/CO-r20_E_135_r720P.mp4",
            "checksum": "35dadbe0b16a0cacc6428040febf79bf",
            "filesize": 81382739,
            "modifiedDatetime": "2020-12-01T23:27:15.000Z",
            "bitRate": 927.3058921708756,
            "duration": 685.645,
            "frameHeight": 720,
            "frameWidth": 1280,
            "label": "720p",
            "frameRate": 23.976,
            "mimetype": "video/mp4",
            "subtitled": false,
            "subtitles": {
                "url": "https://download-a.akamaihd.net/files/media_publication/5f/co-r20_E_135.vtt",
                "modifiedDatetime": "2020-12-01T23:27:20.000Z",
                "checksum": "bacf142cc2970b5b1ea72331b3f25ab1"
            }
        }
    ],
    "printReferences": [
        "co-r20-135.v",
        "co-r20-135"
    ],
    "subtitlesUrl": "https://download-a.akamaihd.net/files/media_publication/5f/co-r20_E_135.vtt",
    "Name": "pub-co-r20_E_135_VIDEO",
    "Title": "Geoffrey W. Jackson: Help Your Bible Students to . . . Develop a Personal Relationship With Jehovah",
    "UndatedReferenceTitle": "Geoffrey W. Jackson: Help Your Bible Students to . . . Develop a Personal Relationship With Jehovah",
    "ShortTitle": null,
    "Category": "vod",
    "Year": 2020,
    "Symbol": "2020Convention"
}