{
    "guid": "5f637e3c0ca056895e3ecb91",
    "languageAgnosticNaturalKey": "pub-jwbcov20_23_VIDEO",
    "naturalKey": "pub-jwbcov20_E_23_VIDEO",
    "type": "video",
    "primaryCategory": "2020Convention",
    "description": "",
    "firstPublished": "2020-09-28T13:10:48.211Z",
    "duration": 89.131,
    "durationFormattedHHMM": "1:29",
    "durationFormattedMinSec": "1m 29s",
    "files": [
        {
            "progressiveDownloadURL": "https://download-a.akamaihd.net/files/media_publication/61/jwbcov20_E_23_r240P.mp4",
            "checksum": "d3bf0c32d2fb3bae41a22fb999c5a08d",
            "filesize": 4058806,
            "modifiedDatetime": "2020-12-05T03:11:49.000Z",
            "bitRate": 355.76198937518933,
            "duration": 89.131,
            "frameHeight": 234,
            "frameWidth": 416,
            "label": "240p",
            "frameRate": 23.976,
            "mimetype": "video/mp4",
            "subtitled": false,
            "subtitles": {
                "url": "https://download-a.akamaihd.net/files/media_publication/98/jwbcov20_E_23.vtt",
                "modifiedDatetime": "2020-09-28T06:39:44.000Z",
                "checksum": "ddd0e02f9149d4f45aab323dc04c6b7d"
            }
        },
        {
            "progressiveDownloadURL": "https://download-a.akamaihd.net/files/media_publication/d8/jwbcov20_E_23_r360P.mp4",
            "checksum": "fbdec174b0ebaba6b572a8643852e540",
            "filesize": 7223694,
            "modifiedDatetime": "2020-09-28T06:39:57.000Z",
            "bitRate": 633.4617732068695,
            "duration": 89.09,
            "frameHeight": 360,
            "frameWidth": 640,
            "label": "360p",
            "frameRate": 23.976,
            "mimetype": "video/mp4",
            "subtitled": false,
            "subtitles": {
                "url": "https://download-a.akamaihd.net/files/media_publication/98/jwbcov20_E_23.vtt",
                "modifiedDatetime": "2020-09-28T06:39:44.000Z",
                "checksum": "ddd0e02f9149d4f45aab323dc04c6b7d"
            }
        },
        {
            "progressiveDownloadURL": "https://download-a.akamaihd.net/files/media_publication/9e/jwbcov20_E_23_r480P.mp4",
            "checksum": "d038112b892c4e76b6a5414db5ce6b14",
            "filesize": 13914707,
            "modifiedDatetime": "2020-09-28T06:39:59.000Z",
            "bitRate": 1220.211566253227,
            "duration": 89.09,
            "frameHeight": 540,
            "frameWidth": 960,
            "label": "480p",
            "frameRate": 23.976,
            "mimetype": "video/mp4",
            "subtitled": false,
            "subtitles": {
                "url": "https://download-a.akamaihd.net/files/media_publication/98/jwbcov20_E_23.vtt",
                "modifiedDatetime": "2020-09-28T06:39:44.000Z",
                "checksum": "ddd0e02f9149d4f45aab323dc04c6b7d"
            }
        },
        {
            "progressiveDownloadURL": "https://download-a.akamaihd.net/files/media_publication/cd/jwbcov20_E_23_r720P.mp4",
            "checksum": "7942e4c9f6a733f581117abf35ddd0d6",
            "filesize": 24158603,
            "modifiedDatetime": "2020-09-28T06:40:01.000Z",
            "bitRate": 2118.5215617633853,
            "duration": 89.09,
            "frameHeight": 720,
            "frameWidth": 1280,
            "label": "720p",
            "frameRate": 23.976,
            "mimetype": "video/mp4",
            "subtitled": false,
            "subtitles": {
                "url": "https://download-a.akamaihd.net/files/media_publication/98/jwbcov20_E_23.vtt",
                "modifiedDatetime": "2020-09-28T06:39:44.000Z",
                "checksum": "ddd0e02f9149d4f45aab323dc04c6b7d"
            }
        }
    ],
    "printReferences": [
        "jwbcov20-23.v",
        "jwbcov20-23"
    ],
    "subtitlesUrl": "https://download-a.akamaihd.net/files/media_publication/98/jwbcov20_E_23.vtt",
    "Name": "pub-jwbcov20_E_23_VIDEO",
    "Title": "“Find Exquisite Delight in Jehovah”!",
    "UndatedReferenceTitle": "“Find Exquisite Delight in Jehovah”!",
    "ShortTitle": null,
    "Category": "vod",
    "Year": 2020,
    "Symbol": "2020Convention"
}