{
    "guid": "5f8dca120ca056895ef47cdd",
    "languageAgnosticNaturalKey": "pub-co-r20_148_VIDEO",
    "naturalKey": "pub-co-r20_E_148_VIDEO",
    "type": "video",
    "primaryCategory": "2020Convention",
    "description": "",
    "firstPublished": "2020-12-01T23:43:37.861Z",
    "duration": 3899.094,
    "durationFormattedHHMM": "1:04:59",
    "durationFormattedMinSec": "1h 4m 59s",
    "files": [
        {
            "progressiveDownloadURL": "https://download-a.akamaihd.net/files/media_publication/25/CO-r20_E_148_r240P.mp4",
            "checksum": "e5cf66cd10d773ef87ac4515ed6400f4",
            "filesize": 63899445,
            "modifiedDatetime": "2020-12-01T23:36:03.000Z",
            "bitRate": 128.03343906622922,
            "duration": 3899.094,
            "frameHeight": 234,
            "frameWidth": 416,
            "label": "240p",
            "frameRate": 23.976,
            "mimetype": "video/mp4",
            "subtitled": false,
            "subtitles": {
                "url": "https://download-a.akamaihd.net/files/media_publication/80/co-r20_E_148.vtt",
                "modifiedDatetime": "2020-12-01T23:36:32.000Z",
                "checksum": "6e5da7510a30764859b3664ad8467f08"
            }
        },
        {
            "progressiveDownloadURL": "https://download-a.akamaihd.net/files/media_publication/6b/CO-r20_E_148_r360P.mp4",
            "checksum": "de500ba04f54a9df715e2f8efc1683ca",
            "filesize": 148759547,
            "modifiedDatetime": "2020-12-01T23:36:09.000Z",
            "bitRate": 298.0675000474473,
            "duration": 3899.063,
            "frameHeight": 360,
            "frameWidth": 640,
            "label": "360p",
            "frameRate": 23.976,
            "mimetype": "video/mp4",
            "subtitled": false,
            "subtitles": {
                "url": "https://download-a.akamaihd.net/files/media_publication/80/co-r20_E_148.vtt",
                "modifiedDatetime": "2020-12-01T23:36:32.000Z",
                "checksum": "6e5da7510a30764859b3664ad8467f08"
            }
        },
        {
            "progressiveDownloadURL": "https://download-a.akamaihd.net/files/media_publication/38/CO-r20_E_148_r480P.mp4",
            "checksum": "79423e1480137b62405d895e1f3c9062",
            "filesize": 270077022,
            "modifiedDatetime": "2020-12-01T23:36:13.000Z",
            "bitRate": 541.149690162739,
            "duration": 3899.063,
            "frameHeight": 540,
            "frameWidth": 960,
            "label": "480p",
            "frameRate": 23.976,
            "mimetype": "video/mp4",
            "subtitled": false,
            "subtitles": {
                "url": "https://download-a.akamaihd.net/files/media_publication/80/co-r20_E_148.vtt",
                "modifiedDatetime": "2020-12-01T23:36:32.000Z",
                "checksum": "6e5da7510a30764859b3664ad8467f08"
            }
        },
        {
            "progressiveDownloadURL": "https://download-a.akamaihd.net/files/media_publication/32/CO-r20_E_148_r720P.mp4",
            "checksum": "2b4df475adbb39c736158cec66e4e0ab",
            "filesize": 444317954,
            "modifiedDatetime": "2020-12-01T23:36:19.000Z",
            "bitRate": 890.2738980172928,
            "duration": 3899.063,
            "frameHeight": 720,
            "frameWidth": 1280,
            "label": "720p",
            "frameRate": 23.976,
            "mimetype": "video/mp4",
            "subtitled": false,
            "subtitles": {
                "url": "https://download-a.akamaihd.net/files/media_publication/80/co-r20_E_148.vtt",
                "modifiedDatetime": "2020-12-01T23:36:32.000Z",
                "checksum": "6e5da7510a30764859b3664ad8467f08"
            }
        }
    ],
    "printReferences": [
        "co-r20-148.v",
        "co-r20-148"
    ],
    "subtitlesUrl": "https://download-a.akamaihd.net/files/media_publication/80/co-r20_E_148.vtt",
    "Name": "pub-co-r20_E_148_VIDEO",
    "Title": "David H. Splane: “Find Exquisite Delight in Jehovah”!",
    "UndatedReferenceTitle": "David H. Splane: “Find Exquisite Delight in Jehovah”!",
    "ShortTitle": null,
    "Category": "vod",
    "Year": 2020,
    "Symbol": "2020Convention"
}