{
    "guid": "5f8dca120ca056895ef47cdd",
    "languageAgnosticNaturalKey": "pub-co-r20_148_VIDEO",
    "naturalKey": "pub-co-r20_E_148_VIDEO",
    "type": "video",
    "primaryCategory": "2020Convention",
    "description": "",
    "firstPublished": "2020-12-01T23:43:37.861Z",
    "duration": 3899.072,
    "durationFormattedHHMM": "1:04:59",
    "durationFormattedMinSec": "1h 4m 59s",
    "files": [
        {
            "progressiveDownloadURL": "https://download-a.akamaihd.net/files/media_publication/25/CO-r20_E_148_r240P.mp4",
            "checksum": "783e5b157c5a23e57cf418ed6b01c6e2",
            "filesize": 68214158,
            "modifiedDatetime": "2022-09-12T22:12:11.000Z",
            "bitRate": 136.679473827362,
            "duration": 3899.072,
            "frameHeight": 234,
            "frameWidth": 416,
            "label": "240p",
            "frameRate": 23.976,
            "mimetype": "video/mp4",
            "subtitled": false,
            "subtitles": {
                "url": "https://download-a.akamaihd.net/files/media_publication/80/co-r20_E_148.vtt",
                "modifiedDatetime": "2022-09-12T22:11:50.000Z",
                "checksum": "6e5da7510a30764859b3664ad8467f08"
            }
        },
        {
            "progressiveDownloadURL": "https://download-a.akamaihd.net/files/media_publication/6b/CO-r20_E_148_r360P.mp4",
            "checksum": "48f50546c0da6562620a5ec35fb64ddf",
            "filesize": 158403624,
            "modifiedDatetime": "2022-09-12T22:12:22.000Z",
            "bitRate": 317.39047457959225,
            "duration": 3899.072,
            "frameHeight": 360,
            "frameWidth": 640,
            "label": "360p",
            "frameRate": 23.976,
            "mimetype": "video/mp4",
            "subtitled": false,
            "subtitles": {
                "url": "https://download-a.akamaihd.net/files/media_publication/80/co-r20_E_148.vtt",
                "modifiedDatetime": "2022-09-12T22:11:50.000Z",
                "checksum": "6e5da7510a30764859b3664ad8467f08"
            }
        },
        {
            "progressiveDownloadURL": "https://download-a.akamaihd.net/files/media_publication/38/CO-r20_E_148_r480P.mp4",
            "checksum": "2aa7ada39867d2bff4fea668f060e8fd",
            "filesize": 295916960,
            "modifiedDatetime": "2022-09-12T22:12:41.000Z",
            "bitRate": 592.9234571713474,
            "duration": 3899.072,
            "frameHeight": 540,
            "frameWidth": 960,
            "label": "480p",
            "frameRate": 23.976,
            "mimetype": "video/mp4",
            "subtitled": false,
            "subtitles": {
                "url": "https://download-a.akamaihd.net/files/media_publication/80/co-r20_E_148.vtt",
                "modifiedDatetime": "2022-09-12T22:11:50.000Z",
                "checksum": "6e5da7510a30764859b3664ad8467f08"
            }
        },
        {
            "progressiveDownloadURL": "https://download-a.akamaihd.net/files/media_publication/32/CO-r20_E_148_r720P.mp4",
            "checksum": "f3be9b5ecffec0f9bb71fdd6da150c06",
            "filesize": 484313731,
            "modifiedDatetime": "2022-09-12T22:32:13.000Z",
            "bitRate": 970.4106575712118,
            "duration": 3899.072,
            "frameHeight": 720,
            "frameWidth": 1280,
            "label": "720p",
            "frameRate": 23.976,
            "mimetype": "video/mp4",
            "subtitled": false,
            "subtitles": {
                "url": "https://download-a.akamaihd.net/files/media_publication/80/co-r20_E_148.vtt",
                "modifiedDatetime": "2022-09-12T22:11:50.000Z",
                "checksum": "6e5da7510a30764859b3664ad8467f08"
            }
        }
    ],
    "printReferences": [
        "co-r20-148.v",
        "co-r20-148"
    ],
    "subtitlesUrl": "https://download-a.akamaihd.net/files/media_publication/80/co-r20_E_148.vtt",
    "Name": "pub-co-r20_E_148_VIDEO",
    "Title": "David H. Splane: “Find Exquisite Delight in Jehovah”!",
    "UndatedReferenceTitle": "David H. Splane: “Find Exquisite Delight in Jehovah”!",
    "ShortTitle": null,
    "Category": "vod",
    "Year": 2020,
    "Symbol": "2020Convention"
}