{
    "guid": "6255b57ededf1bc789247d0e",
    "languageAgnosticNaturalKey": "pub-co-r22_103_VIDEO",
    "naturalKey": "pub-co-r22_E_103_VIDEO",
    "type": "video",
    "primaryCategory": "2022Convention",
    "description": "",
    "firstPublished": "2022-06-28T02:45:21.819Z",
    "duration": 969.579,
    "durationFormattedHHMM": "16:09",
    "durationFormattedMinSec": "16m 9s",
    "files": [
        {
            "progressiveDownloadURL": "https://download-a.akamaihd.net/files/media_publication/4d/CO-r22_E_103_r240P.mp4",
            "checksum": "ac971fa159be47915cd68f276afcfb33",
            "filesize": 15530109,
            "modifiedDatetime": "2022-06-28T02:43:42.000Z",
            "bitRate": 125.13573062380684,
            "duration": 969.579,
            "frameHeight": 234,
            "frameWidth": 416,
            "label": "240p",
            "frameRate": 23.976,
            "mimetype": "video/mp4",
            "subtitled": false,
            "subtitles": {
                "url": "https://download-a.akamaihd.net/files/media_publication/39/CO-r22_E_103.vtt",
                "modifiedDatetime": "2022-06-28T02:43:30.000Z",
                "checksum": "0b5e3e1afdf9febd868cc6c02562406c"
            }
        },
        {
            "progressiveDownloadURL": "https://download-a.akamaihd.net/files/media_publication/22/CO-r22_E_103_r360P.mp4",
            "checksum": "6024e497c78a93de290853ac83bf7053",
            "filesize": 34000262,
            "modifiedDatetime": "2022-06-28T02:43:39.000Z",
            "bitRate": 273.9671550077458,
            "duration": 969.558,
            "frameHeight": 360,
            "frameWidth": 640,
            "label": "360p",
            "frameRate": 23.976,
            "mimetype": "video/mp4",
            "subtitled": false,
            "subtitles": {
                "url": "https://download-a.akamaihd.net/files/media_publication/39/CO-r22_E_103.vtt",
                "modifiedDatetime": "2022-06-28T02:43:30.000Z",
                "checksum": "0b5e3e1afdf9febd868cc6c02562406c"
            }
        },
        {
            "progressiveDownloadURL": "https://download-a.akamaihd.net/files/media_publication/11/CO-r22_E_103_r480P.mp4",
            "checksum": "d1a7896fa3af2d7d6c91ae025e79c8d5",
            "filesize": 62185872,
            "modifiedDatetime": "2022-06-28T02:43:36.000Z",
            "bitRate": 501.08103383191104,
            "duration": 969.558,
            "frameHeight": 540,
            "frameWidth": 960,
            "label": "480p",
            "frameRate": 23.976,
            "mimetype": "video/mp4",
            "subtitled": false,
            "subtitles": {
                "url": "https://download-a.akamaihd.net/files/media_publication/39/CO-r22_E_103.vtt",
                "modifiedDatetime": "2022-06-28T02:43:30.000Z",
                "checksum": "0b5e3e1afdf9febd868cc6c02562406c"
            }
        },
        {
            "progressiveDownloadURL": "https://download-a.akamaihd.net/files/media_publication/5c/CO-r22_E_103_r720P.mp4",
            "checksum": "8f5ed2cf6789f087d467089c526fb12b",
            "filesize": 107202923,
            "modifiedDatetime": "2022-06-28T02:43:33.000Z",
            "bitRate": 863.8192206526066,
            "duration": 969.558,
            "frameHeight": 720,
            "frameWidth": 1280,
            "label": "720p",
            "frameRate": 23.976,
            "mimetype": "video/mp4",
            "subtitled": false,
            "subtitles": {
                "url": "https://download-a.akamaihd.net/files/media_publication/39/CO-r22_E_103.vtt",
                "modifiedDatetime": "2022-06-28T02:43:30.000Z",
                "checksum": "0b5e3e1afdf9febd868cc6c02562406c"
            }
        }
    ],
    "printReferences": [
        "co-r22-103.v",
        "co-r22-103"
    ],
    "subtitlesUrl": "https://download-a.akamaihd.net/files/media_publication/39/CO-r22_E_103.vtt",
    "Name": "pub-co-r22_E_103_VIDEO",
    "Title": "Ralph Walls: How Love Leads to Genuine Peace—Love of Neighbor",
    "UndatedReferenceTitle": "Ralph Walls: How Love Leads to Genuine Peace—Love of Neighbor",
    "ShortTitle": null,
    "Category": "vod",
    "Year": 2022,
    "Symbol": "2022Convention"
}