{
    "guid": "62f251757738170e4e7b2342",
    "languageAgnosticNaturalKey": "pub-jwbcov22_6_VIDEO",
    "naturalKey": "pub-jwbcov22_E_6_VIDEO",
    "type": "video",
    "primaryCategory": "FamilyChallenges",
    "description": "",
    "firstPublished": "2022-09-13T00:46:44.563Z",
    "duration": 1276.203,
    "durationFormattedHHMM": "21:16",
    "durationFormattedMinSec": "21m 16s",
    "files": [
        {
            "progressiveDownloadURL": "https://download-a.akamaihd.net/files/media_publication/26/jwbcov22_E_06_r240P.mp4",
            "checksum": "b56fc333a7921c2be41c7120c1c0e2f4",
            "filesize": 31720257,
            "modifiedDatetime": "2022-09-11T20:47:13.000Z",
            "bitRate": 194.18110426985362,
            "duration": 1276.203,
            "frameHeight": 234,
            "frameWidth": 416,
            "label": "240p",
            "frameRate": 23.976,
            "mimetype": "video/mp4",
            "subtitled": false,
            "subtitles": {
                "url": "https://download-a.akamaihd.net/files/media_publication/3c/jwbcov22_E_06.vtt",
                "modifiedDatetime": "2022-09-11T20:47:27.000Z",
                "checksum": "0c48b13f0009f56d08cdf1e3250675be"
            }
        },
        {
            "progressiveDownloadURL": "https://download-a.akamaihd.net/files/media_publication/73/jwbcov22_E_06_r360P.mp4",
            "checksum": "72310f5b901ce74427f0371009abe380",
            "filesize": 54162913,
            "modifiedDatetime": "2022-09-11T20:46:54.000Z",
            "bitRate": 331.567750438214,
            "duration": 1276.203,
            "frameHeight": 360,
            "frameWidth": 640,
            "label": "360p",
            "frameRate": 23.976,
            "mimetype": "video/mp4",
            "subtitled": false,
            "subtitles": {
                "url": "https://download-a.akamaihd.net/files/media_publication/3c/jwbcov22_E_06.vtt",
                "modifiedDatetime": "2022-09-11T20:47:27.000Z",
                "checksum": "0c48b13f0009f56d08cdf1e3250675be"
            }
        },
        {
            "progressiveDownloadURL": "https://download-a.akamaihd.net/files/media_publication/10/jwbcov22_E_06_r480P.mp4",
            "checksum": "d7362947251d7e0d37daacdf01cf9986",
            "filesize": 102034944,
            "modifiedDatetime": "2022-09-11T20:46:44.000Z",
            "bitRate": 624.6247658092012,
            "duration": 1276.203,
            "frameHeight": 540,
            "frameWidth": 960,
            "label": "480p",
            "frameRate": 23.976,
            "mimetype": "video/mp4",
            "subtitled": false,
            "subtitles": {
                "url": "https://download-a.akamaihd.net/files/media_publication/3c/jwbcov22_E_06.vtt",
                "modifiedDatetime": "2022-09-11T20:47:27.000Z",
                "checksum": "0c48b13f0009f56d08cdf1e3250675be"
            }
        },
        {
            "progressiveDownloadURL": "https://download-a.akamaihd.net/files/media_publication/4b/jwbcov22_E_06_r720P.mp4",
            "checksum": "c3e2ab01b2b2649dbf7e1054577b2d82",
            "filesize": 194966080,
            "modifiedDatetime": "2022-09-11T20:46:27.000Z",
            "bitRate": 1193.5189777801809,
            "duration": 1276.203,
            "frameHeight": 720,
            "frameWidth": 1280,
            "label": "720p",
            "frameRate": 23.976,
            "mimetype": "video/mp4",
            "subtitled": false,
            "subtitles": {
                "url": "https://download-a.akamaihd.net/files/media_publication/3c/jwbcov22_E_06.vtt",
                "modifiedDatetime": "2022-09-11T20:47:27.000Z",
                "checksum": "0c48b13f0009f56d08cdf1e3250675be"
            }
        }
    ],
    "printReferences": [
        "jwbcov22-6.v",
        "jwbcov22-6"
    ],
    "subtitlesUrl": "https://download-a.akamaihd.net/files/media_publication/3c/jwbcov22_E_06.vtt",
    "Name": "pub-jwbcov22_E_6_VIDEO",
    "Title": "Follow the Road Map to Family Peace",
    "UndatedReferenceTitle": "Follow the Road Map to Family Peace",
    "ShortTitle": null,
    "Category": "vod",
    "Year": 2022,
    "Symbol": "FamilyChallenges"
}