{
    "guid": "626054f3b685ba34415e838e",
    "languageAgnosticNaturalKey": "pub-co-r22_101_VIDEO",
    "naturalKey": "pub-co-r22_E_101_VIDEO",
    "type": "video",
    "primaryCategory": "2022Convention",
    "description": "",
    "firstPublished": "2022-06-28T02:45:30.029Z",
    "duration": 1875.371,
    "durationFormattedHHMM": "31:15",
    "durationFormattedMinSec": "31m 15s",
    "files": [
        {
            "progressiveDownloadURL": "https://download-a.akamaihd.net/files/media_publication/d9/CO-r22_E_101_r240P.mp4",
            "checksum": "10ebdabe2e66e6e3e104991903fdc67e",
            "filesize": 38763386,
            "modifiedDatetime": "2022-06-28T02:44:22.000Z",
            "bitRate": 161.48215639732084,
            "duration": 1875.371,
            "frameHeight": 234,
            "frameWidth": 416,
            "label": "240p",
            "frameRate": 23.976,
            "mimetype": "video/mp4",
            "subtitled": false,
            "subtitles": {
                "url": "https://download-a.akamaihd.net/files/media_publication/bf/CO-r22_E_101.vtt",
                "modifiedDatetime": "2022-06-28T02:44:06.000Z",
                "checksum": "2fa0d86c212ffbfc18afb0c417ebdb38"
            }
        },
        {
            "progressiveDownloadURL": "https://download-a.akamaihd.net/files/media_publication/a3/CO-r22_E_101_r360P.mp4",
            "checksum": "1fc68cdbe1b3f37ba1c3cdaa725d3625",
            "filesize": 78300743,
            "modifiedDatetime": "2022-06-28T02:44:19.000Z",
            "bitRate": 326.19220662143067,
            "duration": 1875.35,
            "frameHeight": 360,
            "frameWidth": 640,
            "label": "360p",
            "frameRate": 23.976,
            "mimetype": "video/mp4",
            "subtitled": false,
            "subtitles": {
                "url": "https://download-a.akamaihd.net/files/media_publication/bf/CO-r22_E_101.vtt",
                "modifiedDatetime": "2022-06-28T02:44:06.000Z",
                "checksum": "2fa0d86c212ffbfc18afb0c417ebdb38"
            }
        },
        {
            "progressiveDownloadURL": "https://download-a.akamaihd.net/files/media_publication/e7/CO-r22_E_101_r480P.mp4",
            "checksum": "792ba0c92b03ac4faa701aaf10cc90c9",
            "filesize": 145175690,
            "modifiedDatetime": "2022-06-28T02:44:15.000Z",
            "bitRate": 604.7858149812035,
            "duration": 1875.35,
            "frameHeight": 540,
            "frameWidth": 960,
            "label": "480p",
            "frameRate": 23.976,
            "mimetype": "video/mp4",
            "subtitled": false,
            "subtitles": {
                "url": "https://download-a.akamaihd.net/files/media_publication/bf/CO-r22_E_101.vtt",
                "modifiedDatetime": "2022-06-28T02:44:06.000Z",
                "checksum": "2fa0d86c212ffbfc18afb0c417ebdb38"
            }
        },
        {
            "progressiveDownloadURL": "https://download-a.akamaihd.net/files/media_publication/dc/CO-r22_E_101_r720P.mp4",
            "checksum": "9e2a39940651adeaef1414579c17a151",
            "filesize": 249106165,
            "modifiedDatetime": "2022-06-28T02:44:09.000Z",
            "bitRate": 1037.7486410869972,
            "duration": 1875.35,
            "frameHeight": 720,
            "frameWidth": 1280,
            "label": "720p",
            "frameRate": 23.976,
            "mimetype": "video/mp4",
            "subtitled": false,
            "subtitles": {
                "url": "https://download-a.akamaihd.net/files/media_publication/bf/CO-r22_E_101.vtt",
                "modifiedDatetime": "2022-06-28T02:44:06.000Z",
                "checksum": "2fa0d86c212ffbfc18afb0c417ebdb38"
            }
        }
    ],
    "printReferences": [
        "co-r22-101.v",
        "co-r22-101"
    ],
    "subtitlesUrl": "https://download-a.akamaihd.net/files/media_publication/bf/CO-r22_E_101.vtt",
    "Name": "pub-co-r22_E_101_VIDEO",
    "Title": "M. Stephen Lett: Jehovah Is “the God Who Gives Peace”",
    "UndatedReferenceTitle": "M. Stephen Lett: Jehovah Is “the God Who Gives Peace”",
    "ShortTitle": null,
    "Category": "vod",
    "Year": 2022,
    "Symbol": "2022Convention"
}