{
    "guid": "5f874c420ca056895ed186bd",
    "languageAgnosticNaturalKey": "pub-co-r20_138_VIDEO",
    "naturalKey": "pub-co-r20_E_138_VIDEO",
    "type": "video",
    "primaryCategory": "2020Convention",
    "description": "",
    "firstPublished": "2020-12-01T23:44:14.209Z",
    "duration": 942.735,
    "durationFormattedHHMM": "15:42",
    "durationFormattedMinSec": "15m 42s",
    "files": [
        {
            "progressiveDownloadURL": "https://download-a.akamaihd.net/files/media_publication/89/CO-r20_E_138_r240P.mp4",
            "checksum": "afb6e7682ef16e13b6a6d0c50fc5409c",
            "filesize": 24421255,
            "modifiedDatetime": "2020-12-01T23:29:07.000Z",
            "bitRate": 202.380366367537,
            "duration": 942.735,
            "frameHeight": 234,
            "frameWidth": 416,
            "label": "240p",
            "frameRate": 23.599,
            "mimetype": "video/mp4",
            "subtitled": false,
            "subtitles": {
                "url": "https://download-a.akamaihd.net/files/media_publication/03/co-r20_E_138.vtt",
                "modifiedDatetime": "2020-12-01T23:29:20.000Z",
                "checksum": "d0338c3d54b289b49c963342a91edd4a"
            }
        },
        {
            "progressiveDownloadURL": "https://download-a.akamaihd.net/files/media_publication/d7/CO-r20_E_138_r360P.mp4",
            "checksum": "efbbcf14254edb96f1ef5311c6c611c4",
            "filesize": 33877800,
            "modifiedDatetime": "2020-12-01T23:29:11.000Z",
            "bitRate": 280.7473070375026,
            "duration": 942.735,
            "frameHeight": 360,
            "frameWidth": 640,
            "label": "360p",
            "frameRate": 23.976,
            "mimetype": "video/mp4",
            "subtitled": false,
            "subtitles": {
                "url": "https://download-a.akamaihd.net/files/media_publication/03/co-r20_E_138.vtt",
                "modifiedDatetime": "2020-12-01T23:29:20.000Z",
                "checksum": "d0338c3d54b289b49c963342a91edd4a"
            }
        },
        {
            "progressiveDownloadURL": "https://download-a.akamaihd.net/files/media_publication/fe/CO-r20_E_138_r480P.mp4",
            "checksum": "6f733dcfaf46fda471f857bd147eba02",
            "filesize": 60228560,
            "modifiedDatetime": "2020-12-01T23:29:13.000Z",
            "bitRate": 499.1175940216498,
            "duration": 942.735,
            "frameHeight": 540,
            "frameWidth": 960,
            "label": "480p",
            "frameRate": 23.976,
            "mimetype": "video/mp4",
            "subtitled": false,
            "subtitles": {
                "url": "https://download-a.akamaihd.net/files/media_publication/03/co-r20_E_138.vtt",
                "modifiedDatetime": "2020-12-01T23:29:20.000Z",
                "checksum": "d0338c3d54b289b49c963342a91edd4a"
            }
        },
        {
            "progressiveDownloadURL": "https://download-a.akamaihd.net/files/media_publication/aa/CO-r20_E_138_r720P.mp4",
            "checksum": "4e0cd8b2d3344053082e7006941c326f",
            "filesize": 100093750,
            "modifiedDatetime": "2020-12-01T23:29:15.000Z",
            "bitRate": 829.4827516481301,
            "duration": 942.735,
            "frameHeight": 720,
            "frameWidth": 1280,
            "label": "720p",
            "frameRate": 23.976,
            "mimetype": "video/mp4",
            "subtitled": false,
            "subtitles": {
                "url": "https://download-a.akamaihd.net/files/media_publication/03/co-r20_E_138.vtt",
                "modifiedDatetime": "2020-12-01T23:29:20.000Z",
                "checksum": "d0338c3d54b289b49c963342a91edd4a"
            }
        }
    ],
    "printReferences": [
        "co-r20-138.v",
        "co-r20-138"
    ],
    "subtitlesUrl": "https://download-a.akamaihd.net/files/media_publication/03/co-r20_E_138.vtt",
    "Name": "pub-co-r20_E_138_VIDEO",
    "Title": "Kenneth Flodin: We Can Rejoice Despite . . . Tribulation",
    "UndatedReferenceTitle": "Kenneth Flodin: We Can Rejoice Despite . . . Tribulation",
    "ShortTitle": null,
    "Category": "vod",
    "Year": 2020,
    "Symbol": "2020Convention"
}