{
    "guid": "625ed950b685ba34415b2df4",
    "languageAgnosticNaturalKey": "pub-co-r22_140_VIDEO",
    "naturalKey": "pub-co-r22_E_140_VIDEO",
    "type": "video",
    "primaryCategory": "2022Convention",
    "description": "",
    "firstPublished": "2022-08-08T14:06:17.468Z",
    "duration": 707.328,
    "durationFormattedHHMM": "11:47",
    "durationFormattedMinSec": "11m 47s",
    "files": [
        {
            "progressiveDownloadURL": "https://download-a.akamaihd.net/files/media_publication/e9/CO-r22_E_140_r240P.mp4",
            "checksum": "42cc9b0897d6981d8bc397815c7b094f",
            "filesize": 13477497,
            "modifiedDatetime": "2022-08-07T23:55:25.000Z",
            "bitRate": 148.86014029205688,
            "duration": 707.328,
            "frameHeight": 234,
            "frameWidth": 416,
            "label": "240p",
            "frameRate": 23.976,
            "mimetype": "video/mp4",
            "subtitled": false,
            "subtitles": {
                "url": "https://download-a.akamaihd.net/files/media_publication/6c/CO-r22_E_140.vtt",
                "modifiedDatetime": "2022-08-07T23:55:05.000Z",
                "checksum": "2c389dcfe13fc1f94c02e2bd57951510"
            }
        },
        {
            "progressiveDownloadURL": "https://download-a.akamaihd.net/files/media_publication/85/CO-r22_E_140_r360P.mp4",
            "checksum": "91f499929b361981013d7a524ae1378f",
            "filesize": 26006541,
            "modifiedDatetime": "2022-08-07T23:55:20.000Z",
            "bitRate": 287.25306205438375,
            "duration": 707.307,
            "frameHeight": 360,
            "frameWidth": 640,
            "label": "360p",
            "frameRate": 23.976,
            "mimetype": "video/mp4",
            "subtitled": false,
            "subtitles": {
                "url": "https://download-a.akamaihd.net/files/media_publication/6c/CO-r22_E_140.vtt",
                "modifiedDatetime": "2022-08-07T23:55:05.000Z",
                "checksum": "2c389dcfe13fc1f94c02e2bd57951510"
            }
        },
        {
            "progressiveDownloadURL": "https://download-a.akamaihd.net/files/media_publication/9c/CO-r22_E_140_r480P.mp4",
            "checksum": "580fc8750a3d4cba0db9ac3856e3889c",
            "filesize": 46387023,
            "modifiedDatetime": "2022-08-07T23:55:16.000Z",
            "bitRate": 512.3639624484135,
            "duration": 707.307,
            "frameHeight": 540,
            "frameWidth": 960,
            "label": "480p",
            "frameRate": 23.976,
            "mimetype": "video/mp4",
            "subtitled": false,
            "subtitles": {
                "url": "https://download-a.akamaihd.net/files/media_publication/6c/CO-r22_E_140.vtt",
                "modifiedDatetime": "2022-08-07T23:55:05.000Z",
                "checksum": "2c389dcfe13fc1f94c02e2bd57951510"
            }
        },
        {
            "progressiveDownloadURL": "https://download-a.akamaihd.net/files/media_publication/a3/CO-r22_E_140_r720P.mp4",
            "checksum": "271e1b5f89bd7b13be3148855c332a10",
            "filesize": 76921380,
            "modifiedDatetime": "2022-08-07T23:55:12.000Z",
            "bitRate": 849.6286354440151,
            "duration": 707.307,
            "frameHeight": 720,
            "frameWidth": 1280,
            "label": "720p",
            "frameRate": 23.976,
            "mimetype": "video/mp4",
            "subtitled": false,
            "subtitles": {
                "url": "https://download-a.akamaihd.net/files/media_publication/6c/CO-r22_E_140.vtt",
                "modifiedDatetime": "2022-08-07T23:55:05.000Z",
                "checksum": "2c389dcfe13fc1f94c02e2bd57951510"
            }
        }
    ],
    "printReferences": [
        "co-r22-140.v",
        "co-r22-140"
    ],
    "subtitlesUrl": "https://download-a.akamaihd.net/files/media_publication/6c/CO-r22_E_140.vtt",
    "Name": "pub-co-r22_E_140_VIDEO",
    "Title": "Robert Luccioni: How They Sowed and Reaped Peace—Abigail",
    "UndatedReferenceTitle": "Robert Luccioni: How They Sowed and Reaped Peace—Abigail",
    "ShortTitle": null,
    "Category": "vod",
    "Year": 2022,
    "Symbol": "2022Convention"
}