{
    "guid": "5f1049054bd99b3c372e0aea",
    "languageAgnosticNaturalKey": "pub-co-r20_52_VIDEO",
    "naturalKey": "pub-co-r20_E_52_VIDEO",
    "type": "video",
    "primaryCategory": "2020ConventionAD",
    "description": "",
    "firstPublished": "2020-07-16T12:44:29.404Z",
    "duration": 4541.611,
    "durationFormattedHHMM": "1:15:41",
    "durationFormattedMinSec": "1h 15m 41s",
    "files": [
        {
            "progressiveDownloadURL": "https://download-a.akamaihd.net/files/media_publication/1d/CO-r20_E_52_r240P.mp4",
            "checksum": "20fd4abd5127d622ef30cbd8a8017248",
            "filesize": 63735825,
            "modifiedDatetime": "2020-08-05T19:54:55.000Z",
            "bitRate": 109.63865747473749,
            "duration": 4541.611,
            "frameHeight": 234,
            "frameWidth": 416,
            "label": "240p",
            "frameRate": 23.976,
            "mimetype": "video/mp4",
            "subtitled": false,
            "subtitles": {
                "url": "https://download-a.akamaihd.net/files/media_publication/88/CO-r20_E_52.vtt",
                "modifiedDatetime": "2020-07-21T16:59:47.000Z",
                "checksum": "0d07bd159baf2c3297f618d0d43a6880"
            }
        },
        {
            "progressiveDownloadURL": "https://download-a.akamaihd.net/files/media_publication/b8/CO-r20_E_52_r360P.mp4",
            "checksum": "69aa8bc4bc43e11b872e6026d3f76836",
            "filesize": 177951315,
            "modifiedDatetime": "2020-07-21T16:59:50.000Z",
            "bitRate": 306.11475487330404,
            "duration": 4541.58,
            "frameHeight": 360,
            "frameWidth": 640,
            "label": "360p",
            "frameRate": 23.976,
            "mimetype": "video/mp4",
            "subtitled": false,
            "subtitles": {
                "url": "https://download-a.akamaihd.net/files/media_publication/88/CO-r20_E_52.vtt",
                "modifiedDatetime": "2020-07-21T16:59:47.000Z",
                "checksum": "0d07bd159baf2c3297f618d0d43a6880"
            }
        },
        {
            "progressiveDownloadURL": "https://download-a.akamaihd.net/files/media_publication/d2/CO-r20_E_52_r480P.mp4",
            "checksum": "f7064a04026627ef7951b6819ad05917",
            "filesize": 318862455,
            "modifiedDatetime": "2020-07-21T16:59:51.000Z",
            "bitRate": 548.5123964980249,
            "duration": 4541.58,
            "frameHeight": 540,
            "frameWidth": 960,
            "label": "480p",
            "frameRate": 23.976,
            "mimetype": "video/mp4",
            "subtitled": false,
            "subtitles": {
                "url": "https://download-a.akamaihd.net/files/media_publication/88/CO-r20_E_52.vtt",
                "modifiedDatetime": "2020-07-21T16:59:47.000Z",
                "checksum": "0d07bd159baf2c3297f618d0d43a6880"
            }
        },
        {
            "progressiveDownloadURL": "https://download-a.akamaihd.net/files/media_publication/d7/CO-r20_E_52_r720P.mp4",
            "checksum": "36b4fc4dbdc2f6af144e50783cdf1321",
            "filesize": 524468176,
            "modifiedDatetime": "2020-07-21T16:59:52.000Z",
            "bitRate": 902.1987116818376,
            "duration": 4541.58,
            "frameHeight": 720,
            "frameWidth": 1280,
            "label": "720p",
            "frameRate": 23.976,
            "mimetype": "video/mp4",
            "subtitled": false,
            "subtitles": {
                "url": "https://download-a.akamaihd.net/files/media_publication/88/CO-r20_E_52.vtt",
                "modifiedDatetime": "2020-07-21T16:59:47.000Z",
                "checksum": "0d07bd159baf2c3297f618d0d43a6880"
            }
        }
    ],
    "printReferences": [
        "co-r20-52.v",
        "co-r20-52"
    ],
    "subtitlesUrl": "https://download-a.akamaihd.net/files/media_publication/88/CO-r20_E_52.vtt",
    "Name": "pub-co-r20_E_52_VIDEO",
    "Title": "2020 “Always Rejoice”! Convention: Friday Afternoon Session—Part 1 (With Audio Descriptions)",
    "UndatedReferenceTitle": "2020 “Always Rejoice”! Convention: Friday Afternoon Session—Part 1 (With Audio Descriptions)",
    "ShortTitle": null,
    "Category": "vod",
    "Year": 2020,
    "Symbol": "2020ConventionAD"
}