{
    "guid": "5cae155edb0b288e409e0116",
    "languageAgnosticNaturalKey": "docid-502019253_1_VIDEO",
    "naturalKey": "docid-502019253_E_1_VIDEO",
    "type": "video",
    "primaryCategory": "MeetingsConventions",
    "description": "",
    "firstPublished": "2019-05-06T12:54:08.346Z",
    "duration": 68.267,
    "durationFormattedHHMM": "1:08",
    "durationFormattedMinSec": "1m 8s",
    "files": [
        {
            "progressiveDownloadURL": "https://download-a.akamaihd.net/files/content_assets/42/502019253_E_cnt_1_r240P.mp4",
            "checksum": "96404c7f9b7995749829789b8519e0f9",
            "filesize": 3277718,
            "modifiedDatetime": "2020-11-01T02:34:29.000Z",
            "bitRate": 375.1032252039785,
            "duration": 68.267,
            "frameHeight": 234,
            "frameWidth": 416,
            "label": "240p",
            "frameRate": 23.881,
            "mimetype": "video/mp4",
            "subtitled": false,
            "subtitles": {
                "url": "https://download-a.akamaihd.net/files/content_assets/4f/502019253_E_cnt_1.vtt",
                "modifiedDatetime": "2019-04-25T12:54:41.000Z",
                "checksum": "1130eb91d3ee37a879d2fdfd32009575"
            }
        },
        {
            "progressiveDownloadURL": "https://download-a.akamaihd.net/files/content_assets/5a/502019253_E_cnt_1_r360P.mp4",
            "checksum": "80132d080073fe1dbc0d4ec56799b75a",
            "filesize": 5728262,
            "modifiedDatetime": "2019-04-25T12:54:46.000Z",
            "bitRate": 655.842178249018,
            "duration": 68.236,
            "frameHeight": 360,
            "frameWidth": 640,
            "label": "360p",
            "frameRate": 23.976,
            "mimetype": "video/mp4",
            "subtitled": false,
            "subtitles": {
                "url": "https://download-a.akamaihd.net/files/content_assets/4f/502019253_E_cnt_1.vtt",
                "modifiedDatetime": "2019-04-25T12:54:41.000Z",
                "checksum": "1130eb91d3ee37a879d2fdfd32009575"
            }
        },
        {
            "progressiveDownloadURL": "https://download-a.akamaihd.net/files/content_assets/76/502019253_E_cnt_1_r480P.mp4",
            "checksum": "54edf99ed30d3ed9568042f9cd466301",
            "filesize": 10843427,
            "modifiedDatetime": "2019-04-25T12:54:50.000Z",
            "bitRate": 1241.4894401415675,
            "duration": 68.236,
            "frameHeight": 540,
            "frameWidth": 960,
            "label": "480p",
            "frameRate": 23.976,
            "mimetype": "video/mp4",
            "subtitled": false,
            "subtitles": {
                "url": "https://download-a.akamaihd.net/files/content_assets/4f/502019253_E_cnt_1.vtt",
                "modifiedDatetime": "2019-04-25T12:54:41.000Z",
                "checksum": "1130eb91d3ee37a879d2fdfd32009575"
            }
        },
        {
            "progressiveDownloadURL": "https://download-a.akamaihd.net/files/content_assets/44/502019253_E_cnt_1_r720P.mp4",
            "checksum": "7226638c9f96109557ff7432b380d017",
            "filesize": 19222337,
            "modifiedDatetime": "2019-04-25T12:54:56.000Z",
            "bitRate": 2200.81053714315,
            "duration": 68.236,
            "frameHeight": 720,
            "frameWidth": 1280,
            "label": "720p",
            "frameRate": 23.976,
            "mimetype": "video/mp4",
            "subtitled": false,
            "subtitles": {
                "url": "https://download-a.akamaihd.net/files/content_assets/4f/502019253_E_cnt_1.vtt",
                "modifiedDatetime": "2019-04-25T12:54:41.000Z",
                "checksum": "1130eb91d3ee37a879d2fdfd32009575"
            }
        }
    ],
    "printReferences": [
        "502019253-1.v",
        "502019253-1"
    ],
    "subtitlesUrl": "https://download-a.akamaihd.net/files/content_assets/4f/502019253_E_cnt_1.vtt",
    "Name": "docid-502019253_E_1_VIDEO",
    "Title": "2019 Convention of Jehovah’s Witnesses: “Love Never Fails”!",
    "UndatedReferenceTitle": "2019 Convention of Jehovah’s Witnesses: “Love Never Fails”!",
    "ShortTitle": null,
    "Category": "vod",
    "Year": 2019,
    "Symbol": "MeetingsConventions"
}