{
    "guid": "624c84aadedf1bc78910a649",
    "languageAgnosticNaturalKey": "pub-co-r22_108_VIDEO",
    "naturalKey": "pub-co-r22_E_108_VIDEO",
    "type": "video",
    "primaryCategory": "2022Convention",
    "description": "",
    "firstPublished": "2022-07-04T15:26:17.378Z",
    "duration": 674.048,
    "durationFormattedHHMM": "11:14",
    "durationFormattedMinSec": "11m 14s",
    "files": [
        {
            "progressiveDownloadURL": "https://download-a.akamaihd.net/files/media_publication/c3/CO-r22_E_108_r240P.mp4",
            "checksum": "314a9bcbf9bedec8d22a3f25c5a5ee4d",
            "filesize": 13931234,
            "modifiedDatetime": "2022-07-03T22:21:46.000Z",
            "bitRate": 161.46886516242168,
            "duration": 674.048,
            "frameHeight": 234,
            "frameWidth": 416,
            "label": "240p",
            "frameRate": 23.976,
            "mimetype": "video/mp4",
            "subtitled": false,
            "subtitles": {
                "url": "https://download-a.akamaihd.net/files/media_publication/26/CO-r22_E_108.vtt",
                "modifiedDatetime": "2022-07-03T22:21:50.000Z",
                "checksum": "5973d9336d9856c80d4fbb953752916b"
            }
        },
        {
            "progressiveDownloadURL": "https://download-a.akamaihd.net/files/media_publication/e8/CO-r22_E_108_r360P.mp4",
            "checksum": "a384be9096bdd1964098f6a234df0cc9",
            "filesize": 26952301,
            "modifiedDatetime": "2022-07-03T22:21:41.000Z",
            "bitRate": 312.39824452507094,
            "duration": 674.027,
            "frameHeight": 360,
            "frameWidth": 640,
            "label": "360p",
            "frameRate": 23.976,
            "mimetype": "video/mp4",
            "subtitled": false,
            "subtitles": {
                "url": "https://download-a.akamaihd.net/files/media_publication/26/CO-r22_E_108.vtt",
                "modifiedDatetime": "2022-07-03T22:21:50.000Z",
                "checksum": "5973d9336d9856c80d4fbb953752916b"
            }
        },
        {
            "progressiveDownloadURL": "https://download-a.akamaihd.net/files/media_publication/92/CO-r22_E_108_r480P.mp4",
            "checksum": "fff41a6b8cf29a8c4622762fd7e49dee",
            "filesize": 50185652,
            "modifiedDatetime": "2022-07-03T22:21:36.000Z",
            "bitRate": 581.6909504367036,
            "duration": 674.027,
            "frameHeight": 540,
            "frameWidth": 960,
            "label": "480p",
            "frameRate": 23.976,
            "mimetype": "video/mp4",
            "subtitled": false,
            "subtitles": {
                "url": "https://download-a.akamaihd.net/files/media_publication/26/CO-r22_E_108.vtt",
                "modifiedDatetime": "2022-07-03T22:21:50.000Z",
                "checksum": "5973d9336d9856c80d4fbb953752916b"
            }
        },
        {
            "progressiveDownloadURL": "https://download-a.akamaihd.net/files/media_publication/d4/CO-r22_E_108_r720P.mp4",
            "checksum": "1851cb2b6569fec156d7910f9adce723",
            "filesize": 88095040,
            "modifiedDatetime": "2022-07-03T22:21:28.000Z",
            "bitRate": 1021.0904014230883,
            "duration": 674.027,
            "frameHeight": 720,
            "frameWidth": 1280,
            "label": "720p",
            "frameRate": 23.976,
            "mimetype": "video/mp4",
            "subtitled": false,
            "subtitles": {
                "url": "https://download-a.akamaihd.net/files/media_publication/26/CO-r22_E_108.vtt",
                "modifiedDatetime": "2022-07-03T22:21:50.000Z",
                "checksum": "5973d9336d9856c80d4fbb953752916b"
            }
        }
    ],
    "printReferences": [
        "co-r22-108.v",
        "co-r22-108"
    ],
    "subtitlesUrl": "https://download-a.akamaihd.net/files/media_publication/26/CO-r22_E_108.vtt",
    "Name": "pub-co-r22_E_108_VIDEO",
    "Title": "Ronald Curzan: Take Delight in God’s Promises of Peace—“They Will Build Houses and . . . Plant Vineyards”",
    "UndatedReferenceTitle": "Ronald Curzan: Take Delight in God’s Promises of Peace—“They Will Build Houses and . . . Plant Vineyards”",
    "ShortTitle": null,
    "Category": "vod",
    "Year": 2022,
    "Symbol": "2022Convention"
}