{
    "guid": "6250758cdedf1bc7891a7c42",
    "languageAgnosticNaturalKey": "pub-co-r22_2_VIDEO",
    "naturalKey": "pub-co-r22_E_2_VIDEO",
    "type": "video",
    "primaryCategory": "2022Convention",
    "description": "",
    "firstPublished": "2022-06-27T15:50:54.782Z",
    "duration": 4139.84,
    "durationFormattedHHMM": "1:08:59",
    "durationFormattedMinSec": "1h 8m 59s",
    "files": [
        {
            "progressiveDownloadURL": "https://download-a.akamaihd.net/files/media_publication/0e/CO-r22_E_02_r240P.mp4",
            "checksum": "9334e9bd9288c7167c87bebe70b7e922",
            "filesize": 63407219,
            "modifiedDatetime": "2022-06-27T12:25:45.000Z",
            "bitRate": 119.65894779447997,
            "duration": 4139.84,
            "frameHeight": 234,
            "frameWidth": 416,
            "label": "240p",
            "frameRate": 23.976,
            "mimetype": "video/mp4",
            "subtitled": false,
            "subtitles": {
                "url": "https://download-a.akamaihd.net/files/media_publication/78/CO-r22_E_02.vtt",
                "modifiedDatetime": "2022-06-27T12:25:19.000Z",
                "checksum": "888d7ffe4d178aae6fd20ab4318ecb5f"
            }
        },
        {
            "progressiveDownloadURL": "https://download-a.akamaihd.net/files/media_publication/04/CO-r22_E_02_r360P.mp4",
            "checksum": "bdeda4fc5edf23b2fb870bd20acbe299",
            "filesize": 146594793,
            "modifiedDatetime": "2022-06-27T12:25:37.000Z",
            "bitRate": 276.64780037786676,
            "duration": 4139.819,
            "frameHeight": 360,
            "frameWidth": 640,
            "label": "360p",
            "frameRate": 23.976,
            "mimetype": "video/mp4",
            "subtitled": false,
            "subtitles": {
                "url": "https://download-a.akamaihd.net/files/media_publication/78/CO-r22_E_02.vtt",
                "modifiedDatetime": "2022-06-27T12:25:19.000Z",
                "checksum": "888d7ffe4d178aae6fd20ab4318ecb5f"
            }
        },
        {
            "progressiveDownloadURL": "https://download-a.akamaihd.net/files/media_publication/b8/CO-r22_E_02_r480P.mp4",
            "checksum": "bee5f83ee162640c7c0adf7e62ba3955",
            "filesize": 272415313,
            "modifiedDatetime": "2022-06-27T12:25:32.000Z",
            "bitRate": 514.0912278562179,
            "duration": 4139.819,
            "frameHeight": 540,
            "frameWidth": 960,
            "label": "480p",
            "frameRate": 23.976,
            "mimetype": "video/mp4",
            "subtitled": false,
            "subtitles": {
                "url": "https://download-a.akamaihd.net/files/media_publication/78/CO-r22_E_02.vtt",
                "modifiedDatetime": "2022-06-27T12:25:19.000Z",
                "checksum": "888d7ffe4d178aae6fd20ab4318ecb5f"
            }
        },
        {
            "progressiveDownloadURL": "https://download-a.akamaihd.net/files/media_publication/5c/CO-r22_E_02_r720P.mp4",
            "checksum": "b934783b12a91b042a76480b75a6a95f",
            "filesize": 471444450,
            "modifiedDatetime": "2022-06-27T12:25:23.000Z",
            "bitRate": 889.6910144199541,
            "duration": 4139.819,
            "frameHeight": 720,
            "frameWidth": 1280,
            "label": "720p",
            "frameRate": 23.976,
            "mimetype": "video/mp4",
            "subtitled": false,
            "subtitles": {
                "url": "https://download-a.akamaihd.net/files/media_publication/78/CO-r22_E_02.vtt",
                "modifiedDatetime": "2022-06-27T12:25:19.000Z",
                "checksum": "888d7ffe4d178aae6fd20ab4318ecb5f"
            }
        }
    ],
    "printReferences": [
        "co-r22-2.v",
        "co-r22-2"
    ],
    "subtitlesUrl": "https://download-a.akamaihd.net/files/media_publication/78/CO-r22_E_02.vtt",
    "Name": "pub-co-r22_E_2_VIDEO",
    "Title": "2022 “Pursue Peace”! Convention: Friday Morning Session—Part 2",
    "UndatedReferenceTitle": "2022 “Pursue Peace”! Convention: Friday Morning Session—Part 2",
    "ShortTitle": null,
    "Category": "vod",
    "Year": 2022,
    "Symbol": "2022Convention"
}