{
    "guid": "6262e963b685ba344166bce4",
    "languageAgnosticNaturalKey": "pub-co-r22_129_VIDEO",
    "naturalKey": "pub-co-r22_E_129_VIDEO",
    "type": "video",
    "primaryCategory": "2022Convention",
    "description": "",
    "firstPublished": "2022-07-25T13:35:21.479Z",
    "duration": 692.694,
    "durationFormattedHHMM": "11:32",
    "durationFormattedMinSec": "11m 32s",
    "files": [
        {
            "progressiveDownloadURL": "https://download-a.akamaihd.net/files/media_publication/d7/CO-r22_E_129_r240P.mp4",
            "checksum": "5e4f9405fa1f08c4820de486bdacf909",
            "filesize": 12203314,
            "modifiedDatetime": "2022-07-25T00:38:05.000Z",
            "bitRate": 137.6342087920496,
            "duration": 692.694,
            "frameHeight": 234,
            "frameWidth": 416,
            "label": "240p",
            "frameRate": 23.976,
            "mimetype": "video/mp4",
            "subtitled": false,
            "subtitles": {
                "url": "https://download-a.akamaihd.net/files/media_publication/d3/CO-r22_E_129.vtt",
                "modifiedDatetime": "2022-07-25T00:37:42.000Z",
                "checksum": "15f52019071e568d6efa26aa8ddc9d77"
            }
        },
        {
            "progressiveDownloadURL": "https://download-a.akamaihd.net/files/media_publication/5c/CO-r22_E_129_r360P.mp4",
            "checksum": "1cfc350b214d862e52cdfd8b9b0afa95",
            "filesize": 23735443,
            "modifiedDatetime": "2022-07-25T00:38:01.000Z",
            "bitRate": 267.7070076998926,
            "duration": 692.672,
            "frameHeight": 360,
            "frameWidth": 640,
            "label": "360p",
            "frameRate": 23.976,
            "mimetype": "video/mp4",
            "subtitled": false,
            "subtitles": {
                "url": "https://download-a.akamaihd.net/files/media_publication/d3/CO-r22_E_129.vtt",
                "modifiedDatetime": "2022-07-25T00:37:42.000Z",
                "checksum": "15f52019071e568d6efa26aa8ddc9d77"
            }
        },
        {
            "progressiveDownloadURL": "https://download-a.akamaihd.net/files/media_publication/74/CO-r22_E_129_r480P.mp4",
            "checksum": "cc819107937da199e82df8e7c94cfc7f",
            "filesize": 42246226,
            "modifiedDatetime": "2022-07-25T00:37:57.000Z",
            "bitRate": 476.4861877266585,
            "duration": 692.672,
            "frameHeight": 540,
            "frameWidth": 960,
            "label": "480p",
            "frameRate": 23.976,
            "mimetype": "video/mp4",
            "subtitled": false,
            "subtitles": {
                "url": "https://download-a.akamaihd.net/files/media_publication/d3/CO-r22_E_129.vtt",
                "modifiedDatetime": "2022-07-25T00:37:42.000Z",
                "checksum": "15f52019071e568d6efa26aa8ddc9d77"
            }
        },
        {
            "progressiveDownloadURL": "https://download-a.akamaihd.net/files/media_publication/29/CO-r22_E_129_r720P.mp4",
            "checksum": "5bfea1c3f5e90d51fe3b1f9e63244f13",
            "filesize": 70243075,
            "modifiedDatetime": "2022-07-25T00:37:53.000Z",
            "bitRate": 792.2566863356682,
            "duration": 692.672,
            "frameHeight": 720,
            "frameWidth": 1280,
            "label": "720p",
            "frameRate": 23.976,
            "mimetype": "video/mp4",
            "subtitled": false,
            "subtitles": {
                "url": "https://download-a.akamaihd.net/files/media_publication/d3/CO-r22_E_129.vtt",
                "modifiedDatetime": "2022-07-25T00:37:42.000Z",
                "checksum": "15f52019071e568d6efa26aa8ddc9d77"
            }
        }
    ],
    "printReferences": [
        "co-r22-129.v",
        "co-r22-129"
    ],
    "subtitlesUrl": "https://download-a.akamaihd.net/files/media_publication/d3/CO-r22_E_129.vtt",
    "Name": "pub-co-r22_E_129_VIDEO",
    "Title": "Patrick LaFranca: “Put Away” Peace Wreckers—Harmful Gossip",
    "UndatedReferenceTitle": "Patrick LaFranca: “Put Away” Peace Wreckers—Harmful Gossip",
    "ShortTitle": null,
    "Category": "vod",
    "Year": 2022,
    "Symbol": "2022Convention"
}