{
    "guid": "60edf9d2b765b4a6fb57d78d",
    "languageAgnosticNaturalKey": "pub-jwbcov21_10_VIDEO",
    "naturalKey": "pub-jwbcov21_E_10_VIDEO",
    "type": "video",
    "primaryCategory": "FamilyChallenges",
    "description": "",
    "firstPublished": "2021-09-13T16:17:57.487Z",
    "duration": 177.046,
    "durationFormattedHHMM": "2:57",
    "durationFormattedMinSec": "2m 57s",
    "files": [
        {
            "progressiveDownloadURL": "https://download-a.akamaihd.net/files/media_publication/6c/jwbcov21_E_10_r240P.mp4",
            "checksum": "2b1c6ecd20eee861900419d2095fb565",
            "filesize": 4940660,
            "modifiedDatetime": "2021-09-11T04:28:43.000Z",
            "bitRate": 218.01625707443264,
            "duration": 177.046,
            "frameHeight": 234,
            "frameWidth": 416,
            "label": "240p",
            "frameRate": 23.576,
            "mimetype": "video/mp4",
            "subtitled": false,
            "subtitles": {
                "url": "https://download-a.akamaihd.net/files/media_publication/c6/jwbcov21_E_10.vtt",
                "modifiedDatetime": "2021-09-11T04:28:49.000Z",
                "checksum": "5812141ccae34510797899ee66a52f37"
            }
        },
        {
            "progressiveDownloadURL": "https://download-a.akamaihd.net/files/media_publication/bd/jwbcov21_E_10_r360P.mp4",
            "checksum": "344e833b3ddf8bccf9db7348e73f759d",
            "filesize": 8744719,
            "modifiedDatetime": "2021-09-11T04:28:38.000Z",
            "bitRate": 385.9518969759112,
            "duration": 177.012,
            "frameHeight": 360,
            "frameWidth": 640,
            "label": "360p",
            "frameRate": 23.976,
            "mimetype": "video/mp4",
            "subtitled": false,
            "subtitles": {
                "url": "https://download-a.akamaihd.net/files/media_publication/c6/jwbcov21_E_10.vtt",
                "modifiedDatetime": "2021-09-11T04:28:49.000Z",
                "checksum": "5812141ccae34510797899ee66a52f37"
            }
        },
        {
            "progressiveDownloadURL": "https://download-a.akamaihd.net/files/media_publication/93/jwbcov21_E_10_r480P.mp4",
            "checksum": "ac532241d8d2a31dfb3371be6e3541b5",
            "filesize": 15621518,
            "modifiedDatetime": "2021-09-11T04:28:35.000Z",
            "bitRate": 689.462349304002,
            "duration": 177.012,
            "frameHeight": 540,
            "frameWidth": 960,
            "label": "480p",
            "frameRate": 23.976,
            "mimetype": "video/mp4",
            "subtitled": false,
            "subtitles": {
                "url": "https://download-a.akamaihd.net/files/media_publication/c6/jwbcov21_E_10.vtt",
                "modifiedDatetime": "2021-09-11T04:28:49.000Z",
                "checksum": "5812141ccae34510797899ee66a52f37"
            }
        },
        {
            "progressiveDownloadURL": "https://download-a.akamaihd.net/files/media_publication/c0/jwbcov21_E_10_r720P.mp4",
            "checksum": "14f40b600d0759ffdc03f8e7250ccd51",
            "filesize": 25456069,
            "modifiedDatetime": "2021-09-11T04:28:31.000Z",
            "bitRate": 1123.5144457014214,
            "duration": 177.012,
            "frameHeight": 720,
            "frameWidth": 1280,
            "label": "720p",
            "frameRate": 23.976,
            "mimetype": "video/mp4",
            "subtitled": false,
            "subtitles": {
                "url": "https://download-a.akamaihd.net/files/media_publication/c6/jwbcov21_E_10.vtt",
                "modifiedDatetime": "2021-09-11T04:28:49.000Z",
                "checksum": "5812141ccae34510797899ee66a52f37"
            }
        }
    ],
    "printReferences": [
        "jwbcov21-10.v",
        "jwbcov21-10"
    ],
    "subtitlesUrl": "https://download-a.akamaihd.net/files/media_publication/c6/jwbcov21_E_10.vtt",
    "Name": "pub-jwbcov21_E_10_VIDEO",
    "Title": "Imitate the Faithful, Not the Faithless—Noah, Not His Neighbors",
    "UndatedReferenceTitle": "Imitate the Faithful, Not the Faithless—Noah, Not His Neighbors",
    "ShortTitle": null,
    "Category": "vod",
    "Year": 2021,
    "Symbol": "FamilyChallenges"
}