{
    "guid": "5e063775aff3a231483b2239",
    "languageAgnosticNaturalKey": "pub-jwbcov_201905_24_VIDEO",
    "naturalKey": "pub-jwbcov_E_201905_24_VIDEO",
    "type": "video",
    "primaryCategory": "2019Convention",
    "description": "",
    "firstPublished": "2020-04-20T14:10:54.577Z",
    "duration": 297.088,
    "durationFormattedHHMM": "4:57",
    "durationFormattedMinSec": "4m 57s",
    "files": [
        {
            "progressiveDownloadURL": "https://download-a.akamaihd.net/files/media_periodical/a4/jwbcov_E_201905_24_r240P.mp4",
            "checksum": "8b28e6a5eb29be1295ba094cf2d05165",
            "filesize": 7808474,
            "modifiedDatetime": "2020-11-14T11:12:42.000Z",
            "bitRate": 205.33883268593814,
            "duration": 297.088,
            "frameHeight": 234,
            "frameWidth": 416,
            "label": "240p",
            "frameRate": 23.576,
            "mimetype": "video/mp4",
            "subtitled": false,
            "subtitles": {
                "url": "https://download-a.akamaihd.net/files/media_periodical/32/jwbcov_E_201905_24.vtt",
                "modifiedDatetime": "2020-04-20T12:31:14.000Z",
                "checksum": "02938e1b65bc9b8aa3cde3a7473294c4"
            }
        },
        {
            "progressiveDownloadURL": "https://download-a.akamaihd.net/files/media_periodical/26/jwbcov_E_201905_24_r360P.mp4",
            "checksum": "0380cf81156695e5d61d07ee333f81bf",
            "filesize": 14401845,
            "modifiedDatetime": "2020-04-20T12:31:19.000Z",
            "bitRate": 378.77519479175083,
            "duration": 297.048,
            "frameHeight": 360,
            "frameWidth": 640,
            "label": "360p",
            "frameRate": 23.976,
            "mimetype": "video/mp4",
            "subtitled": false,
            "subtitles": {
                "url": "https://download-a.akamaihd.net/files/media_periodical/32/jwbcov_E_201905_24.vtt",
                "modifiedDatetime": "2020-04-20T12:31:14.000Z",
                "checksum": "02938e1b65bc9b8aa3cde3a7473294c4"
            }
        },
        {
            "progressiveDownloadURL": "https://download-a.akamaihd.net/files/media_periodical/5b/jwbcov_E_201905_24_r480P.mp4",
            "checksum": "fce1568a97fea0a69667a11f3ba7a225",
            "filesize": 26163482,
            "modifiedDatetime": "2020-04-20T12:31:22.000Z",
            "bitRate": 688.1116961736824,
            "duration": 297.048,
            "frameHeight": 540,
            "frameWidth": 960,
            "label": "480p",
            "frameRate": 23.976,
            "mimetype": "video/mp4",
            "subtitled": false,
            "subtitles": {
                "url": "https://download-a.akamaihd.net/files/media_periodical/32/jwbcov_E_201905_24.vtt",
                "modifiedDatetime": "2020-04-20T12:31:14.000Z",
                "checksum": "02938e1b65bc9b8aa3cde3a7473294c4"
            }
        },
        {
            "progressiveDownloadURL": "https://download-a.akamaihd.net/files/media_periodical/17/jwbcov_E_201905_24_r720P.mp4",
            "checksum": "8198c340694e7e0d0ca1693f3768e5d6",
            "filesize": 42383347,
            "modifiedDatetime": "2020-04-20T12:31:25.000Z",
            "bitRate": 1114.7016591173817,
            "duration": 297.048,
            "frameHeight": 720,
            "frameWidth": 1280,
            "label": "720p",
            "frameRate": 23.976,
            "mimetype": "video/mp4",
            "subtitled": false,
            "subtitles": {
                "url": "https://download-a.akamaihd.net/files/media_periodical/32/jwbcov_E_201905_24.vtt",
                "modifiedDatetime": "2020-04-20T12:31:14.000Z",
                "checksum": "02938e1b65bc9b8aa3cde3a7473294c4"
            }
        }
    ],
    "printReferences": [
        "jwbcov.201905-24.v",
        "jwbcov.201905-24"
    ],
    "subtitlesUrl": "https://download-a.akamaihd.net/files/media_periodical/32/jwbcov_E_201905_24.vtt",
    "Name": "pub-jwbcov_E_201905_24_VIDEO",
    "Title": "True Love in a Hate-Filled World—Where?",
    "UndatedReferenceTitle": "True Love in a Hate-Filled World—Where?",
    "ShortTitle": null,
    "Category": "vod",
    "Year": 2020,
    "Symbol": "2019Convention"
}