{
    "guid": "624de25bdedf1bc7891413b3",
    "languageAgnosticNaturalKey": "pub-co-r22_123_VIDEO",
    "naturalKey": "pub-co-r22_E_123_VIDEO",
    "type": "video",
    "primaryCategory": "2022Convention",
    "description": "",
    "firstPublished": "2022-07-18T14:40:16.733Z",
    "duration": 1085.44,
    "durationFormattedHHMM": "18:05",
    "durationFormattedMinSec": "18m 5s",
    "files": [
        {
            "progressiveDownloadURL": "https://download-a.akamaihd.net/files/media_publication/d7/CO-r22_E_123_r240P.mp4",
            "checksum": "f6eca6ea80fe49cb08bd52c3f2a60822",
            "filesize": 21574234,
            "modifiedDatetime": "2022-07-17T23:59:57.000Z",
            "bitRate": 155.28145556179982,
            "duration": 1085.44,
            "frameHeight": 234,
            "frameWidth": 416,
            "label": "240p",
            "frameRate": 23.976,
            "mimetype": "video/mp4",
            "subtitled": false,
            "subtitles": {
                "url": "https://download-a.akamaihd.net/files/media_publication/e4/CO-r22_E_123.vtt",
                "modifiedDatetime": "2022-07-17T23:59:45.000Z",
                "checksum": "d146aa27e5ec614fdee3ae2d3c09f3df"
            }
        },
        {
            "progressiveDownloadURL": "https://download-a.akamaihd.net/files/media_publication/d6/CO-r22_E_123_r360P.mp4",
            "checksum": "cf8bc52b0236cbe758c54dba82b2ca21",
            "filesize": 42921913,
            "modifiedDatetime": "2022-07-17T23:59:55.000Z",
            "bitRate": 308.938249019503,
            "duration": 1085.419,
            "frameHeight": 360,
            "frameWidth": 640,
            "label": "360p",
            "frameRate": 23.976,
            "mimetype": "video/mp4",
            "subtitled": false,
            "subtitles": {
                "url": "https://download-a.akamaihd.net/files/media_publication/e4/CO-r22_E_123.vtt",
                "modifiedDatetime": "2022-07-17T23:59:45.000Z",
                "checksum": "d146aa27e5ec614fdee3ae2d3c09f3df"
            }
        },
        {
            "progressiveDownloadURL": "https://download-a.akamaihd.net/files/media_publication/d7/CO-r22_E_123_r480P.mp4",
            "checksum": "c386f6f909bb827a47b2d69503366ecb",
            "filesize": 78616062,
            "modifiedDatetime": "2022-07-17T23:59:52.000Z",
            "bitRate": 565.8533565148573,
            "duration": 1085.419,
            "frameHeight": 540,
            "frameWidth": 960,
            "label": "480p",
            "frameRate": 23.976,
            "mimetype": "video/mp4",
            "subtitled": false,
            "subtitles": {
                "url": "https://download-a.akamaihd.net/files/media_publication/e4/CO-r22_E_123.vtt",
                "modifiedDatetime": "2022-07-17T23:59:45.000Z",
                "checksum": "d146aa27e5ec614fdee3ae2d3c09f3df"
            }
        },
        {
            "progressiveDownloadURL": "https://download-a.akamaihd.net/files/media_publication/e7/CO-r22_E_123_r720P.mp4",
            "checksum": "6c28aefc49db956b794e928bd972e77e",
            "filesize": 135607609,
            "modifiedDatetime": "2022-07-17T23:59:48.000Z",
            "bitRate": 976.0603465689286,
            "duration": 1085.419,
            "frameHeight": 720,
            "frameWidth": 1280,
            "label": "720p",
            "frameRate": 23.976,
            "mimetype": "video/mp4",
            "subtitled": false,
            "subtitles": {
                "url": "https://download-a.akamaihd.net/files/media_publication/e4/CO-r22_E_123.vtt",
                "modifiedDatetime": "2022-07-17T23:59:45.000Z",
                "checksum": "d146aa27e5ec614fdee3ae2d3c09f3df"
            }
        }
    ],
    "printReferences": [
        "co-r22-123.v",
        "co-r22-123"
    ],
    "subtitlesUrl": "https://download-a.akamaihd.net/files/media_publication/e4/CO-r22_E_123.vtt",
    "Name": "pub-co-r22_E_123_VIDEO",
    "Title": "Mark Sanderson: Young People—Choose a Path That Leads to Peace!",
    "UndatedReferenceTitle": "Mark Sanderson: Young People—Choose a Path That Leads to Peace!",
    "ShortTitle": null,
    "Category": "vod",
    "Year": 2022,
    "Symbol": "2022Convention"
}