{
    "guid": "5f80811d0ca056895ebed121",
    "languageAgnosticNaturalKey": "pub-co-r20_102_VIDEO",
    "naturalKey": "pub-co-r20_E_102_VIDEO",
    "type": "video",
    "primaryCategory": "2020Convention",
    "description": "",
    "firstPublished": "2020-12-01T23:46:32.507Z",
    "duration": 708.584,
    "durationFormattedHHMM": "11:48",
    "durationFormattedMinSec": "11m 48s",
    "files": [
        {
            "progressiveDownloadURL": "https://download-a.akamaihd.net/files/media_publication/a9/CO-r20_E_102_r240P.mp4",
            "checksum": "f639cbe02e370f894b9213a2fb9d3e84",
            "filesize": 21188092,
            "modifiedDatetime": "2020-11-29T12:48:26.000Z",
            "bitRate": 233.60952088954875,
            "duration": 708.584,
            "frameHeight": 234,
            "frameWidth": 416,
            "label": "240p",
            "frameRate": 23.692,
            "mimetype": "video/mp4",
            "subtitled": false,
            "subtitles": {
                "url": "https://download-a.akamaihd.net/files/media_publication/59/co-r20_E_102.vtt",
                "modifiedDatetime": "2020-11-29T12:48:38.000Z",
                "checksum": "2662ce8c03f9390d46457f166ed5ffa5"
            }
        },
        {
            "progressiveDownloadURL": "https://download-a.akamaihd.net/files/media_publication/5a/CO-r20_E_102_r360P.mp4",
            "checksum": "e14e748708e675114547694cb3107588",
            "filesize": 29368119,
            "modifiedDatetime": "2020-11-29T12:48:27.000Z",
            "bitRate": 323.798490634138,
            "duration": 708.584,
            "frameHeight": 360,
            "frameWidth": 640,
            "label": "360p",
            "frameRate": 23.976,
            "mimetype": "video/mp4",
            "subtitled": false,
            "subtitles": {
                "url": "https://download-a.akamaihd.net/files/media_publication/59/co-r20_E_102.vtt",
                "modifiedDatetime": "2020-11-29T12:48:38.000Z",
                "checksum": "2662ce8c03f9390d46457f166ed5ffa5"
            }
        },
        {
            "progressiveDownloadURL": "https://download-a.akamaihd.net/files/media_publication/09/CO-r20_E_102_r480P.mp4",
            "checksum": "df59fbc923eb6d1f7935b2e37a4babf7",
            "filesize": 51785609,
            "modifiedDatetime": "2020-11-29T12:48:29.000Z",
            "bitRate": 570.9627515051145,
            "duration": 708.584,
            "frameHeight": 540,
            "frameWidth": 960,
            "label": "480p",
            "frameRate": 23.976,
            "mimetype": "video/mp4",
            "subtitled": false,
            "subtitles": {
                "url": "https://download-a.akamaihd.net/files/media_publication/59/co-r20_E_102.vtt",
                "modifiedDatetime": "2020-11-29T12:48:38.000Z",
                "checksum": "2662ce8c03f9390d46457f166ed5ffa5"
            }
        },
        {
            "progressiveDownloadURL": "https://download-a.akamaihd.net/files/media_publication/d2/CO-r20_E_102_r720P.mp4",
            "checksum": "071021fd12d06f1b31379300b94644ea",
            "filesize": 84003108,
            "modifiedDatetime": "2020-11-29T12:48:32.000Z",
            "bitRate": 926.1771099121629,
            "duration": 708.584,
            "frameHeight": 720,
            "frameWidth": 1280,
            "label": "720p",
            "frameRate": 23.976,
            "mimetype": "video/mp4",
            "subtitled": false,
            "subtitles": {
                "url": "https://download-a.akamaihd.net/files/media_publication/59/co-r20_E_102.vtt",
                "modifiedDatetime": "2020-11-29T12:48:38.000Z",
                "checksum": "2662ce8c03f9390d46457f166ed5ffa5"
            }
        }
    ],
    "printReferences": [
        "co-r20-102.v",
        "co-r20-102"
    ],
    "subtitlesUrl": "https://download-a.akamaihd.net/files/media_publication/59/co-r20_E_102.vtt",
    "Name": "pub-co-r20_E_102_VIDEO",
    "Title": "Leonard Myers: What Contributes to Joy?—A Simple Life",
    "UndatedReferenceTitle": "Leonard Myers: What Contributes to Joy?—A Simple Life",
    "ShortTitle": null,
    "Category": "vod",
    "Year": 2020,
    "Symbol": "2020Convention"
}