{
    "guid": "604796e6251b665b39fa366e",
    "languageAgnosticNaturalKey": "pub-jwb-080_3_VIDEO",
    "naturalKey": "pub-jwb-080_E_3_VIDEO",
    "type": "video",
    "primaryCategory": "MeetingsConventions",
    "description": "",
    "firstPublished": "2021-05-03T16:57:56.955Z",
    "duration": 70.976,
    "durationFormattedHHMM": "1:10",
    "durationFormattedMinSec": "1m 10s",
    "files": [
        {
            "progressiveDownloadURL": "https://download-a.akamaihd.net/files/media_publication/83/jwb-080_E_03_r240P.mp4",
            "checksum": "da157e66c6044a440794e6e81f68f57c",
            "filesize": 2355815,
            "modifiedDatetime": "2021-05-03T07:11:27.000Z",
            "bitRate": 259.3102554032349,
            "duration": 70.976,
            "frameHeight": 234,
            "frameWidth": 416,
            "label": "240p",
            "frameRate": 23.904,
            "mimetype": "video/mp4",
            "subtitled": false,
            "subtitles": {
                "url": "https://download-a.akamaihd.net/files/media_publication/a5/jwb-080_E_03.vtt",
                "modifiedDatetime": "2021-05-03T07:11:17.000Z",
                "checksum": "3ef7f3823b5d05974702bb423c3580f4"
            }
        },
        {
            "progressiveDownloadURL": "https://download-a.akamaihd.net/files/media_publication/57/jwb-080_E_03_r360P.mp4",
            "checksum": "aefc166004c47b946ed7f0c2ead82ba5",
            "filesize": 3961383,
            "modifiedDatetime": "2021-05-03T07:11:23.000Z",
            "bitRate": 436.2172422724005,
            "duration": 70.947,
            "frameHeight": 360,
            "frameWidth": 640,
            "label": "360p",
            "frameRate": 23.976,
            "mimetype": "video/mp4",
            "subtitled": false,
            "subtitles": {
                "url": "https://download-a.akamaihd.net/files/media_publication/a5/jwb-080_E_03.vtt",
                "modifiedDatetime": "2021-05-03T07:11:17.000Z",
                "checksum": "3ef7f3823b5d05974702bb423c3580f4"
            }
        },
        {
            "progressiveDownloadURL": "https://download-a.akamaihd.net/files/media_publication/df/jwb-080_E_03_r480P.mp4",
            "checksum": "45eafe6449cd6997d6c98ee9a3632dd6",
            "filesize": 7043182,
            "modifiedDatetime": "2021-05-03T07:11:20.000Z",
            "bitRate": 775.5769711897614,
            "duration": 70.947,
            "frameHeight": 540,
            "frameWidth": 960,
            "label": "480p",
            "frameRate": 23.976,
            "mimetype": "video/mp4",
            "subtitled": false,
            "subtitles": {
                "url": "https://download-a.akamaihd.net/files/media_publication/a5/jwb-080_E_03.vtt",
                "modifiedDatetime": "2021-05-03T07:11:17.000Z",
                "checksum": "3ef7f3823b5d05974702bb423c3580f4"
            }
        },
        {
            "progressiveDownloadURL": "https://download-a.akamaihd.net/files/media_publication/1f/jwb-080_E_03_r720P.mp4",
            "checksum": "7cd413f8f640a70d63e5425382f757e5",
            "filesize": 11494550,
            "modifiedDatetime": "2021-05-03T07:11:18.000Z",
            "bitRate": 1265.750093379565,
            "duration": 70.947,
            "frameHeight": 720,
            "frameWidth": 1280,
            "label": "720p",
            "frameRate": 23.976,
            "mimetype": "video/mp4",
            "subtitled": false,
            "subtitles": {
                "url": "https://download-a.akamaihd.net/files/media_publication/a5/jwb-080_E_03.vtt",
                "modifiedDatetime": "2021-05-03T07:11:17.000Z",
                "checksum": "3ef7f3823b5d05974702bb423c3580f4"
            }
        }
    ],
    "printReferences": [
        "jwb-080-3.v",
        "jwb-080-3"
    ],
    "subtitlesUrl": "https://download-a.akamaihd.net/files/media_publication/a5/jwb-080_E_03.vtt",
    "Name": "pub-jwb-080_E_3_VIDEO",
    "Title": "2021 Convention of Jehovah’s Witnesses: Powerful by Faith!",
    "UndatedReferenceTitle": "2021 Convention of Jehovah’s Witnesses: Powerful by Faith!",
    "ShortTitle": null,
    "Category": "vod",
    "Year": 2021,
    "Symbol": "MeetingsConventions"
}