{
    "guid": "5efe03645f2f5ac96709c86a",
    "languageAgnosticNaturalKey": "pub-co-r20_12_VIDEO",
    "naturalKey": "pub-co-r20_E_12_VIDEO",
    "type": "video",
    "primaryCategory": "2020Convention",
    "description": "",
    "firstPublished": "2020-08-24T21:06:32.318Z",
    "duration": 4317.803,
    "durationFormattedHHMM": "1:11:57",
    "durationFormattedMinSec": "1h 11m 57s",
    "files": [
        {
            "progressiveDownloadURL": "https://download-a.akamaihd.net/files/media_publication/67/CO-r20_E_12_r240P.mp4",
            "checksum": "009e8b933cbb5a29dea03f70894e5b1d",
            "filesize": 63732580,
            "modifiedDatetime": "2020-08-24T18:49:51.000Z",
            "bitRate": 115.31577083299076,
            "duration": 4317.803,
            "frameHeight": 234,
            "frameWidth": 416,
            "label": "240p",
            "frameRate": 23.976,
            "mimetype": "video/mp4",
            "subtitled": false,
            "subtitles": {
                "url": "https://download-a.akamaihd.net/files/media_publication/39/CO-r20_E_12.vtt",
                "modifiedDatetime": "2020-08-24T18:49:42.000Z",
                "checksum": "b70259d3453c93b70d42a4de6503645c"
            }
        },
        {
            "progressiveDownloadURL": "https://download-a.akamaihd.net/files/media_publication/85/CO-r20_E_12_r360P.mp4",
            "checksum": "006123d41cb7fb0dde0d61a480a9ec62",
            "filesize": 158681735,
            "modifiedDatetime": "2020-08-24T18:49:54.000Z",
            "bitRate": 287.1158476111412,
            "duration": 4317.773,
            "frameHeight": 360,
            "frameWidth": 640,
            "label": "360p",
            "frameRate": 23.976,
            "mimetype": "video/mp4",
            "subtitled": false,
            "subtitles": {
                "url": "https://download-a.akamaihd.net/files/media_publication/39/CO-r20_E_12.vtt",
                "modifiedDatetime": "2020-08-24T18:49:42.000Z",
                "checksum": "b70259d3453c93b70d42a4de6503645c"
            }
        },
        {
            "progressiveDownloadURL": "https://download-a.akamaihd.net/files/media_publication/b1/CO-r20_E_12_r480P.mp4",
            "checksum": "b8bd9e13bc3977deabe09409d4d8895e",
            "filesize": 287189203,
            "modifiedDatetime": "2020-08-24T18:49:59.000Z",
            "bitRate": 519.6349248646235,
            "duration": 4317.773,
            "frameHeight": 540,
            "frameWidth": 960,
            "label": "480p",
            "frameRate": 23.976,
            "mimetype": "video/mp4",
            "subtitled": false,
            "subtitles": {
                "url": "https://download-a.akamaihd.net/files/media_publication/39/CO-r20_E_12.vtt",
                "modifiedDatetime": "2020-08-24T18:49:42.000Z",
                "checksum": "b70259d3453c93b70d42a4de6503645c"
            }
        },
        {
            "progressiveDownloadURL": "https://download-a.akamaihd.net/files/media_publication/2f/CO-r20_E_12_r720P.mp4",
            "checksum": "05538747011070fc287dcd82a8233f0f",
            "filesize": 471127302,
            "modifiedDatetime": "2020-08-24T18:50:08.000Z",
            "bitRate": 852.4491785174904,
            "duration": 4317.773,
            "frameHeight": 720,
            "frameWidth": 1280,
            "label": "720p",
            "frameRate": 23.976,
            "mimetype": "video/mp4",
            "subtitled": false,
            "subtitles": {
                "url": "https://download-a.akamaihd.net/files/media_publication/39/CO-r20_E_12.vtt",
                "modifiedDatetime": "2020-08-24T18:49:42.000Z",
                "checksum": "b70259d3453c93b70d42a4de6503645c"
            }
        }
    ],
    "printReferences": [
        "co-r20-12.v",
        "co-r20-12"
    ],
    "subtitlesUrl": "https://download-a.akamaihd.net/files/media_publication/39/CO-r20_E_12.vtt",
    "Name": "pub-co-r20_E_12_VIDEO",
    "Title": "2020 “Always Rejoice”! Convention: Sunday Afternoon Session—Part 2",
    "UndatedReferenceTitle": "2020 “Always Rejoice”! Convention: Sunday Afternoon Session—Part 2",
    "ShortTitle": null,
    "Category": "vod",
    "Year": 2020,
    "Symbol": "2020Convention"
}