{
    "guid": "5eea7d2aaf341cff13f84d0f",
    "languageAgnosticNaturalKey": "pub-co-r20_5_VIDEO",
    "naturalKey": "pub-co-r20_E_5_VIDEO",
    "type": "video",
    "primaryCategory": "2020Convention",
    "description": "",
    "firstPublished": "2020-07-23T15:49:52.198Z",
    "duration": 5140.8,
    "durationFormattedHHMM": "1:25:40",
    "durationFormattedMinSec": "1h 25m 40s",
    "files": [
        {
            "progressiveDownloadURL": "https://download-a.akamaihd.net/files/media_publication/6c/CO-r20_E_05_r240P.mp4",
            "checksum": "fa4dbb566eac2da85a18c40d63275f74",
            "filesize": 63475625,
            "modifiedDatetime": "2020-07-31T21:33:05.000Z",
            "bitRate": 96.46423130884298,
            "duration": 5140.8,
            "frameHeight": 234,
            "frameWidth": 416,
            "label": "240p",
            "frameRate": 23.976,
            "mimetype": "video/mp4",
            "subtitled": false,
            "subtitles": {
                "url": "https://download-a.akamaihd.net/files/media_publication/90/CO-r20_E_05.vtt",
                "modifiedDatetime": "2020-07-30T17:02:40.000Z",
                "checksum": "dba2bc13dfaa7401f79e9652674de0d8"
            }
        },
        {
            "progressiveDownloadURL": "https://download-a.akamaihd.net/files/media_publication/ae/CO-r20_E_05_r360P.mp4",
            "checksum": "61b5941f31d7dc9ab6630770566695be",
            "filesize": 219801449,
            "modifiedDatetime": "2020-07-30T16:52:13.000Z",
            "bitRate": 334.03585311136754,
            "duration": 5140.762,
            "frameHeight": 360,
            "frameWidth": 640,
            "label": "360p",
            "frameRate": 23.976,
            "mimetype": "video/mp4",
            "subtitled": false,
            "subtitles": {
                "url": "https://download-a.akamaihd.net/files/media_publication/90/CO-r20_E_05.vtt",
                "modifiedDatetime": "2020-07-30T17:02:40.000Z",
                "checksum": "dba2bc13dfaa7401f79e9652674de0d8"
            }
        },
        {
            "progressiveDownloadURL": "https://download-a.akamaihd.net/files/media_publication/b0/CO-r20_E_05_r480P.mp4",
            "checksum": "de7811d5866ea0dd0e9a03520049666d",
            "filesize": 401199450,
            "modifiedDatetime": "2020-07-30T16:53:20.000Z",
            "bitRate": 609.7093588703387,
            "duration": 5140.762,
            "frameHeight": 540,
            "frameWidth": 960,
            "label": "480p",
            "frameRate": 23.976,
            "mimetype": "video/mp4",
            "subtitled": false,
            "subtitles": {
                "url": "https://download-a.akamaihd.net/files/media_publication/90/CO-r20_E_05.vtt",
                "modifiedDatetime": "2020-07-30T17:02:40.000Z",
                "checksum": "dba2bc13dfaa7401f79e9652674de0d8"
            }
        },
        {
            "progressiveDownloadURL": "https://download-a.akamaihd.net/files/media_publication/dd/CO-r20_E_05_r720P.mp4",
            "checksum": "1c1aa5ed017e9b2d7a32c8cd58943c7b",
            "filesize": 670390723,
            "modifiedDatetime": "2020-07-30T16:55:29.000Z",
            "bitRate": 1018.8037344342143,
            "duration": 5140.762,
            "frameHeight": 720,
            "frameWidth": 1280,
            "label": "720p",
            "frameRate": 23.976,
            "mimetype": "video/mp4",
            "subtitled": false,
            "subtitles": {
                "url": "https://download-a.akamaihd.net/files/media_publication/90/CO-r20_E_05.vtt",
                "modifiedDatetime": "2020-07-30T17:02:40.000Z",
                "checksum": "dba2bc13dfaa7401f79e9652674de0d8"
            }
        }
    ],
    "printReferences": [
        "co-r20-5.v",
        "co-r20-5"
    ],
    "subtitlesUrl": "https://download-a.akamaihd.net/files/media_publication/90/CO-r20_E_05.vtt",
    "Name": "pub-co-r20_E_5_VIDEO",
    "Title": "2020 “Always Rejoice”! Convention: Saturday Morning Session—Part 1",
    "UndatedReferenceTitle": "2020 “Always Rejoice”! Convention: Saturday Morning Session—Part 1",
    "ShortTitle": null,
    "Category": "vod",
    "Year": 2020,
    "Symbol": "2020Convention"
}