{
    "guid": "5f8746410ca056895ed17388",
    "languageAgnosticNaturalKey": "pub-co-r20_145_VIDEO",
    "naturalKey": "pub-co-r20_E_145_VIDEO",
    "type": "video",
    "primaryCategory": "2020Convention",
    "description": "",
    "firstPublished": "2020-12-01T23:43:42.497Z",
    "duration": 1755.213,
    "durationFormattedHHMM": "29:15",
    "durationFormattedMinSec": "29m 15s",
    "files": [
        {
            "progressiveDownloadURL": "https://download-a.akamaihd.net/files/media_publication/09/CO-r20_E_145_r240P.mp4",
            "checksum": "0d6dc47c01e69f1c8fd13901b6eff41a",
            "filesize": 43459585,
            "modifiedDatetime": "2020-12-01T23:34:49.000Z",
            "bitRate": 193.4397750087881,
            "duration": 1755.213,
            "frameHeight": 234,
            "frameWidth": 416,
            "label": "240p",
            "frameRate": 23.483,
            "mimetype": "video/mp4",
            "subtitled": false,
            "subtitles": {
                "url": "https://download-a.akamaihd.net/files/media_publication/71/co-r20_E_145.vtt",
                "modifiedDatetime": "2020-12-01T23:35:03.000Z",
                "checksum": "462d728588b67e4ba5d602d82b6224a7"
            }
        },
        {
            "progressiveDownloadURL": "https://download-a.akamaihd.net/files/media_publication/4e/CO-r20_E_145_r360P.mp4",
            "checksum": "c164976b313864847f2f08f08735c489",
            "filesize": 60471732,
            "modifiedDatetime": "2020-12-01T23:34:51.000Z",
            "bitRate": 269.16129623584146,
            "duration": 1755.213,
            "frameHeight": 360,
            "frameWidth": 640,
            "label": "360p",
            "frameRate": 23.976,
            "mimetype": "video/mp4",
            "subtitled": false,
            "subtitles": {
                "url": "https://download-a.akamaihd.net/files/media_publication/71/co-r20_E_145.vtt",
                "modifiedDatetime": "2020-12-01T23:35:03.000Z",
                "checksum": "462d728588b67e4ba5d602d82b6224a7"
            }
        },
        {
            "progressiveDownloadURL": "https://download-a.akamaihd.net/files/media_publication/6e/CO-r20_E_145_r480P.mp4",
            "checksum": "6fd4cd667e4d2246967d73c51d47d1c9",
            "filesize": 107235479,
            "modifiedDatetime": "2020-12-01T23:34:53.000Z",
            "bitRate": 477.3079846648242,
            "duration": 1755.213,
            "frameHeight": 540,
            "frameWidth": 960,
            "label": "480p",
            "frameRate": 23.976,
            "mimetype": "video/mp4",
            "subtitled": false,
            "subtitles": {
                "url": "https://download-a.akamaihd.net/files/media_publication/71/co-r20_E_145.vtt",
                "modifiedDatetime": "2020-12-01T23:35:03.000Z",
                "checksum": "462d728588b67e4ba5d602d82b6224a7"
            }
        },
        {
            "progressiveDownloadURL": "https://download-a.akamaihd.net/files/media_publication/f2/CO-r20_E_145_r720P.mp4",
            "checksum": "3a5c1d7cf4daa9074273b5cebb922c19",
            "filesize": 174681673,
            "modifiedDatetime": "2020-12-01T23:34:57.000Z",
            "bitRate": 777.5127977701281,
            "duration": 1755.213,
            "frameHeight": 720,
            "frameWidth": 1280,
            "label": "720p",
            "frameRate": 23.976,
            "mimetype": "video/mp4",
            "subtitled": false,
            "subtitles": {
                "url": "https://download-a.akamaihd.net/files/media_publication/71/co-r20_E_145.vtt",
                "modifiedDatetime": "2020-12-01T23:35:03.000Z",
                "checksum": "462d728588b67e4ba5d602d82b6224a7"
            }
        }
    ],
    "printReferences": [
        "co-r20-145.v",
        "co-r20-145"
    ],
    "subtitlesUrl": "https://download-a.akamaihd.net/files/media_publication/71/co-r20_E_145.vtt",
    "Name": "pub-co-r20_E_145_VIDEO",
    "Title": "Geoffrey W. Jackson: Public Bible Discourse: Enjoy Riches Without Pain​—How?",
    "UndatedReferenceTitle": "Geoffrey W. Jackson: Public Bible Discourse: Enjoy Riches Without Pain​—How?",
    "ShortTitle": null,
    "Category": "vod",
    "Year": 2020,
    "Symbol": "2020Convention"
}