{
    "guid": "6255790ddedf1bc789238274",
    "languageAgnosticNaturalKey": "pub-co-r22_118_VIDEO",
    "naturalKey": "pub-co-r22_E_118_VIDEO",
    "type": "video",
    "primaryCategory": "2022Convention",
    "description": "",
    "firstPublished": "2022-07-18T14:39:21.849Z",
    "duration": 677.867,
    "durationFormattedHHMM": "11:17",
    "durationFormattedMinSec": "11m 17s",
    "files": [
        {
            "progressiveDownloadURL": "https://download-a.akamaihd.net/files/media_publication/73/CO-r22_E_118_r240P.mp4",
            "checksum": "152509a4c38c59efb55c5dcce6781623",
            "filesize": 12041387,
            "modifiedDatetime": "2022-07-18T00:01:30.000Z",
            "bitRate": 138.7784564486839,
            "duration": 677.867,
            "frameHeight": 234,
            "frameWidth": 416,
            "label": "240p",
            "frameRate": 23.976,
            "mimetype": "video/mp4",
            "subtitled": false,
            "subtitles": {
                "url": "https://download-a.akamaihd.net/files/media_publication/d9/CO-r22_E_118.vtt",
                "modifiedDatetime": "2022-07-18T00:01:16.000Z",
                "checksum": "dc595fd3eb5e7fbf25f2818ca7f87c7a"
            }
        },
        {
            "progressiveDownloadURL": "https://download-a.akamaihd.net/files/media_publication/d0/CO-r22_E_118_r360P.mp4",
            "checksum": "1950ba9282a712d655e951ae625f0907",
            "filesize": 23345977,
            "modifiedDatetime": "2022-07-18T00:01:28.000Z",
            "bitRate": 269.07357321943334,
            "duration": 677.846,
            "frameHeight": 360,
            "frameWidth": 640,
            "label": "360p",
            "frameRate": 23.976,
            "mimetype": "video/mp4",
            "subtitled": false,
            "subtitles": {
                "url": "https://download-a.akamaihd.net/files/media_publication/d9/CO-r22_E_118.vtt",
                "modifiedDatetime": "2022-07-18T00:01:16.000Z",
                "checksum": "dc595fd3eb5e7fbf25f2818ca7f87c7a"
            }
        },
        {
            "progressiveDownloadURL": "https://download-a.akamaihd.net/files/media_publication/47/CO-r22_E_118_r480P.mp4",
            "checksum": "c903bd734538d36781c4fc48e80cdae4",
            "filesize": 41444563,
            "modifiedDatetime": "2022-07-18T00:01:25.000Z",
            "bitRate": 477.66845041130284,
            "duration": 677.846,
            "frameHeight": 540,
            "frameWidth": 960,
            "label": "480p",
            "frameRate": 23.976,
            "mimetype": "video/mp4",
            "subtitled": false,
            "subtitles": {
                "url": "https://download-a.akamaihd.net/files/media_publication/d9/CO-r22_E_118.vtt",
                "modifiedDatetime": "2022-07-18T00:01:16.000Z",
                "checksum": "dc595fd3eb5e7fbf25f2818ca7f87c7a"
            }
        },
        {
            "progressiveDownloadURL": "https://download-a.akamaihd.net/files/media_publication/73/CO-r22_E_118_r720P.mp4",
            "checksum": "e5c5654a4abc1a86cb0269f51975e66b",
            "filesize": 70197456,
            "modifiedDatetime": "2022-07-18T00:01:22.000Z",
            "bitRate": 809.0593217338452,
            "duration": 677.846,
            "frameHeight": 720,
            "frameWidth": 1280,
            "label": "720p",
            "frameRate": 23.976,
            "mimetype": "video/mp4",
            "subtitled": false,
            "subtitles": {
                "url": "https://download-a.akamaihd.net/files/media_publication/d9/CO-r22_E_118.vtt",
                "modifiedDatetime": "2022-07-18T00:01:16.000Z",
                "checksum": "dc595fd3eb5e7fbf25f2818ca7f87c7a"
            }
        }
    ],
    "printReferences": [
        "co-r22-118.v",
        "co-r22-118"
    ],
    "subtitlesUrl": "https://download-a.akamaihd.net/files/media_publication/d9/CO-r22_E_118.vtt",
    "Name": "pub-co-r22_E_118_VIDEO",
    "Title": "Kenneth Flodin: Be Ready to Share “the Good News of Peace”—Maintain Your Zeal",
    "UndatedReferenceTitle": "Kenneth Flodin: Be Ready to Share “the Good News of Peace”—Maintain Your Zeal",
    "ShortTitle": null,
    "Category": "vod",
    "Year": 2022,
    "Symbol": "2022Convention"
}