{
    "guid": "62f17f6f7738170e4e75ecb1",
    "languageAgnosticNaturalKey": "pub-jwbcov22_19_VIDEO",
    "naturalKey": "pub-jwbcov22_E_19_VIDEO",
    "type": "video",
    "primaryCategory": "2022Convention",
    "description": "",
    "firstPublished": "2022-09-13T00:51:46.111Z",
    "duration": 300.182,
    "durationFormattedHHMM": "5:00",
    "durationFormattedMinSec": "5m 0s",
    "files": [
        {
            "progressiveDownloadURL": "https://download-a.akamaihd.net/files/media_publication/0d/jwbcov22_E_19_r240P.mp4",
            "checksum": "c3d79565f9233819eba494685dedb96d",
            "filesize": 8440106,
            "modifiedDatetime": "2022-09-11T20:47:42.000Z",
            "bitRate": 219.66116597597457,
            "duration": 300.182,
            "frameHeight": 234,
            "frameWidth": 416,
            "label": "240p",
            "frameRate": 23.976,
            "mimetype": "video/mp4",
            "subtitled": false,
            "subtitles": {
                "url": "https://download-a.akamaihd.net/files/media_publication/d9/jwbcov22_E_19.vtt",
                "modifiedDatetime": "2022-09-11T20:47:47.000Z",
                "checksum": "1924e953fcb2b54380dcbfe32a584ee8"
            }
        },
        {
            "progressiveDownloadURL": "https://download-a.akamaihd.net/files/media_publication/22/jwbcov22_E_19_r360P.mp4",
            "checksum": "9e94c4e5f09fed4a3df9170493095c16",
            "filesize": 13508914,
            "modifiedDatetime": "2022-09-11T20:47:39.000Z",
            "bitRate": 351.5813427354072,
            "duration": 300.182,
            "frameHeight": 360,
            "frameWidth": 640,
            "label": "360p",
            "frameRate": 23.976,
            "mimetype": "video/mp4",
            "subtitled": false,
            "subtitles": {
                "url": "https://download-a.akamaihd.net/files/media_publication/d9/jwbcov22_E_19.vtt",
                "modifiedDatetime": "2022-09-11T20:47:47.000Z",
                "checksum": "1924e953fcb2b54380dcbfe32a584ee8"
            }
        },
        {
            "progressiveDownloadURL": "https://download-a.akamaihd.net/files/media_publication/3a/jwbcov22_E_19_r480P.mp4",
            "checksum": "4a45d2f8f1c45d0aadc705866a724627",
            "filesize": 24338327,
            "modifiedDatetime": "2022-09-11T20:47:36.000Z",
            "bitRate": 633.4263203240034,
            "duration": 300.182,
            "frameHeight": 540,
            "frameWidth": 960,
            "label": "480p",
            "frameRate": 23.976,
            "mimetype": "video/mp4",
            "subtitled": false,
            "subtitles": {
                "url": "https://download-a.akamaihd.net/files/media_publication/d9/jwbcov22_E_19.vtt",
                "modifiedDatetime": "2022-09-11T20:47:47.000Z",
                "checksum": "1924e953fcb2b54380dcbfe32a584ee8"
            }
        },
        {
            "progressiveDownloadURL": "https://download-a.akamaihd.net/files/media_publication/b7/jwbcov22_E_19_r720P.mp4",
            "checksum": "ff6995c9756a7bb6f95ec4d056e34cae",
            "filesize": 40335983,
            "modifiedDatetime": "2022-09-11T20:47:33.000Z",
            "bitRate": 1049.7793578145925,
            "duration": 300.182,
            "frameHeight": 720,
            "frameWidth": 1280,
            "label": "720p",
            "frameRate": 23.976,
            "mimetype": "video/mp4",
            "subtitled": false,
            "subtitles": {
                "url": "https://download-a.akamaihd.net/files/media_publication/d9/jwbcov22_E_19.vtt",
                "modifiedDatetime": "2022-09-11T20:47:47.000Z",
                "checksum": "1924e953fcb2b54380dcbfe32a584ee8"
            }
        }
    ],
    "printReferences": [
        "jwbcov22-19.v",
        "jwbcov22-19"
    ],
    "subtitlesUrl": "https://download-a.akamaihd.net/files/media_publication/d9/jwbcov22_E_19.vtt",
    "Name": "pub-jwbcov22_E_19_VIDEO",
    "Title": "Universal Peace Is Sure to Come!—Video Highlights",
    "UndatedReferenceTitle": "Universal Peace Is Sure to Come!—Video Highlights",
    "ShortTitle": null,
    "Category": "vod",
    "Year": 2022,
    "Symbol": "2022Convention"
}