{
    "guid": "5f7f178b0ca056895eb897fd",
    "languageAgnosticNaturalKey": "pub-co-r20_118_VIDEO",
    "naturalKey": "pub-co-r20_E_118_VIDEO",
    "type": "video",
    "primaryCategory": "2020Convention",
    "description": "",
    "firstPublished": "2020-12-01T23:45:33.075Z",
    "duration": 1242.368,
    "durationFormattedHHMM": "20:42",
    "durationFormattedMinSec": "20m 42s",
    "files": [
        {
            "progressiveDownloadURL": "https://download-a.akamaihd.net/files/media_publication/38/CO-r20_E_118_r240P.mp4",
            "checksum": "5236b4356a4c4ea1d0509515d3ede84d",
            "filesize": 34640152,
            "modifiedDatetime": "2020-11-30T22:42:00.000Z",
            "bitRate": 217.83093857858543,
            "duration": 1242.368,
            "frameHeight": 234,
            "frameWidth": 416,
            "label": "240p",
            "frameRate": 23.952,
            "mimetype": "video/mp4",
            "subtitled": false,
            "subtitles": {
                "url": "https://download-a.akamaihd.net/files/media_publication/95/co-r20_E_118.vtt",
                "modifiedDatetime": "2020-11-30T22:42:16.000Z",
                "checksum": "c2f72880876e97a666dcefba76bfe8f3"
            }
        },
        {
            "progressiveDownloadURL": "https://download-a.akamaihd.net/files/media_publication/ee/CO-r20_E_118_r360P.mp4",
            "checksum": "589ce3249092b0c80db9093e5d6fea43",
            "filesize": 48220075,
            "modifiedDatetime": "2020-11-30T22:42:03.000Z",
            "bitRate": 303.2268506090788,
            "duration": 1242.368,
            "frameHeight": 360,
            "frameWidth": 640,
            "label": "360p",
            "frameRate": 23.976,
            "mimetype": "video/mp4",
            "subtitled": false,
            "subtitles": {
                "url": "https://download-a.akamaihd.net/files/media_publication/95/co-r20_E_118.vtt",
                "modifiedDatetime": "2020-11-30T22:42:16.000Z",
                "checksum": "c2f72880876e97a666dcefba76bfe8f3"
            }
        },
        {
            "progressiveDownloadURL": "https://download-a.akamaihd.net/files/media_publication/a1/CO-r20_E_118_r480P.mp4",
            "checksum": "86e9f96ee3e5d750984e05ccd81b261d",
            "filesize": 86812337,
            "modifiedDatetime": "2020-11-30T22:42:08.000Z",
            "bitRate": 545.9102156627505,
            "duration": 1242.368,
            "frameHeight": 540,
            "frameWidth": 960,
            "label": "480p",
            "frameRate": 23.976,
            "mimetype": "video/mp4",
            "subtitled": false,
            "subtitles": {
                "url": "https://download-a.akamaihd.net/files/media_publication/95/co-r20_E_118.vtt",
                "modifiedDatetime": "2020-11-30T22:42:16.000Z",
                "checksum": "c2f72880876e97a666dcefba76bfe8f3"
            }
        },
        {
            "progressiveDownloadURL": "https://download-a.akamaihd.net/files/media_publication/0e/CO-r20_E_118_r720P.mp4",
            "checksum": "93408bad4e55623d866beafe6356ca43",
            "filesize": 147850137,
            "modifiedDatetime": "2020-11-30T22:42:11.000Z",
            "bitRate": 929.739976651443,
            "duration": 1242.368,
            "frameHeight": 720,
            "frameWidth": 1280,
            "label": "720p",
            "frameRate": 23.976,
            "mimetype": "video/mp4",
            "subtitled": false,
            "subtitles": {
                "url": "https://download-a.akamaihd.net/files/media_publication/95/co-r20_E_118.vtt",
                "modifiedDatetime": "2020-11-30T22:42:16.000Z",
                "checksum": "c2f72880876e97a666dcefba76bfe8f3"
            }
        }
    ],
    "printReferences": [
        "co-r20-118.v",
        "co-r20-118"
    ],
    "subtitlesUrl": "https://download-a.akamaihd.net/files/media_publication/95/co-r20_E_118.vtt",
    "Name": "pub-co-r20_E_118_VIDEO",
    "Title": "M. Stephen Lett: “Those Who Promote Peace Have Joy”​—Why?",
    "UndatedReferenceTitle": "M. Stephen Lett: “Those Who Promote Peace Have Joy”​—Why?",
    "ShortTitle": null,
    "Category": "vod",
    "Year": 2020,
    "Symbol": "2020Convention"
}