{
    "guid": "60ade0efb9f9166228c6abcd",
    "languageAgnosticNaturalKey": "pub-co-r21_143_VIDEO",
    "naturalKey": "pub-co-r21_E_143_VIDEO",
    "type": "video",
    "primaryCategory": "2021Convention",
    "description": "",
    "firstPublished": "2021-09-13T16:31:24.439Z",
    "duration": 632.363,
    "durationFormattedHHMM": "10:32",
    "durationFormattedMinSec": "10m 32s",
    "files": [
        {
            "progressiveDownloadURL": "https://download-a.akamaihd.net/files/media_publication/ff/CO-r21_E_143_r240P.mp4",
            "checksum": "74ab5404ef1d2d348c642e4d24ddc35f",
            "filesize": 11461524,
            "modifiedDatetime": "2021-09-11T04:49:49.000Z",
            "bitRate": 141.60087837207425,
            "duration": 632.363,
            "frameHeight": 234,
            "frameWidth": 416,
            "label": "240p",
            "frameRate": 23.952,
            "mimetype": "video/mp4",
            "subtitled": false,
            "subtitles": {
                "url": "https://download-a.akamaihd.net/files/media_publication/6f/co-r21_E_143.vtt",
                "modifiedDatetime": "2021-09-11T04:49:18.000Z",
                "checksum": "b7417a3692a2725cc385f2553b71adf4"
            }
        },
        {
            "progressiveDownloadURL": "https://download-a.akamaihd.net/files/media_publication/33/CO-r21_E_143_r360P.mp4",
            "checksum": "7c1106566a89b3dbe98d277c4bced577",
            "filesize": 22361570,
            "modifiedDatetime": "2021-09-11T04:49:47.000Z",
            "bitRate": 276.27461389503446,
            "duration": 632.341,
            "frameHeight": 360,
            "frameWidth": 640,
            "label": "360p",
            "frameRate": 23.976,
            "mimetype": "video/mp4",
            "subtitled": false,
            "subtitles": {
                "url": "https://download-a.akamaihd.net/files/media_publication/6f/co-r21_E_143.vtt",
                "modifiedDatetime": "2021-09-11T04:49:18.000Z",
                "checksum": "b7417a3692a2725cc385f2553b71adf4"
            }
        },
        {
            "progressiveDownloadURL": "https://download-a.akamaihd.net/files/media_publication/37/CO-r21_E_143_r480P.mp4",
            "checksum": "ad0900e8b8e09a1f3c0fcd7b7034db8f",
            "filesize": 39659119,
            "modifiedDatetime": "2021-09-11T04:49:44.000Z",
            "bitRate": 489.98383338657464,
            "duration": 632.341,
            "frameHeight": 540,
            "frameWidth": 960,
            "label": "480p",
            "frameRate": 23.976,
            "mimetype": "video/mp4",
            "subtitled": false,
            "subtitles": {
                "url": "https://download-a.akamaihd.net/files/media_publication/6f/co-r21_E_143.vtt",
                "modifiedDatetime": "2021-09-11T04:49:18.000Z",
                "checksum": "b7417a3692a2725cc385f2553b71adf4"
            }
        },
        {
            "progressiveDownloadURL": "https://download-a.akamaihd.net/files/media_publication/16/CO-r21_E_143_r720P.mp4",
            "checksum": "5a554144d75ceb17f0ae0a18b569f3a1",
            "filesize": 65006354,
            "modifiedDatetime": "2021-09-11T04:49:42.000Z",
            "bitRate": 803.1459934196897,
            "duration": 632.341,
            "frameHeight": 720,
            "frameWidth": 1280,
            "label": "720p",
            "frameRate": 23.976,
            "mimetype": "video/mp4",
            "subtitled": false,
            "subtitles": {
                "url": "https://download-a.akamaihd.net/files/media_publication/6f/co-r21_E_143.vtt",
                "modifiedDatetime": "2021-09-11T04:49:18.000Z",
                "checksum": "b7417a3692a2725cc385f2553b71adf4"
            }
        }
    ],
    "printReferences": [
        "co-r21-143.v",
        "co-r21-143"
    ],
    "subtitlesUrl": "https://download-a.akamaihd.net/files/media_publication/6f/co-r21_E_143.vtt",
    "Name": "pub-co-r21_E_143_VIDEO",
    "Title": "Leonard Myers: Imitate Women of Strong Faith!—The Phoenician Woman",
    "UndatedReferenceTitle": "Leonard Myers: Imitate Women of Strong Faith!—The Phoenician Woman",
    "ShortTitle": null,
    "Category": "vod",
    "Year": 2021,
    "Symbol": "2021Convention"
}