{
    "guid": "5ddbfd001b4e58739349c47a",
    "languageAgnosticNaturalKey": "pub-jwbcov_201905_2_VIDEO",
    "naturalKey": "pub-jwbcov_E_201905_2_VIDEO",
    "type": "video",
    "primaryCategory": "2019Convention",
    "description": "",
    "firstPublished": "2020-02-06T15:55:54.516Z",
    "duration": 319.68,
    "durationFormattedHHMM": "5:19",
    "durationFormattedMinSec": "5m 19s",
    "files": [
        {
            "progressiveDownloadURL": "https://download-a.akamaihd.net/files/media_periodical/b3/jwbcov_E_201905_02_r240P.mp4",
            "checksum": "d8e397d1cfb926001ebff6ff81d2a91b",
            "filesize": 9210578,
            "modifiedDatetime": "2020-11-14T11:12:39.000Z",
            "bitRate": 225.09271967279778,
            "duration": 319.68,
            "frameHeight": 234,
            "frameWidth": 416,
            "label": "240p",
            "frameRate": 23.928,
            "mimetype": "video/mp4",
            "subtitled": false,
            "subtitles": {
                "url": "https://download-a.akamaihd.net/files/media_periodical/f4/jwbcov_E_201905_02.vtt",
                "modifiedDatetime": "2020-02-06T14:58:11.000Z",
                "checksum": "7ef59919d602c792d04aab94089f0f67"
            }
        },
        {
            "progressiveDownloadURL": "https://download-a.akamaihd.net/files/media_periodical/82/jwbcov_E_201905_02_r360P.mp4",
            "checksum": "c1babd9e8093f70e48ae63fc86febc39",
            "filesize": 15548039,
            "modifiedDatetime": "2020-02-06T14:57:59.000Z",
            "bitRate": 380.001672707052,
            "duration": 319.654,
            "frameHeight": 360,
            "frameWidth": 640,
            "label": "360p",
            "frameRate": 23.976,
            "mimetype": "video/mp4",
            "subtitled": false,
            "subtitles": {
                "url": "https://download-a.akamaihd.net/files/media_periodical/f4/jwbcov_E_201905_02.vtt",
                "modifiedDatetime": "2020-02-06T14:58:11.000Z",
                "checksum": "7ef59919d602c792d04aab94089f0f67"
            }
        },
        {
            "progressiveDownloadURL": "https://download-a.akamaihd.net/files/media_periodical/cd/jwbcov_E_201905_02_r480P.mp4",
            "checksum": "ed41df3e4fd484dea5c9daa428f04006",
            "filesize": 27487549,
            "modifiedDatetime": "2020-02-06T14:58:03.000Z",
            "bitRate": 671.809132882742,
            "duration": 319.654,
            "frameHeight": 540,
            "frameWidth": 960,
            "label": "480p",
            "frameRate": 23.976,
            "mimetype": "video/mp4",
            "subtitled": false,
            "subtitles": {
                "url": "https://download-a.akamaihd.net/files/media_periodical/f4/jwbcov_E_201905_02.vtt",
                "modifiedDatetime": "2020-02-06T14:58:11.000Z",
                "checksum": "7ef59919d602c792d04aab94089f0f67"
            }
        },
        {
            "progressiveDownloadURL": "https://download-a.akamaihd.net/files/media_periodical/87/jwbcov_E_201905_02_r720P.mp4",
            "checksum": "c951572d87e81341e0df7c176be93e80",
            "filesize": 44563463,
            "modifiedDatetime": "2020-02-06T14:58:06.000Z",
            "bitRate": 1089.1528173822321,
            "duration": 319.654,
            "frameHeight": 720,
            "frameWidth": 1280,
            "label": "720p",
            "frameRate": 23.976,
            "mimetype": "video/mp4",
            "subtitled": false,
            "subtitles": {
                "url": "https://download-a.akamaihd.net/files/media_periodical/f4/jwbcov_E_201905_02.vtt",
                "modifiedDatetime": "2020-02-06T14:58:11.000Z",
                "checksum": "7ef59919d602c792d04aab94089f0f67"
            }
        }
    ],
    "printReferences": [
        "jwbcov.201905-2.v",
        "jwbcov.201905-2"
    ],
    "subtitlesUrl": "https://download-a.akamaihd.net/files/media_periodical/f4/jwbcov_E_201905_02.vtt",
    "Name": "pub-jwbcov_E_201905_2_VIDEO",
    "Title": "“Love Never Fails”—Why?",
    "UndatedReferenceTitle": "“Love Never Fails”—Why?",
    "ShortTitle": null,
    "Category": "vod",
    "Year": 2020,
    "Symbol": "2019Convention"
}