{
    "guid": "607461600524ac0a0af054bd",
    "languageAgnosticNaturalKey": "pub-co-r21_114_VIDEO",
    "naturalKey": "pub-co-r21_E_114_VIDEO",
    "type": "video",
    "primaryCategory": "2021Convention",
    "description": "",
    "firstPublished": "2021-09-13T16:49:34.888Z",
    "duration": 1194.603,
    "durationFormattedHHMM": "19:54",
    "durationFormattedMinSec": "19m 54s",
    "files": [
        {
            "progressiveDownloadURL": "https://download-a.akamaihd.net/files/media_publication/15/CO-r21_E_114_r240P.mp4",
            "checksum": "59edda78e0af0a1f35e1a67a71ff6540",
            "filesize": 19016540,
            "modifiedDatetime": "2021-09-11T05:03:40.000Z",
            "bitRate": 124.36493023205198,
            "duration": 1194.603,
            "frameHeight": 234,
            "frameWidth": 416,
            "label": "240p",
            "frameRate": 23.692,
            "mimetype": "video/mp4",
            "subtitled": false,
            "subtitles": {
                "url": "https://download-a.akamaihd.net/files/media_publication/37/co-r21_E_114.vtt",
                "modifiedDatetime": "2021-09-11T05:03:24.000Z",
                "checksum": "d70a4e341d443396ca407cb377119904"
            }
        },
        {
            "progressiveDownloadURL": "https://download-a.akamaihd.net/files/media_publication/f7/CO-r21_E_114_r360P.mp4",
            "checksum": "6857c6f72f49a6e59871d83c7881f89d",
            "filesize": 38360467,
            "modifiedDatetime": "2021-09-11T05:03:35.000Z",
            "bitRate": 250.87784595084426,
            "duration": 1194.57,
            "frameHeight": 360,
            "frameWidth": 640,
            "label": "360p",
            "frameRate": 23.976,
            "mimetype": "video/mp4",
            "subtitled": false,
            "subtitles": {
                "url": "https://download-a.akamaihd.net/files/media_publication/37/co-r21_E_114.vtt",
                "modifiedDatetime": "2021-09-11T05:03:24.000Z",
                "checksum": "d70a4e341d443396ca407cb377119904"
            }
        },
        {
            "progressiveDownloadURL": "https://download-a.akamaihd.net/files/media_publication/b0/CO-r21_E_114_r480P.mp4",
            "checksum": "ce4f7c478c86e0eb250508688421d1aa",
            "filesize": 68034354,
            "modifiedDatetime": "2021-09-11T05:03:30.000Z",
            "bitRate": 444.9453699866898,
            "duration": 1194.57,
            "frameHeight": 540,
            "frameWidth": 960,
            "label": "480p",
            "frameRate": 23.976,
            "mimetype": "video/mp4",
            "subtitled": false,
            "subtitles": {
                "url": "https://download-a.akamaihd.net/files/media_publication/37/co-r21_E_114.vtt",
                "modifiedDatetime": "2021-09-11T05:03:24.000Z",
                "checksum": "d70a4e341d443396ca407cb377119904"
            }
        },
        {
            "progressiveDownloadURL": "https://download-a.akamaihd.net/files/media_publication/41/CO-r21_E_114_r720P.mp4",
            "checksum": "9b36bf2dcc65257e7dccf47ad03f20d6",
            "filesize": 111747180,
            "modifiedDatetime": "2021-09-11T05:03:25.000Z",
            "bitRate": 730.827698460534,
            "duration": 1194.57,
            "frameHeight": 720,
            "frameWidth": 1280,
            "label": "720p",
            "frameRate": 23.976,
            "mimetype": "video/mp4",
            "subtitled": false,
            "subtitles": {
                "url": "https://download-a.akamaihd.net/files/media_publication/37/co-r21_E_114.vtt",
                "modifiedDatetime": "2021-09-11T05:03:24.000Z",
                "checksum": "d70a4e341d443396ca407cb377119904"
            }
        }
    ],
    "printReferences": [
        "co-r21-114.v",
        "co-r21-114"
    ],
    "subtitlesUrl": "https://download-a.akamaihd.net/files/media_publication/37/co-r21_E_114.vtt",
    "Name": "pub-co-r21_E_114_VIDEO",
    "Title": "David H. Splane: Jehovah’s Powerful Works Inspire Faith",
    "UndatedReferenceTitle": "David H. Splane: Jehovah’s Powerful Works Inspire Faith",
    "ShortTitle": null,
    "Category": "vod",
    "Year": 2021,
    "Symbol": "2021Convention"
}