{
    "guid": "608b0477b738cf2eda3a325e",
    "languageAgnosticNaturalKey": "pub-co-r21_116_VIDEO",
    "naturalKey": "pub-co-r21_E_116_VIDEO",
    "type": "video",
    "primaryCategory": "2021Convention",
    "description": "",
    "firstPublished": "2021-09-13T16:48:13.177Z",
    "duration": 669.782,
    "durationFormattedHHMM": "11:09",
    "durationFormattedMinSec": "11m 9s",
    "files": [
        {
            "progressiveDownloadURL": "https://download-a.akamaihd.net/files/media_publication/67/CO-r21_E_116_r240P.mp4",
            "checksum": "0114af758d651863c8ff288d6826e230",
            "filesize": 12961084,
            "modifiedDatetime": "2021-09-11T04:55:54.000Z",
            "bitRate": 151.18123322215288,
            "duration": 669.782,
            "frameHeight": 234,
            "frameWidth": 416,
            "label": "240p",
            "frameRate": 23.599,
            "mimetype": "video/mp4",
            "subtitled": false,
            "subtitles": {
                "url": "https://download-a.akamaihd.net/files/media_publication/00/co-r21_E_116.vtt",
                "modifiedDatetime": "2021-09-11T04:55:42.000Z",
                "checksum": "ec2b6ca050a2df392d38bfa7bc2c2dd8"
            }
        },
        {
            "progressiveDownloadURL": "https://download-a.akamaihd.net/files/media_publication/ca/CO-r21_E_116_r360P.mp4",
            "checksum": "4571eac60922c3020fa2c6b3f9931019",
            "filesize": 24744121,
            "modifiedDatetime": "2021-09-11T04:55:51.000Z",
            "bitRate": 288.6335062015307,
            "duration": 669.754,
            "frameHeight": 360,
            "frameWidth": 640,
            "label": "360p",
            "frameRate": 23.976,
            "mimetype": "video/mp4",
            "subtitled": false,
            "subtitles": {
                "url": "https://download-a.akamaihd.net/files/media_publication/00/co-r21_E_116.vtt",
                "modifiedDatetime": "2021-09-11T04:55:42.000Z",
                "checksum": "ec2b6ca050a2df392d38bfa7bc2c2dd8"
            }
        },
        {
            "progressiveDownloadURL": "https://download-a.akamaihd.net/files/media_publication/44/CO-r21_E_116_r480P.mp4",
            "checksum": "a73dd88ddaaa57eee2e6c3faf050a5e3",
            "filesize": 43752216,
            "modifiedDatetime": "2021-09-11T04:55:48.000Z",
            "bitRate": 510.35781421238244,
            "duration": 669.754,
            "frameHeight": 540,
            "frameWidth": 960,
            "label": "480p",
            "frameRate": 23.976,
            "mimetype": "video/mp4",
            "subtitled": false,
            "subtitles": {
                "url": "https://download-a.akamaihd.net/files/media_publication/00/co-r21_E_116.vtt",
                "modifiedDatetime": "2021-09-11T04:55:42.000Z",
                "checksum": "ec2b6ca050a2df392d38bfa7bc2c2dd8"
            }
        },
        {
            "progressiveDownloadURL": "https://download-a.akamaihd.net/files/media_publication/59/CO-r21_E_116_r720P.mp4",
            "checksum": "036ee88bcaff635518e7a838076fcead",
            "filesize": 70936591,
            "modifiedDatetime": "2021-09-11T04:55:44.000Z",
            "bitRate": 827.4562259986502,
            "duration": 669.754,
            "frameHeight": 720,
            "frameWidth": 1280,
            "label": "720p",
            "frameRate": 23.976,
            "mimetype": "video/mp4",
            "subtitled": false,
            "subtitles": {
                "url": "https://download-a.akamaihd.net/files/media_publication/00/co-r21_E_116.vtt",
                "modifiedDatetime": "2021-09-11T04:55:42.000Z",
                "checksum": "ec2b6ca050a2df392d38bfa7bc2c2dd8"
            }
        }
    ],
    "printReferences": [
        "co-r21-116.v",
        "co-r21-116"
    ],
    "subtitlesUrl": "https://download-a.akamaihd.net/files/media_publication/00/co-r21_E_116.vtt",
    "Name": "pub-co-r21_E_116_VIDEO",
    "Title": "Gary Breaux: Imitate the Faithful, Not the Faithless—Enoch, Not Lamech",
    "UndatedReferenceTitle": "Gary Breaux: Imitate the Faithful, Not the Faithless—Enoch, Not Lamech",
    "ShortTitle": null,
    "Category": "vod",
    "Year": 2021,
    "Symbol": "2021Convention"
}