{
    "guid": "5a84b2b7b40fbacb53b4b847",
    "languageAgnosticNaturalKey": "pub-jwb_201802_11_VIDEO",
    "naturalKey": "pub-jwb_E_201802_11_VIDEO",
    "type": "video",
    "primaryCategory": "Reports",
    "description": "",
    "firstPublished": "2018-02-19T16:13:48.291Z",
    "duration": 652.783,
    "durationFormattedHHMM": "10:52",
    "durationFormattedMinSec": "10m 52s",
    "files": [
        {
            "progressiveDownloadURL": "https://download-a.akamaihd.net/files/media_periodical/f6/jwb_E_201802_11_r240P.mp4",
            "checksum": "b4ad3da68a10fbdd4ef90d3e56eaf498",
            "filesize": 28956475,
            "modifiedDatetime": "2020-11-23T21:56:51.000Z",
            "bitRate": 346.55078477457283,
            "duration": 652.783,
            "frameHeight": 180,
            "frameWidth": 320,
            "label": "240p",
            "frameRate": 30,
            "mimetype": "video/mp4",
            "subtitled": false,
            "subtitles": {
                "url": "https://download-a.akamaihd.net/files/media_periodical/7f/jwb_E_201802_11_r240P.vtt",
                "modifiedDatetime": "2019-02-23T10:37:10.000Z",
                "checksum": "8756d42e5376840c255bc81cea8607b7"
            }
        },
        {
            "progressiveDownloadURL": "https://download-a.akamaihd.net/files/media_periodical/33/jwb_s-Sub_E_201802_11_r240P.mp4",
            "checksum": "ea90f67c14acc9a5707d5deec253c33c",
            "filesize": 29221069,
            "modifiedDatetime": "2020-11-06T00:37:22.000Z",
            "bitRate": 349.7174429519457,
            "duration": 652.783,
            "frameHeight": 180,
            "frameWidth": 320,
            "label": "240p",
            "frameRate": 29.97,
            "mimetype": "video/mp4",
            "subtitled": true,
            "subtitles": {
                "url": "https://download-a.akamaihd.net/files/media_periodical/7f/jwb_E_201802_11_r240P.vtt",
                "modifiedDatetime": "2019-02-23T10:37:10.000Z",
                "checksum": "8756d42e5376840c255bc81cea8607b7"
            }
        },
        {
            "progressiveDownloadURL": "https://download-a.akamaihd.net/files/media_periodical/58/jwb_E_201802_11_r360P.mp4",
            "checksum": "0300367fe22c4c4fce6b21074e8d043e",
            "filesize": 68127383,
            "modifiedDatetime": "2019-02-23T10:37:18.000Z",
            "bitRate": 815.3869332964808,
            "duration": 652.7516666666667,
            "frameHeight": 360,
            "frameWidth": 640,
            "label": "360p",
            "frameRate": 2205,
            "mimetype": "video/mp4",
            "subtitled": false,
            "subtitles": {
                "url": "https://download-a.akamaihd.net/files/media_periodical/94/jwb_E_201802_11_r360P.vtt",
                "modifiedDatetime": "2019-02-23T10:37:19.000Z",
                "checksum": "8756d42e5376840c255bc81cea8607b7"
            }
        },
        {
            "progressiveDownloadURL": "https://download-a.akamaihd.net/files/media_periodical/0b/jwb_s-Sub_E_201802_11_r360P.mp4",
            "checksum": "39b5f5ca0caeb47ce113ade1c2f5f80b",
            "filesize": 68228507,
            "modifiedDatetime": "2019-02-23T11:15:59.000Z",
            "bitRate": 816.5967002442427,
            "duration": 652.7521,
            "frameHeight": 360,
            "frameWidth": 640,
            "label": "360p",
            "frameRate": 44.056,
            "mimetype": "video/mp4",
            "subtitled": true,
            "subtitles": {
                "url": "https://download-a.akamaihd.net/files/media_periodical/94/jwb_E_201802_11_r360P.vtt",
                "modifiedDatetime": "2019-02-23T10:37:19.000Z",
                "checksum": "8756d42e5376840c255bc81cea8607b7"
            }
        },
        {
            "progressiveDownloadURL": "https://download-a.akamaihd.net/files/media_periodical/dc/jwb_E_201802_11_r480P.mp4",
            "checksum": "9d6f09e241bd332cce75b433f42ff7bc",
            "filesize": 92411830,
            "modifiedDatetime": "2019-02-23T10:37:54.000Z",
            "bitRate": 1106.036887752106,
            "duration": 652.7516666666667,
            "frameHeight": 480,
            "frameWidth": 854,
            "label": "480p",
            "frameRate": 2205,
            "mimetype": "video/mp4",
            "subtitled": false,
            "subtitles": {
                "url": "https://download-a.akamaihd.net/files/media_periodical/55/jwb_E_201802_11_r480P.vtt",
                "modifiedDatetime": "2019-02-23T10:37:55.000Z",
                "checksum": "8756d42e5376840c255bc81cea8607b7"
            }
        },
        {
            "progressiveDownloadURL": "https://download-a.akamaihd.net/files/media_periodical/3e/jwb_s-Sub_E_201802_11_r480P.mp4",
            "checksum": "9ade5d868fc25d664983ee019fb77cf8",
            "filesize": 93022696,
            "modifiedDatetime": "2019-02-23T11:16:11.000Z",
            "bitRate": 1113.3473373735603,
            "duration": 652.7521,
            "frameHeight": 480,
            "frameWidth": 854,
            "label": "480p",
            "frameRate": 44.056,
            "mimetype": "video/mp4",
            "subtitled": true,
            "subtitles": {
                "url": "https://download-a.akamaihd.net/files/media_periodical/55/jwb_E_201802_11_r480P.vtt",
                "modifiedDatetime": "2019-02-23T10:37:55.000Z",
                "checksum": "8756d42e5376840c255bc81cea8607b7"
            }
        },
        {
            "progressiveDownloadURL": "https://download-a.akamaihd.net/files/media_periodical/9e/jwb_E_201802_11_r720P.mp4",
            "checksum": "8956fb19349b5e6c7d7a6a2dd30d483e",
            "filesize": 133537005,
            "modifiedDatetime": "2019-02-23T10:38:53.000Z",
            "bitRate": 1598.246170538311,
            "duration": 652.7516666666667,
            "frameHeight": 720,
            "frameWidth": 1280,
            "label": "720p",
            "frameRate": 2205,
            "mimetype": "video/mp4",
            "subtitled": false,
            "subtitles": {
                "url": "https://download-a.akamaihd.net/files/media_periodical/f3/jwb_E_201802_11_r720P.vtt",
                "modifiedDatetime": "2019-02-23T10:38:53.000Z",
                "checksum": "8756d42e5376840c255bc81cea8607b7"
            }
        },
        {
            "progressiveDownloadURL": "https://download-a.akamaihd.net/files/media_periodical/c1/jwb_s-Sub_E_201802_11_r720P.mp4",
            "checksum": "951d8f95eea493f11aba8e9d65adffa6",
            "filesize": 133202287,
            "modifiedDatetime": "2019-02-23T11:16:32.000Z",
            "bitRate": 1594.23901843824,
            "duration": 652.7521,
            "frameHeight": 720,
            "frameWidth": 1280,
            "label": "720p",
            "frameRate": 44.056,
            "mimetype": "video/mp4",
            "subtitled": true,
            "subtitles": {
                "url": "https://download-a.akamaihd.net/files/media_periodical/f3/jwb_E_201802_11_r720P.vtt",
                "modifiedDatetime": "2019-02-23T10:38:53.000Z",
                "checksum": "8756d42e5376840c255bc81cea8607b7"
            }
        }
    ],
    "printReferences": [
        "jwb.201802-11.v",
        "jwb.201802-11"
    ],
    "subtitlesUrl": "https://download-a.akamaihd.net/files/media_periodical/7f/jwb_E_201802_11_r240P.vtt",
    "Name": "pub-jwb_E_201802_11_VIDEO",
    "Title": "Branch Report: Central America and Cuba",
    "UndatedReferenceTitle": "Branch Report: Central America and Cuba",
    "ShortTitle": null,
    "Category": "vod",
    "Year": 2018,
    "Symbol": "Reports"
}