{
    "guid": "5f85bd930ca056895ecb7b0a",
    "languageAgnosticNaturalKey": "pub-co-r20_125_VIDEO",
    "naturalKey": "pub-co-r20_E_125_VIDEO",
    "type": "video",
    "primaryCategory": "2020Convention",
    "description": "",
    "firstPublished": "2020-12-01T23:45:08.741Z",
    "duration": 726.394,
    "durationFormattedHHMM": "12:06",
    "durationFormattedMinSec": "12m 6s",
    "files": [
        {
            "progressiveDownloadURL": "https://download-a.akamaihd.net/files/media_publication/22/CO-r20_E_125_r240P.mp4",
            "checksum": "dcbe57690c1f051aa027c251ebf03406",
            "filesize": 19467004,
            "modifiedDatetime": "2020-11-30T22:45:56.000Z",
            "bitRate": 209.37117975919404,
            "duration": 726.394,
            "frameHeight": 234,
            "frameWidth": 416,
            "label": "240p",
            "frameRate": 23.786,
            "mimetype": "video/mp4",
            "subtitled": false,
            "subtitles": {
                "url": "https://download-a.akamaihd.net/files/media_publication/fe/co-r20_E_125.vtt",
                "modifiedDatetime": "2020-11-30T22:46:12.000Z",
                "checksum": "1cb75cb074a644878188adbdabe63e92"
            }
        },
        {
            "progressiveDownloadURL": "https://download-a.akamaihd.net/files/media_publication/7f/CO-r20_E_125_r360P.mp4",
            "checksum": "bc5961962e5b250cc80a930eb4a4c00a",
            "filesize": 26412137,
            "modifiedDatetime": "2020-11-30T22:45:59.000Z",
            "bitRate": 284.06735230811375,
            "duration": 726.394,
            "frameHeight": 360,
            "frameWidth": 640,
            "label": "360p",
            "frameRate": 23.976,
            "mimetype": "video/mp4",
            "subtitled": false,
            "subtitles": {
                "url": "https://download-a.akamaihd.net/files/media_publication/fe/co-r20_E_125.vtt",
                "modifiedDatetime": "2020-11-30T22:46:12.000Z",
                "checksum": "1cb75cb074a644878188adbdabe63e92"
            }
        },
        {
            "progressiveDownloadURL": "https://download-a.akamaihd.net/files/media_publication/df/CO-r20_E_125_r480P.mp4",
            "checksum": "db34f42db7bd77a02e3ead4976624ca5",
            "filesize": 45377415,
            "modifiedDatetime": "2020-11-30T22:46:01.000Z",
            "bitRate": 488.0423773978034,
            "duration": 726.394,
            "frameHeight": 540,
            "frameWidth": 960,
            "label": "480p",
            "frameRate": 23.976,
            "mimetype": "video/mp4",
            "subtitled": false,
            "subtitles": {
                "url": "https://download-a.akamaihd.net/files/media_publication/fe/co-r20_E_125.vtt",
                "modifiedDatetime": "2020-11-30T22:46:12.000Z",
                "checksum": "1cb75cb074a644878188adbdabe63e92"
            }
        },
        {
            "progressiveDownloadURL": "https://download-a.akamaihd.net/files/media_publication/a0/CO-r20_E_125_r720P.mp4",
            "checksum": "55a29cdb1a5080dcc7e10fe9af8e3dc3",
            "filesize": 72799263,
            "modifiedDatetime": "2020-11-30T22:46:03.000Z",
            "bitRate": 782.9693557318756,
            "duration": 726.394,
            "frameHeight": 720,
            "frameWidth": 1280,
            "label": "720p",
            "frameRate": 23.976,
            "mimetype": "video/mp4",
            "subtitled": false,
            "subtitles": {
                "url": "https://download-a.akamaihd.net/files/media_publication/fe/co-r20_E_125.vtt",
                "modifiedDatetime": "2020-11-30T22:46:12.000Z",
                "checksum": "1cb75cb074a644878188adbdabe63e92"
            }
        }
    ],
    "printReferences": [
        "co-r20-125.v",
        "co-r20-125"
    ],
    "subtitlesUrl": "https://download-a.akamaihd.net/files/media_publication/fe/co-r20_E_125.vtt",
    "Name": "pub-co-r20_E_125_VIDEO",
    "Title": "Gary Breaux: Experience the Joy of Disciple-Making—Improve Your Skills—Reaching the Heart",
    "UndatedReferenceTitle": "Gary Breaux: Experience the Joy of Disciple-Making—Improve Your Skills—Reaching the Heart",
    "ShortTitle": null,
    "Category": "vod",
    "Year": 2020,
    "Symbol": "2020Convention"
}