{
    "guid": "624c84d3dedf1bc78910a6b0",
    "languageAgnosticNaturalKey": "pub-co-r22_111_VIDEO",
    "naturalKey": "pub-co-r22_E_111_VIDEO",
    "type": "video",
    "primaryCategory": "2022Convention",
    "description": "",
    "firstPublished": "2022-07-04T15:27:40.524Z",
    "duration": 584.598,
    "durationFormattedHHMM": "9:44",
    "durationFormattedMinSec": "9m 44s",
    "files": [
        {
            "progressiveDownloadURL": "https://download-a.akamaihd.net/files/media_publication/56/CO-r22_E_111_r240P.mp4",
            "checksum": "26557630848e6f5f1885807f12151584",
            "filesize": 15378426,
            "modifiedDatetime": "2022-08-17T15:20:02.000Z",
            "bitRate": 205.51550488540846,
            "duration": 584.598,
            "frameHeight": 234,
            "frameWidth": 416,
            "label": "240p",
            "frameRate": 23.976,
            "mimetype": "video/mp4",
            "subtitled": false,
            "subtitles": {
                "url": "https://download-a.akamaihd.net/files/media_publication/03/CO-r22_E_111.vtt",
                "modifiedDatetime": "2022-08-17T15:19:55.000Z",
                "checksum": "28e1feaa313eefd11fc30777fb9afa66"
            }
        },
        {
            "progressiveDownloadURL": "https://download-a.akamaihd.net/files/media_publication/ee/CO-r22_E_111_r360P.mp4",
            "checksum": "2f08c0209c427a5d6a666e408de8885b",
            "filesize": 25293153,
            "modifiedDatetime": "2022-08-17T15:20:10.000Z",
            "bitRate": 338.01476880266443,
            "duration": 584.598,
            "frameHeight": 360,
            "frameWidth": 640,
            "label": "360p",
            "frameRate": 23.976,
            "mimetype": "video/mp4",
            "subtitled": false,
            "subtitles": {
                "url": "https://download-a.akamaihd.net/files/media_publication/03/CO-r22_E_111.vtt",
                "modifiedDatetime": "2022-08-17T15:19:55.000Z",
                "checksum": "28e1feaa313eefd11fc30777fb9afa66"
            }
        },
        {
            "progressiveDownloadURL": "https://download-a.akamaihd.net/files/media_publication/fe/CO-r22_E_111_r480P.mp4",
            "checksum": "e65e81cfa1d50ad2608b9b613851d822",
            "filesize": 48520782,
            "modifiedDatetime": "2022-08-17T15:20:20.000Z",
            "bitRate": 648.426113970626,
            "duration": 584.598,
            "frameHeight": 540,
            "frameWidth": 960,
            "label": "480p",
            "frameRate": 23.976,
            "mimetype": "video/mp4",
            "subtitled": false,
            "subtitles": {
                "url": "https://download-a.akamaihd.net/files/media_publication/03/CO-r22_E_111.vtt",
                "modifiedDatetime": "2022-08-17T15:19:55.000Z",
                "checksum": "28e1feaa313eefd11fc30777fb9afa66"
            }
        },
        {
            "progressiveDownloadURL": "https://download-a.akamaihd.net/files/media_publication/02/CO-r22_E_111_r720P.mp4",
            "checksum": "41fa495b85b67fc4506b01930f2cf0cc",
            "filesize": 85787651,
            "modifiedDatetime": "2022-08-17T15:20:31.000Z",
            "bitRate": 1146.4562373417289,
            "duration": 584.598,
            "frameHeight": 720,
            "frameWidth": 1280,
            "label": "720p",
            "frameRate": 23.976,
            "mimetype": "video/mp4",
            "subtitled": false,
            "subtitles": {
                "url": "https://download-a.akamaihd.net/files/media_publication/03/CO-r22_E_111.vtt",
                "modifiedDatetime": "2022-08-17T15:19:55.000Z",
                "checksum": "28e1feaa313eefd11fc30777fb9afa66"
            }
        }
    ],
    "printReferences": [
        "co-r22-111.v",
        "co-r22-111"
    ],
    "subtitlesUrl": "https://download-a.akamaihd.net/files/media_publication/03/CO-r22_E_111.vtt",
    "Name": "pub-co-r22_E_111_VIDEO",
    "Title": "Gerrit Lösch: Take Delight in God’s Promises of Peace—“He Will Swallow Up Death Forever”",
    "UndatedReferenceTitle": "Gerrit Lösch: Take Delight in God’s Promises of Peace—“He Will Swallow Up Death Forever”",
    "ShortTitle": null,
    "Category": "vod",
    "Year": 2022,
    "Symbol": "2022Convention"
}