{
    "guid": "624c84d3dedf1bc78910a6b0",
    "languageAgnosticNaturalKey": "pub-co-r22_111_VIDEO",
    "naturalKey": "pub-co-r22_E_111_VIDEO",
    "type": "video",
    "primaryCategory": "2022Convention",
    "description": "",
    "firstPublished": "2022-07-04T15:27:40.524Z",
    "duration": 596.886,
    "durationFormattedHHMM": "9:56",
    "durationFormattedMinSec": "9m 56s",
    "files": [
        {
            "progressiveDownloadURL": "https://download-a.akamaihd.net/files/media_publication/56/CO-r22_E_111_r240P.mp4",
            "checksum": "cf6ab17a85945a80bfb0620bc101f902",
            "filesize": 13087053,
            "modifiedDatetime": "2022-07-03T22:21:21.000Z",
            "bitRate": 171.2933484157779,
            "duration": 596.886,
            "frameHeight": 234,
            "frameWidth": 416,
            "label": "240p",
            "frameRate": 23.976,
            "mimetype": "video/mp4",
            "subtitled": false,
            "subtitles": {
                "url": "https://download-a.akamaihd.net/files/media_publication/03/CO-r22_E_111.vtt",
                "modifiedDatetime": "2022-07-03T22:21:23.000Z",
                "checksum": "b31417b660527aab0056f6d0830abc7d"
            }
        },
        {
            "progressiveDownloadURL": "https://download-a.akamaihd.net/files/media_publication/ee/CO-r22_E_111_r360P.mp4",
            "checksum": "93090b9b98a31e914214a51824d8cce3",
            "filesize": 24301198,
            "modifiedDatetime": "2022-07-03T22:21:24.000Z",
            "bitRate": 318.08436993184375,
            "duration": 596.864,
            "frameHeight": 360,
            "frameWidth": 640,
            "label": "360p",
            "frameRate": 23.976,
            "mimetype": "video/mp4",
            "subtitled": false,
            "subtitles": {
                "url": "https://download-a.akamaihd.net/files/media_publication/03/CO-r22_E_111.vtt",
                "modifiedDatetime": "2022-07-03T22:21:23.000Z",
                "checksum": "b31417b660527aab0056f6d0830abc7d"
            }
        },
        {
            "progressiveDownloadURL": "https://download-a.akamaihd.net/files/media_publication/fe/CO-r22_E_111_r480P.mp4",
            "checksum": "63b41056aeb098aff58f1b7730d5bd82",
            "filesize": 45486803,
            "modifiedDatetime": "2022-07-03T22:21:19.000Z",
            "bitRate": 595.3879752129463,
            "duration": 596.864,
            "frameHeight": 540,
            "frameWidth": 960,
            "label": "480p",
            "frameRate": 23.976,
            "mimetype": "video/mp4",
            "subtitled": false,
            "subtitles": {
                "url": "https://download-a.akamaihd.net/files/media_publication/03/CO-r22_E_111.vtt",
                "modifiedDatetime": "2022-07-03T22:21:23.000Z",
                "checksum": "b31417b660527aab0056f6d0830abc7d"
            }
        },
        {
            "progressiveDownloadURL": "https://download-a.akamaihd.net/files/media_publication/02/CO-r22_E_111_r720P.mp4",
            "checksum": "b114cd41c40cd9ce8073ac93f1f01f25",
            "filesize": 80570423,
            "modifiedDatetime": "2022-07-03T22:21:14.000Z",
            "bitRate": 1054.6061241547488,
            "duration": 596.864,
            "frameHeight": 720,
            "frameWidth": 1280,
            "label": "720p",
            "frameRate": 23.976,
            "mimetype": "video/mp4",
            "subtitled": false,
            "subtitles": {
                "url": "https://download-a.akamaihd.net/files/media_publication/03/CO-r22_E_111.vtt",
                "modifiedDatetime": "2022-07-03T22:21:23.000Z",
                "checksum": "b31417b660527aab0056f6d0830abc7d"
            }
        }
    ],
    "printReferences": [
        "co-r22-111.v",
        "co-r22-111"
    ],
    "subtitlesUrl": "https://download-a.akamaihd.net/files/media_publication/03/CO-r22_E_111.vtt",
    "Name": "pub-co-r22_E_111_VIDEO",
    "Title": "Gerrit Lösch: Take Delight in God’s Promises of Peace—“He Will Swallow Up Death Forever”",
    "UndatedReferenceTitle": "Gerrit Lösch: Take Delight in God’s Promises of Peace—“He Will Swallow Up Death Forever”",
    "ShortTitle": null,
    "Category": "vod",
    "Year": 2022,
    "Symbol": "2022Convention"
}