{
    "guid": "62cddfc45649d905f6027002",
    "languageAgnosticNaturalKey": "pub-jwbcov22_8_VIDEO",
    "naturalKey": "pub-jwbcov22_E_8_VIDEO",
    "type": "video",
    "primaryCategory": "FamilyChallenges",
    "description": "",
    "firstPublished": "2022-09-13T00:47:20.417Z",
    "duration": 162.539,
    "durationFormattedHHMM": "2:42",
    "durationFormattedMinSec": "2m 42s",
    "files": [
        {
            "progressiveDownloadURL": "https://download-a.akamaihd.net/files/media_publication/eb/jwbcov22_E_08_r240P.mp4",
            "checksum": "8c91170cdaef2e15d790a97686e78f8d",
            "filesize": 5279522,
            "modifiedDatetime": "2022-09-11T21:00:53.000Z",
            "bitRate": 253.7622701320914,
            "duration": 162.539,
            "frameHeight": 234,
            "frameWidth": 416,
            "label": "240p",
            "frameRate": 23.976,
            "mimetype": "video/mp4",
            "subtitled": false,
            "subtitles": {
                "url": "https://download-a.akamaihd.net/files/media_publication/de/jwbcov22_E_08.vtt",
                "modifiedDatetime": "2022-09-11T21:01:11.000Z",
                "checksum": "1835d99c7f4c7e082ca90dd913635be1"
            }
        },
        {
            "progressiveDownloadURL": "https://download-a.akamaihd.net/files/media_publication/c0/jwbcov22_E_08_r360P.mp4",
            "checksum": "3b618ed0e1cfd2cab01c0d9996be9067",
            "filesize": 13358614,
            "modifiedDatetime": "2022-09-11T21:00:43.000Z",
            "bitRate": 642.0869568226703,
            "duration": 162.539,
            "frameHeight": 360,
            "frameWidth": 640,
            "label": "360p",
            "frameRate": 23.976,
            "mimetype": "video/mp4",
            "subtitled": false,
            "subtitles": {
                "url": "https://download-a.akamaihd.net/files/media_publication/de/jwbcov22_E_08.vtt",
                "modifiedDatetime": "2022-09-11T21:01:11.000Z",
                "checksum": "1835d99c7f4c7e082ca90dd913635be1"
            }
        },
        {
            "progressiveDownloadURL": "https://download-a.akamaihd.net/files/media_publication/61/jwbcov22_E_08_r480P.mp4",
            "checksum": "d49f423b9d53560ebfd5832df96c0ac7",
            "filesize": 26150637,
            "modifiedDatetime": "2022-09-11T21:00:40.000Z",
            "bitRate": 1256.9404977420804,
            "duration": 162.539,
            "frameHeight": 540,
            "frameWidth": 960,
            "label": "480p",
            "frameRate": 23.976,
            "mimetype": "video/mp4",
            "subtitled": false,
            "subtitles": {
                "url": "https://download-a.akamaihd.net/files/media_publication/de/jwbcov22_E_08.vtt",
                "modifiedDatetime": "2022-09-11T21:01:11.000Z",
                "checksum": "1835d99c7f4c7e082ca90dd913635be1"
            }
        },
        {
            "progressiveDownloadURL": "https://download-a.akamaihd.net/files/media_publication/5d/jwbcov22_E_08_r720P.mp4",
            "checksum": "5f71e727d25e817dafc3be5d959fcecc",
            "filesize": 45864826,
            "modifiedDatetime": "2022-09-11T21:00:37.000Z",
            "bitRate": 2204.510628987505,
            "duration": 162.539,
            "frameHeight": 720,
            "frameWidth": 1280,
            "label": "720p",
            "frameRate": 23.976,
            "mimetype": "video/mp4",
            "subtitled": false,
            "subtitles": {
                "url": "https://download-a.akamaihd.net/files/media_publication/de/jwbcov22_E_08.vtt",
                "modifiedDatetime": "2022-09-11T21:01:11.000Z",
                "checksum": "1835d99c7f4c7e082ca90dd913635be1"
            }
        }
    ],
    "printReferences": [
        "jwbcov22-8.v",
        "jwbcov22-8"
    ],
    "subtitlesUrl": "https://download-a.akamaihd.net/files/media_publication/de/jwbcov22_E_08.vtt",
    "Name": "pub-jwbcov22_E_8_VIDEO",
    "Title": "Do Not Be Misled by Imitation Peace!—Chibisa Selemani",
    "UndatedReferenceTitle": "Do Not Be Misled by Imitation Peace!—Chibisa Selemani",
    "ShortTitle": null,
    "Category": "vod",
    "Year": 2022,
    "Symbol": "FamilyChallenges"
}