{
    "guid": "6262b7b8b685ba3441660b19",
    "languageAgnosticNaturalKey": "pub-co-r22_4_VIDEO",
    "naturalKey": "pub-co-r22_E_4_VIDEO",
    "type": "video",
    "primaryCategory": "2022Convention",
    "description": "",
    "firstPublished": "2022-07-04T15:18:56.177Z",
    "duration": 6797.248,
    "durationFormattedHHMM": "1:53:17",
    "durationFormattedMinSec": "1h 53m 17s",
    "files": [
        {
            "progressiveDownloadURL": "https://download-a.akamaihd.net/files/media_publication/ff/CO-r22_E_04_r240P.mp4",
            "checksum": "7ab4ff87ea355f3258b42de6415ee171",
            "filesize": 63452352,
            "modifiedDatetime": "2022-07-03T22:18:51.000Z",
            "bitRate": 72.92973568126395,
            "duration": 6797.248,
            "frameHeight": 234,
            "frameWidth": 416,
            "label": "240p",
            "frameRate": 23.976,
            "mimetype": "video/mp4",
            "subtitled": false,
            "subtitles": {
                "url": "https://download-a.akamaihd.net/files/media_publication/c0/CO-r22_E_04.vtt",
                "modifiedDatetime": "2022-07-03T22:19:36.000Z",
                "checksum": "9fa471de793e6cd9ca60c2866e754de8"
            }
        },
        {
            "progressiveDownloadURL": "https://download-a.akamaihd.net/files/media_publication/87/CO-r22_E_04_r360P.mp4",
            "checksum": "947fbba5cc056af93d7c59d1414caabb",
            "filesize": 263297627,
            "modifiedDatetime": "2022-07-03T22:19:22.000Z",
            "bitRate": 302.62527806376045,
            "duration": 6797.227,
            "frameHeight": 360,
            "frameWidth": 640,
            "label": "360p",
            "frameRate": 23.976,
            "mimetype": "video/mp4",
            "subtitled": false,
            "subtitles": {
                "url": "https://download-a.akamaihd.net/files/media_publication/c0/CO-r22_E_04.vtt",
                "modifiedDatetime": "2022-07-03T22:19:36.000Z",
                "checksum": "9fa471de793e6cd9ca60c2866e754de8"
            }
        },
        {
            "progressiveDownloadURL": "https://download-a.akamaihd.net/files/media_publication/37/CO-r22_E_04_r480P.mp4",
            "checksum": "7e18da9f58901e694b23fbae2bec0b3b",
            "filesize": 480237109,
            "modifiedDatetime": "2022-07-03T22:19:10.000Z",
            "bitRate": 551.9680914088201,
            "duration": 6797.227,
            "frameHeight": 540,
            "frameWidth": 960,
            "label": "480p",
            "frameRate": 23.976,
            "mimetype": "video/mp4",
            "subtitled": false,
            "subtitles": {
                "url": "https://download-a.akamaihd.net/files/media_publication/c0/CO-r22_E_04.vtt",
                "modifiedDatetime": "2022-07-03T22:19:36.000Z",
                "checksum": "9fa471de793e6cd9ca60c2866e754de8"
            }
        },
        {
            "progressiveDownloadURL": "https://download-a.akamaihd.net/files/media_publication/b8/CO-r22_E_04_r720P.mp4",
            "checksum": "84fc3d60251749bd91c24c6bbb7ed4d1",
            "filesize": 816250734,
            "modifiedDatetime": "2022-07-03T22:18:54.000Z",
            "bitRate": 938.1706480267616,
            "duration": 6797.227,
            "frameHeight": 720,
            "frameWidth": 1280,
            "label": "720p",
            "frameRate": 23.976,
            "mimetype": "video/mp4",
            "subtitled": false,
            "subtitles": {
                "url": "https://download-a.akamaihd.net/files/media_publication/c0/CO-r22_E_04.vtt",
                "modifiedDatetime": "2022-07-03T22:19:36.000Z",
                "checksum": "9fa471de793e6cd9ca60c2866e754de8"
            }
        }
    ],
    "printReferences": [
        "co-r22-4.v",
        "co-r22-4"
    ],
    "subtitlesUrl": "https://download-a.akamaihd.net/files/media_publication/c0/CO-r22_E_04.vtt",
    "Name": "pub-co-r22_E_4_VIDEO",
    "Title": "2022 “Pursue Peace”! Convention: Friday Afternoon Session—Part 2",
    "UndatedReferenceTitle": "2022 “Pursue Peace”! Convention: Friday Afternoon Session—Part 2",
    "ShortTitle": null,
    "Category": "vod",
    "Year": 2022,
    "Symbol": "2022Convention"
}