{
    "guid": "5f7283d70ca056895e828276",
    "languageAgnosticNaturalKey": "pub-lffv_151_VIDEO",
    "naturalKey": "pub-lffv_E_151_VIDEO",
    "type": "video",
    "primaryCategory": "Other",
    "description": "",
    "firstPublished": "2021-01-13T18:29:04.774Z",
    "duration": 183.793,
    "durationFormattedHHMM": "3:03",
    "durationFormattedMinSec": "3m 3s",
    "files": [
        {
            "progressiveDownloadURL": "https://download-a.akamaihd.net/files/media_publication/6c/lffv_E_151_r240P.mp4",
            "checksum": "97120bcafb0c3fbe3a53ffb94226556a",
            "filesize": 4271029,
            "modifiedDatetime": "2021-01-13T03:28:26.000Z",
            "bitRate": 181.51234326551705,
            "duration": 183.83,
            "frameHeight": 234,
            "frameWidth": 416,
            "label": "240p",
            "frameRate": 29.155,
            "mimetype": "video/mp4",
            "subtitled": false,
            "subtitles": {
                "url": "https://download-a.akamaihd.net/files/media_publication/4c/lffv_E_151.vtt",
                "modifiedDatetime": "2021-01-13T03:28:36.000Z",
                "checksum": "86e914152570bc94a7d831b63c5cafb4"
            }
        },
        {
            "progressiveDownloadURL": "https://download-a.akamaihd.net/files/media_publication/5c/lffv_E_151_r360P.mp4",
            "checksum": "9d6e87e8a9c9be8cf380ae7eeb08b716",
            "filesize": 8482695,
            "modifiedDatetime": "2021-01-13T03:28:27.000Z",
            "bitRate": 360.5744216999559,
            "duration": 183.793,
            "frameHeight": 360,
            "frameWidth": 640,
            "label": "360p",
            "frameRate": 29.97,
            "mimetype": "video/mp4",
            "subtitled": false,
            "subtitles": {
                "url": "https://download-a.akamaihd.net/files/media_publication/4c/lffv_E_151.vtt",
                "modifiedDatetime": "2021-01-13T03:28:36.000Z",
                "checksum": "86e914152570bc94a7d831b63c5cafb4"
            }
        },
        {
            "progressiveDownloadURL": "https://download-a.akamaihd.net/files/media_publication/96/lffv_E_151_r480P.mp4",
            "checksum": "e0d80c61d5ea121f97de16ee385877b7",
            "filesize": 15381704,
            "modifiedDatetime": "2021-01-13T03:28:30.000Z",
            "bitRate": 653.8310082538508,
            "duration": 183.793,
            "frameHeight": 540,
            "frameWidth": 960,
            "label": "480p",
            "frameRate": 29.97,
            "mimetype": "video/mp4",
            "subtitled": false,
            "subtitles": {
                "url": "https://download-a.akamaihd.net/files/media_publication/4c/lffv_E_151.vtt",
                "modifiedDatetime": "2021-01-13T03:28:36.000Z",
                "checksum": "86e914152570bc94a7d831b63c5cafb4"
            }
        },
        {
            "progressiveDownloadURL": "https://download-a.akamaihd.net/files/media_publication/7e/lffv_E_151_r720P.mp4",
            "checksum": "265c45d909086ae447beae81fe5d88e5",
            "filesize": 27081612,
            "modifiedDatetime": "2021-01-13T03:28:33.000Z",
            "bitRate": 1151.1596946020795,
            "duration": 183.793,
            "frameHeight": 720,
            "frameWidth": 1280,
            "label": "720p",
            "frameRate": 29.97,
            "mimetype": "video/mp4",
            "subtitled": false,
            "subtitles": {
                "url": "https://download-a.akamaihd.net/files/media_publication/4c/lffv_E_151.vtt",
                "modifiedDatetime": "2021-01-13T03:28:36.000Z",
                "checksum": "86e914152570bc94a7d831b63c5cafb4"
            }
        }
    ],
    "printReferences": [
        "lffv-151.v",
        "lffv-151"
    ],
    "subtitlesUrl": "https://download-a.akamaihd.net/files/media_publication/4c/lffv_E_151.vtt",
    "Name": "pub-lffv_E_151_VIDEO",
    "Title": "Jesus Fulfills Prophecy",
    "UndatedReferenceTitle": "Jesus Fulfills Prophecy",
    "ShortTitle": null,
    "Category": "vod",
    "Year": 2021,
    "Symbol": "Other"
}