{
    "guid": "608715c90524ac0a0a239ca6",
    "languageAgnosticNaturalKey": "pub-co-r21_111_VIDEO",
    "naturalKey": "pub-co-r21_E_111_VIDEO",
    "type": "video",
    "primaryCategory": "2021Convention",
    "description": "",
    "firstPublished": "2021-09-13T16:51:00.338Z",
    "duration": 529.067,
    "durationFormattedHHMM": "8:49",
    "durationFormattedMinSec": "8m 49s",
    "files": [
        {
            "progressiveDownloadURL": "https://download-a.akamaihd.net/files/media_publication/d7/CO-r21_E_111_r240P.mp4",
            "checksum": "4dbc9cc02f95ad0b038aac15cb5950bb",
            "filesize": 11181523,
            "modifiedDatetime": "2021-09-11T04:59:03.000Z",
            "bitRate": 165.11263873479163,
            "duration": 529.067,
            "frameHeight": 234,
            "frameWidth": 416,
            "label": "240p",
            "frameRate": 23.576,
            "mimetype": "video/mp4",
            "subtitled": false,
            "subtitles": {
                "url": "https://download-a.akamaihd.net/files/media_publication/7e/co-r21_E_111.vtt",
                "modifiedDatetime": "2021-09-11T04:59:24.000Z",
                "checksum": "8dfecb06ef3357f8cc0c2c19dc6d4198"
            }
        },
        {
            "progressiveDownloadURL": "https://download-a.akamaihd.net/files/media_publication/0c/CO-r21_E_111_r360P.mp4",
            "checksum": "ef38d890dc1a68e794a30a33fadec4f4",
            "filesize": 22264036,
            "modifiedDatetime": "2021-09-11T04:59:35.000Z",
            "bitRate": 328.7862337674612,
            "duration": 529.03,
            "frameHeight": 360,
            "frameWidth": 640,
            "label": "360p",
            "frameRate": 23.976,
            "mimetype": "video/mp4",
            "subtitled": false,
            "subtitles": {
                "url": "https://download-a.akamaihd.net/files/media_publication/7e/co-r21_E_111.vtt",
                "modifiedDatetime": "2021-09-11T04:59:24.000Z",
                "checksum": "8dfecb06ef3357f8cc0c2c19dc6d4198"
            }
        },
        {
            "progressiveDownloadURL": "https://download-a.akamaihd.net/files/media_publication/b3/CO-r21_E_111_r480P.mp4",
            "checksum": "da8716efda5d494820611b52517a54ee",
            "filesize": 42682373,
            "modifiedDatetime": "2021-09-11T04:59:33.000Z",
            "bitRate": 630.3159349422529,
            "duration": 529.03,
            "frameHeight": 540,
            "frameWidth": 960,
            "label": "480p",
            "frameRate": 23.976,
            "mimetype": "video/mp4",
            "subtitled": false,
            "subtitles": {
                "url": "https://download-a.akamaihd.net/files/media_publication/7e/co-r21_E_111.vtt",
                "modifiedDatetime": "2021-09-11T04:59:24.000Z",
                "checksum": "8dfecb06ef3357f8cc0c2c19dc6d4198"
            }
        },
        {
            "progressiveDownloadURL": "https://download-a.akamaihd.net/files/media_publication/f7/CO-r21_E_111_r720P.mp4",
            "checksum": "0713a58e9b7bbc11a942faf6dcd7c475",
            "filesize": 74308455,
            "modifiedDatetime": "2021-09-11T04:59:29.000Z",
            "bitRate": 1097.3570585552804,
            "duration": 529.03,
            "frameHeight": 720,
            "frameWidth": 1280,
            "label": "720p",
            "frameRate": 23.976,
            "mimetype": "video/mp4",
            "subtitled": false,
            "subtitles": {
                "url": "https://download-a.akamaihd.net/files/media_publication/7e/co-r21_E_111.vtt",
                "modifiedDatetime": "2021-09-11T04:59:24.000Z",
                "checksum": "8dfecb06ef3357f8cc0c2c19dc6d4198"
            }
        }
    ],
    "printReferences": [
        "co-r21-111.v",
        "co-r21-111"
    ],
    "subtitlesUrl": "https://download-a.akamaihd.net/files/media_publication/7e/co-r21_E_111.vtt",
    "Name": "pub-co-r21_E_111_VIDEO",
    "Title": "Leonard Myers: Use Creation to Build Your Faith—Wind and Water",
    "UndatedReferenceTitle": "Leonard Myers: Use Creation to Build Your Faith—Wind and Water",
    "ShortTitle": null,
    "Category": "vod",
    "Year": 2021,
    "Symbol": "2021Convention"
}