{
    "guid": "6282c6da2b229f0b1cd9723b",
    "languageAgnosticNaturalKey": "pub-co-r22_8_VIDEO",
    "naturalKey": "pub-co-r22_E_8_VIDEO",
    "type": "video",
    "primaryCategory": "2022Convention",
    "description": "",
    "firstPublished": "2022-07-25T13:05:24.829Z",
    "duration": 5551.488,
    "durationFormattedHHMM": "1:32:31",
    "durationFormattedMinSec": "1h 32m 31s",
    "files": [
        {
            "progressiveDownloadURL": "https://download-a.akamaihd.net/files/media_publication/52/CO-r22_E_08_r240P.mp4",
            "checksum": "53bdfc81fb08a1664d252fab0b1fb2c6",
            "filesize": 63549312,
            "modifiedDatetime": "2022-07-24T16:14:09.000Z",
            "bitRate": 89.43169831223628,
            "duration": 5551.488,
            "frameHeight": 234,
            "frameWidth": 416,
            "label": "240p",
            "frameRate": 23.976,
            "mimetype": "video/mp4",
            "subtitled": false,
            "subtitles": {
                "url": "https://download-a.akamaihd.net/files/media_publication/59/CO-r22_E_08.vtt",
                "modifiedDatetime": "2022-07-24T16:13:27.000Z",
                "checksum": "646429e32ef02893600f31c427ff02b7"
            }
        },
        {
            "progressiveDownloadURL": "https://download-a.akamaihd.net/files/media_publication/ae/CO-r22_E_08_r360P.mp4",
            "checksum": "4d9e9627087687bfe908fd0c6b08c041",
            "filesize": 184471157,
            "modifiedDatetime": "2022-07-24T16:14:02.000Z",
            "bitRate": 259.60361721730493,
            "duration": 5551.467,
            "frameHeight": 360,
            "frameWidth": 640,
            "label": "360p",
            "frameRate": 23.976,
            "mimetype": "video/mp4",
            "subtitled": false,
            "subtitles": {
                "url": "https://download-a.akamaihd.net/files/media_publication/59/CO-r22_E_08.vtt",
                "modifiedDatetime": "2022-07-24T16:13:27.000Z",
                "checksum": "646429e32ef02893600f31c427ff02b7"
            }
        },
        {
            "progressiveDownloadURL": "https://download-a.akamaihd.net/files/media_publication/81/CO-r22_E_08_r480P.mp4",
            "checksum": "9b6713a4823f448e0b9904f102942221",
            "filesize": 333341764,
            "modifiedDatetime": "2022-07-24T16:13:50.000Z",
            "bitRate": 469.1070902970332,
            "duration": 5551.467,
            "frameHeight": 540,
            "frameWidth": 960,
            "label": "480p",
            "frameRate": 23.976,
            "mimetype": "video/mp4",
            "subtitled": false,
            "subtitles": {
                "url": "https://download-a.akamaihd.net/files/media_publication/59/CO-r22_E_08.vtt",
                "modifiedDatetime": "2022-07-24T16:13:27.000Z",
                "checksum": "646429e32ef02893600f31c427ff02b7"
            }
        },
        {
            "progressiveDownloadURL": "https://download-a.akamaihd.net/files/media_publication/fc/CO-r22_E_08_r720P.mp4",
            "checksum": "04d1349d1f52c90f6d1a93bf6002deb5",
            "filesize": 570435263,
            "modifiedDatetime": "2022-07-24T16:13:38.000Z",
            "bitRate": 802.7653757443753,
            "duration": 5551.467,
            "frameHeight": 720,
            "frameWidth": 1280,
            "label": "720p",
            "frameRate": 23.976,
            "mimetype": "video/mp4",
            "subtitled": false,
            "subtitles": {
                "url": "https://download-a.akamaihd.net/files/media_publication/59/CO-r22_E_08.vtt",
                "modifiedDatetime": "2022-07-24T16:13:27.000Z",
                "checksum": "646429e32ef02893600f31c427ff02b7"
            }
        }
    ],
    "printReferences": [
        "co-r22-8.v",
        "co-r22-8"
    ],
    "subtitlesUrl": "https://download-a.akamaihd.net/files/media_publication/59/CO-r22_E_08.vtt",
    "Name": "pub-co-r22_E_8_VIDEO",
    "Title": "2022 “Pursue Peace”! Convention: Saturday Afternoon Session—Part 2",
    "UndatedReferenceTitle": "2022 “Pursue Peace”! Convention: Saturday Afternoon Session—Part 2",
    "ShortTitle": null,
    "Category": "vod",
    "Year": 2022,
    "Symbol": "2022Convention"
}