{
    "guid": "606f10c30524ac0a0ae43e3d",
    "languageAgnosticNaturalKey": "pub-co-r21_112_VIDEO",
    "naturalKey": "pub-co-r21_E_112_VIDEO",
    "type": "video",
    "primaryCategory": "2021Convention",
    "description": "",
    "firstPublished": "2021-09-13T16:50:16.011Z",
    "duration": 578.411,
    "durationFormattedHHMM": "9:38",
    "durationFormattedMinSec": "9m 38s",
    "files": [
        {
            "progressiveDownloadURL": "https://download-a.akamaihd.net/files/media_publication/1e/CO-r21_E_112_r240P.mp4",
            "checksum": "add197c415e359fead32621bde389ac8",
            "filesize": 13321455,
            "modifiedDatetime": "2021-09-11T05:03:56.000Z",
            "bitRate": 179.93064998331639,
            "duration": 578.411,
            "frameHeight": 234,
            "frameWidth": 416,
            "label": "240p",
            "frameRate": 23.952,
            "mimetype": "video/mp4",
            "subtitled": false,
            "subtitles": {
                "url": "https://download-a.akamaihd.net/files/media_publication/42/co-r21_E_112.vtt",
                "modifiedDatetime": "2021-09-11T05:03:46.000Z",
                "checksum": "1e64229c6a9685f09b7ba604dc3f90cd"
            }
        },
        {
            "progressiveDownloadURL": "https://download-a.akamaihd.net/files/media_publication/a4/CO-r21_E_112_r360P.mp4",
            "checksum": "5eaddfc3945b2208604d0f2385971725",
            "filesize": 26659699,
            "modifiedDatetime": "2021-09-11T05:03:54.000Z",
            "bitRate": 360.1129697676751,
            "duration": 578.371,
            "frameHeight": 360,
            "frameWidth": 640,
            "label": "360p",
            "frameRate": 23.976,
            "mimetype": "video/mp4",
            "subtitled": false,
            "subtitles": {
                "url": "https://download-a.akamaihd.net/files/media_publication/42/co-r21_E_112.vtt",
                "modifiedDatetime": "2021-09-11T05:03:46.000Z",
                "checksum": "1e64229c6a9685f09b7ba604dc3f90cd"
            }
        },
        {
            "progressiveDownloadURL": "https://download-a.akamaihd.net/files/media_publication/6c/CO-r21_E_112_r480P.mp4",
            "checksum": "a7fa2607ff28a083ed79efea0531114d",
            "filesize": 51994972,
            "modifiedDatetime": "2021-09-11T05:03:49.000Z",
            "bitRate": 702.3359033388604,
            "duration": 578.371,
            "frameHeight": 540,
            "frameWidth": 960,
            "label": "480p",
            "frameRate": 23.976,
            "mimetype": "video/mp4",
            "subtitled": false,
            "subtitles": {
                "url": "https://download-a.akamaihd.net/files/media_publication/42/co-r21_E_112.vtt",
                "modifiedDatetime": "2021-09-11T05:03:46.000Z",
                "checksum": "1e64229c6a9685f09b7ba604dc3f90cd"
            }
        },
        {
            "progressiveDownloadURL": "https://download-a.akamaihd.net/files/media_publication/c0/CO-r21_E_112_r720P.mp4",
            "checksum": "0d1be07bca26a6a7a5a4bfe5ec8831ed",
            "filesize": 92706587,
            "modifiedDatetime": "2021-09-11T05:03:47.000Z",
            "bitRate": 1252.2588631475298,
            "duration": 578.371,
            "frameHeight": 720,
            "frameWidth": 1280,
            "label": "720p",
            "frameRate": 23.976,
            "mimetype": "video/mp4",
            "subtitled": false,
            "subtitles": {
                "url": "https://download-a.akamaihd.net/files/media_publication/42/co-r21_E_112.vtt",
                "modifiedDatetime": "2021-09-11T05:03:46.000Z",
                "checksum": "1e64229c6a9685f09b7ba604dc3f90cd"
            }
        }
    ],
    "printReferences": [
        "co-r21-112.v",
        "co-r21-112"
    ],
    "subtitlesUrl": "https://download-a.akamaihd.net/files/media_publication/42/co-r21_E_112.vtt",
    "Name": "pub-co-r21_E_112_VIDEO",
    "Title": "Robert Luccioni: Use Creation to Build Your Faith—Sea Creatures",
    "UndatedReferenceTitle": "Robert Luccioni: Use Creation to Build Your Faith—Sea Creatures",
    "ShortTitle": null,
    "Category": "vod",
    "Year": 2021,
    "Symbol": "2021Convention"
}