{
    "guid": "5f7c81dd0ca056895eb0161e",
    "languageAgnosticNaturalKey": "pub-co-r20_109_VIDEO",
    "naturalKey": "pub-co-r20_E_109_VIDEO",
    "type": "video",
    "primaryCategory": "2020Convention",
    "description": "",
    "firstPublished": "2020-12-01T23:46:04.133Z",
    "duration": 855.731,
    "durationFormattedHHMM": "14:15",
    "durationFormattedMinSec": "14m 15s",
    "files": [
        {
            "progressiveDownloadURL": "https://download-a.akamaihd.net/files/media_publication/e3/CO-r20_E_109_r240P.mp4",
            "checksum": "dc9450f0c4799712264906aed6ab19b0",
            "filesize": 23648901,
            "modifiedDatetime": "2020-11-29T12:50:54.000Z",
            "bitRate": 215.90551126755955,
            "duration": 855.731,
            "frameHeight": 234,
            "frameWidth": 416,
            "label": "240p",
            "frameRate": 23.599,
            "mimetype": "video/mp4",
            "subtitled": false,
            "subtitles": {
                "url": "https://download-a.akamaihd.net/files/media_publication/e4/co-r20_E_109.vtt",
                "modifiedDatetime": "2020-11-29T12:51:18.000Z",
                "checksum": "3585949a29544c8ac0fb35480ec7d734"
            }
        },
        {
            "progressiveDownloadURL": "https://download-a.akamaihd.net/files/media_publication/50/CO-r20_E_109_r360P.mp4",
            "checksum": "9e39e33d4503fe000107ca987f644a78",
            "filesize": 32611551,
            "modifiedDatetime": "2020-11-29T12:50:56.000Z",
            "bitRate": 297.7311119820364,
            "duration": 855.731,
            "frameHeight": 360,
            "frameWidth": 640,
            "label": "360p",
            "frameRate": 23.976,
            "mimetype": "video/mp4",
            "subtitled": false,
            "subtitles": {
                "url": "https://download-a.akamaihd.net/files/media_publication/e4/co-r20_E_109.vtt",
                "modifiedDatetime": "2020-11-29T12:51:18.000Z",
                "checksum": "3585949a29544c8ac0fb35480ec7d734"
            }
        },
        {
            "progressiveDownloadURL": "https://download-a.akamaihd.net/files/media_publication/59/CO-r20_E_109_r480P.mp4",
            "checksum": "80c14e3608c969de4835fda82c703840",
            "filesize": 57697996,
            "modifiedDatetime": "2020-11-29T12:51:00.000Z",
            "bitRate": 526.7608556310336,
            "duration": 855.731,
            "frameHeight": 540,
            "frameWidth": 960,
            "label": "480p",
            "frameRate": 23.976,
            "mimetype": "video/mp4",
            "subtitled": false,
            "subtitles": {
                "url": "https://download-a.akamaihd.net/files/media_publication/e4/co-r20_E_109.vtt",
                "modifiedDatetime": "2020-11-29T12:51:18.000Z",
                "checksum": "3585949a29544c8ac0fb35480ec7d734"
            }
        },
        {
            "progressiveDownloadURL": "https://download-a.akamaihd.net/files/media_publication/e5/CO-r20_E_109_r720P.mp4",
            "checksum": "6db34dc81d49d739bf348b3510106e62",
            "filesize": 93468814,
            "modifiedDatetime": "2020-11-29T12:51:09.000Z",
            "bitRate": 853.3348790390905,
            "duration": 855.731,
            "frameHeight": 720,
            "frameWidth": 1280,
            "label": "720p",
            "frameRate": 23.976,
            "mimetype": "video/mp4",
            "subtitled": false,
            "subtitles": {
                "url": "https://download-a.akamaihd.net/files/media_publication/e4/co-r20_E_109.vtt",
                "modifiedDatetime": "2020-11-29T12:51:18.000Z",
                "checksum": "3585949a29544c8ac0fb35480ec7d734"
            }
        }
    ],
    "printReferences": [
        "co-r20-109.v",
        "co-r20-109"
    ],
    "subtitlesUrl": "https://download-a.akamaihd.net/files/media_publication/e4/co-r20_E_109.vtt",
    "Name": "pub-co-r20_E_109_VIDEO",
    "Title": "Patrick LaFranca: Cultivate Joy in Your Family—Wives, Rejoice in Your Husband",
    "UndatedReferenceTitle": "Patrick LaFranca: Cultivate Joy in Your Family—Wives, Rejoice in Your Husband",
    "ShortTitle": null,
    "Category": "vod",
    "Year": 2020,
    "Symbol": "2020Convention"
}