{
    "guid": "62445446dedf1bc789f9caa7",
    "languageAgnosticNaturalKey": "pub-co-r22_106_VIDEO",
    "naturalKey": "pub-co-r22_E_106_VIDEO",
    "type": "video",
    "primaryCategory": "2022Convention",
    "description": "",
    "firstPublished": "2022-06-28T02:45:11.487Z",
    "duration": 1658.198,
    "durationFormattedHHMM": "27:38",
    "durationFormattedMinSec": "27m 38s",
    "files": [
        {
            "progressiveDownloadURL": "https://download-a.akamaihd.net/files/media_publication/ed/CO-r22_E_106_r240P.mp4",
            "checksum": "51661de03071ca0050fbe9a8ee452545",
            "filesize": 29434463,
            "modifiedDatetime": "2022-06-27T22:27:13.000Z",
            "bitRate": 138.67869952050359,
            "duration": 1658.198,
            "frameHeight": 234,
            "frameWidth": 416,
            "label": "240p",
            "frameRate": 23.976,
            "mimetype": "video/mp4",
            "subtitled": false,
            "subtitles": {
                "url": "https://download-a.akamaihd.net/files/media_publication/2d/CO-r22_E_106.vtt",
                "modifiedDatetime": "2022-06-27T22:26:50.000Z",
                "checksum": "b4d1ba9bb03157f81186f735bec446f1"
            }
        },
        {
            "progressiveDownloadURL": "https://download-a.akamaihd.net/files/media_publication/b5/CO-r22_E_106_r360P.mp4",
            "checksum": "844f58ab1e14d34f21f1571dbc9cd361",
            "filesize": 58549503,
            "modifiedDatetime": "2022-06-27T22:27:07.000Z",
            "bitRate": 275.85611671348516,
            "duration": 1658.176,
            "frameHeight": 360,
            "frameWidth": 640,
            "label": "360p",
            "frameRate": 23.976,
            "mimetype": "video/mp4",
            "subtitled": false,
            "subtitles": {
                "url": "https://download-a.akamaihd.net/files/media_publication/2d/CO-r22_E_106.vtt",
                "modifiedDatetime": "2022-06-27T22:26:50.000Z",
                "checksum": "b4d1ba9bb03157f81186f735bec446f1"
            }
        },
        {
            "progressiveDownloadURL": "https://download-a.akamaihd.net/files/media_publication/67/CO-r22_E_106_r480P.mp4",
            "checksum": "a28aae53e3d3b8c73740a0f64eff93b6",
            "filesize": 105357043,
            "modifiedDatetime": "2022-06-27T22:26:59.000Z",
            "bitRate": 496.38994801366084,
            "duration": 1658.176,
            "frameHeight": 540,
            "frameWidth": 960,
            "label": "480p",
            "frameRate": 23.976,
            "mimetype": "video/mp4",
            "subtitled": false,
            "subtitles": {
                "url": "https://download-a.akamaihd.net/files/media_publication/2d/CO-r22_E_106.vtt",
                "modifiedDatetime": "2022-06-27T22:26:50.000Z",
                "checksum": "b4d1ba9bb03157f81186f735bec446f1"
            }
        },
        {
            "progressiveDownloadURL": "https://download-a.akamaihd.net/files/media_publication/cd/CO-r22_E_106_r720P.mp4",
            "checksum": "1aea05bf5940f55e5efc7dd0e4bdc301",
            "filesize": 180850479,
            "modifiedDatetime": "2022-06-27T22:26:54.000Z",
            "bitRate": 852.0774436413867,
            "duration": 1658.176,
            "frameHeight": 720,
            "frameWidth": 1280,
            "label": "720p",
            "frameRate": 23.976,
            "mimetype": "video/mp4",
            "subtitled": false,
            "subtitles": {
                "url": "https://download-a.akamaihd.net/files/media_publication/2d/CO-r22_E_106.vtt",
                "modifiedDatetime": "2022-06-27T22:26:50.000Z",
                "checksum": "b4d1ba9bb03157f81186f735bec446f1"
            }
        }
    ],
    "printReferences": [
        "co-r22-106.v",
        "co-r22-106"
    ],
    "subtitlesUrl": "https://download-a.akamaihd.net/files/media_publication/2d/CO-r22_E_106.vtt",
    "Name": "pub-co-r22_E_106_VIDEO",
    "Title": "David Schafer: “The Result of True Righteousness Will Be Peace”",
    "UndatedReferenceTitle": "David Schafer: “The Result of True Righteousness Will Be Peace”",
    "ShortTitle": null,
    "Category": "vod",
    "Year": 2022,
    "Symbol": "2022Convention"
}