{
    "guid": "5f7f19010ca056895eb8a1fd",
    "languageAgnosticNaturalKey": "pub-co-r20_129_VIDEO",
    "naturalKey": "pub-co-r20_E_129_VIDEO",
    "type": "video",
    "primaryCategory": "2020Convention",
    "description": "",
    "firstPublished": "2020-12-01T23:44:55.115Z",
    "duration": 1678.887,
    "durationFormattedHHMM": "27:58",
    "durationFormattedMinSec": "27m 58s",
    "files": [
        {
            "progressiveDownloadURL": "https://download-a.akamaihd.net/files/media_publication/4a/CO-r20_E_129_r240P.mp4",
            "checksum": "08c46e5f6376113c61f0dbdb086344d3",
            "filesize": 46574321,
            "modifiedDatetime": "2020-11-30T22:47:40.000Z",
            "bitRate": 216.72803637916073,
            "duration": 1678.887,
            "frameHeight": 234,
            "frameWidth": 416,
            "label": "240p",
            "frameRate": 23.506,
            "mimetype": "video/mp4",
            "subtitled": false,
            "subtitles": {
                "url": "https://download-a.akamaihd.net/files/media_publication/99/co-r20_E_129.vtt",
                "modifiedDatetime": "2020-11-30T22:47:58.000Z",
                "checksum": "1f79b8999bfd02f1a66f78658b22fca1"
            }
        },
        {
            "progressiveDownloadURL": "https://download-a.akamaihd.net/files/media_publication/ba/CO-r20_E_129_r360P.mp4",
            "checksum": "31c48f043305a52aebfe072311fe931c",
            "filesize": 66164749,
            "modifiedDatetime": "2020-11-30T22:47:45.000Z",
            "bitRate": 307.8897517000847,
            "duration": 1678.887,
            "frameHeight": 360,
            "frameWidth": 640,
            "label": "360p",
            "frameRate": 23.976,
            "mimetype": "video/mp4",
            "subtitled": false,
            "subtitles": {
                "url": "https://download-a.akamaihd.net/files/media_publication/99/co-r20_E_129.vtt",
                "modifiedDatetime": "2020-11-30T22:47:58.000Z",
                "checksum": "1f79b8999bfd02f1a66f78658b22fca1"
            }
        },
        {
            "progressiveDownloadURL": "https://download-a.akamaihd.net/files/media_publication/fa/CO-r20_E_129_r480P.mp4",
            "checksum": "d5ef9f9c2461eb01e63db187f6c24fdc",
            "filesize": 118627168,
            "modifiedDatetime": "2020-11-30T22:47:48.000Z",
            "bitRate": 552.0173483980757,
            "duration": 1678.887,
            "frameHeight": 540,
            "frameWidth": 960,
            "label": "480p",
            "frameRate": 23.976,
            "mimetype": "video/mp4",
            "subtitled": false,
            "subtitles": {
                "url": "https://download-a.akamaihd.net/files/media_publication/99/co-r20_E_129.vtt",
                "modifiedDatetime": "2020-11-30T22:47:58.000Z",
                "checksum": "1f79b8999bfd02f1a66f78658b22fca1"
            }
        },
        {
            "progressiveDownloadURL": "https://download-a.akamaihd.net/files/media_publication/3c/CO-r20_E_129_r720P.mp4",
            "checksum": "7545c8f0c26036790390ecce91a89697",
            "filesize": 196866719,
            "modifiedDatetime": "2020-11-30T22:47:51.000Z",
            "bitRate": 916.0957480685121,
            "duration": 1678.887,
            "frameHeight": 720,
            "frameWidth": 1280,
            "label": "720p",
            "frameRate": 23.976,
            "mimetype": "video/mp4",
            "subtitled": false,
            "subtitles": {
                "url": "https://download-a.akamaihd.net/files/media_publication/99/co-r20_E_129.vtt",
                "modifiedDatetime": "2020-11-30T22:47:58.000Z",
                "checksum": "1f79b8999bfd02f1a66f78658b22fca1"
            }
        }
    ],
    "printReferences": [
        "co-r20-129.v",
        "co-r20-129"
    ],
    "subtitlesUrl": "https://download-a.akamaihd.net/files/media_publication/99/co-r20_E_129.vtt",
    "Name": "pub-co-r20_E_129_VIDEO",
    "Title": "William Malenfant: Baptism: How Your Baptism Leads to More Happiness",
    "UndatedReferenceTitle": "William Malenfant: Baptism: How Your Baptism Leads to More Happiness",
    "ShortTitle": null,
    "Category": "vod",
    "Year": 2020,
    "Symbol": "2020Convention"
}