{
    "guid": "5f7c7e5c0ca056895eaff86f",
    "languageAgnosticNaturalKey": "pub-co-r20_107_VIDEO",
    "naturalKey": "pub-co-r20_E_107_VIDEO",
    "type": "video",
    "primaryCategory": "2020Convention",
    "description": "",
    "firstPublished": "2020-12-01T23:46:10.801Z",
    "duration": 1949.824,
    "durationFormattedHHMM": "32:29",
    "durationFormattedMinSec": "32m 29s",
    "files": [
        {
            "progressiveDownloadURL": "https://download-a.akamaihd.net/files/media_publication/2a/CO-r20_E_107_r240P.mp4",
            "checksum": "d3129274d6adc3ada3e5504e41ef78f4",
            "filesize": 63143490,
            "modifiedDatetime": "2020-11-29T12:50:08.000Z",
            "bitRate": 253.00156097422126,
            "duration": 1949.824,
            "frameHeight": 234,
            "frameWidth": 416,
            "label": "240p",
            "frameRate": 23.833,
            "mimetype": "video/mp4",
            "subtitled": false,
            "subtitles": {
                "url": "https://download-a.akamaihd.net/files/media_publication/c5/co-r20_E_107.vtt",
                "modifiedDatetime": "2020-11-29T12:50:33.000Z",
                "checksum": "7c6b4e0f3798658a79c396dec6f8bff4"
            }
        },
        {
            "progressiveDownloadURL": "https://download-a.akamaihd.net/files/media_publication/a9/CO-r20_E_107_r360P.mp4",
            "checksum": "76cbfefa0f6d7844787bdd50e53575ce",
            "filesize": 94334451,
            "modifiedDatetime": "2020-11-29T12:50:13.000Z",
            "bitRate": 377.9766268327295,
            "duration": 1949.824,
            "frameHeight": 360,
            "frameWidth": 640,
            "label": "360p",
            "frameRate": 23.976,
            "mimetype": "video/mp4",
            "subtitled": false,
            "subtitles": {
                "url": "https://download-a.akamaihd.net/files/media_publication/c5/co-r20_E_107.vtt",
                "modifiedDatetime": "2020-11-29T12:50:33.000Z",
                "checksum": "7c6b4e0f3798658a79c396dec6f8bff4"
            }
        },
        {
            "progressiveDownloadURL": "https://download-a.akamaihd.net/files/media_publication/cc/CO-r20_E_107_r480P.mp4",
            "checksum": "0d5380cfb89c0e9fa744d7890f1c8079",
            "filesize": 177170874,
            "modifiedDatetime": "2020-11-29T12:50:17.000Z",
            "bitRate": 709.8832782471649,
            "duration": 1949.824,
            "frameHeight": 540,
            "frameWidth": 960,
            "label": "480p",
            "frameRate": 23.976,
            "mimetype": "video/mp4",
            "subtitled": false,
            "subtitles": {
                "url": "https://download-a.akamaihd.net/files/media_publication/c5/co-r20_E_107.vtt",
                "modifiedDatetime": "2020-11-29T12:50:33.000Z",
                "checksum": "7c6b4e0f3798658a79c396dec6f8bff4"
            }
        },
        {
            "progressiveDownloadURL": "https://download-a.akamaihd.net/files/media_publication/1e/CO-r20_E_107_r720P.mp4",
            "checksum": "75b923b0e920f77cc7e491843cb6df90",
            "filesize": 303409664,
            "modifiedDatetime": "2020-11-29T12:50:21.000Z",
            "bitRate": 1215.6933138580712,
            "duration": 1949.824,
            "frameHeight": 720,
            "frameWidth": 1280,
            "label": "720p",
            "frameRate": 23.976,
            "mimetype": "video/mp4",
            "subtitled": false,
            "subtitles": {
                "url": "https://download-a.akamaihd.net/files/media_publication/c5/co-r20_E_107.vtt",
                "modifiedDatetime": "2020-11-29T12:50:33.000Z",
                "checksum": "7c6b4e0f3798658a79c396dec6f8bff4"
            }
        }
    ],
    "printReferences": [
        "co-r20-107.v",
        "co-r20-107"
    ],
    "subtitlesUrl": "https://download-a.akamaihd.net/files/media_publication/c5/co-r20_E_107.vtt",
    "Name": "pub-co-r20_E_107_VIDEO",
    "Title": "Mark Sanderson: Rejoice in Jehovah’s Acts of Salvation",
    "UndatedReferenceTitle": "Mark Sanderson: Rejoice in Jehovah’s Acts of Salvation",
    "ShortTitle": null,
    "Category": "vod",
    "Year": 2020,
    "Symbol": "2020Convention"
}