{
    "guid": "611bff6d23708c1b98e4778c",
    "languageAgnosticNaturalKey": "pub-mwbv_202111_5_VIDEO",
    "naturalKey": "pub-mwbv_E_202111_5_VIDEO",
    "type": "video",
    "primaryCategory": "AccomplishMinistry",
    "description": "",
    "firstPublished": "2021-10-07T14:32:50.599Z",
    "duration": 374.123,
    "durationFormattedHHMM": "6:14",
    "durationFormattedMinSec": "6m 14s",
    "files": [
        {
            "progressiveDownloadURL": "https://download-a.akamaihd.net/files/media_periodical/74/mwbv_E_202111_05_r240P.mp4",
            "checksum": "715738e3190f9c6398686753064d6724",
            "filesize": 10798451,
            "modifiedDatetime": "2021-10-07T13:26:36.000Z",
            "bitRate": 225.4950870101544,
            "duration": 374.123,
            "frameHeight": 234,
            "frameWidth": 416,
            "label": "240p",
            "frameRate": 23.81,
            "mimetype": "video/mp4",
            "subtitled": false,
            "subtitles": {
                "url": "https://download-a.akamaihd.net/files/media_periodical/ed/mwbv_E_202111_05.vtt",
                "modifiedDatetime": "2021-10-07T13:26:25.000Z",
                "checksum": "9f7e1d5ad64ac57957f3297dca864b0d"
            }
        },
        {
            "progressiveDownloadURL": "https://download-a.akamaihd.net/files/media_periodical/96/mwbv_E_202111_05_r360P.mp4",
            "checksum": "852bf2208ccbde94510599146736ac2b",
            "filesize": 20821354,
            "modifiedDatetime": "2021-10-07T13:26:33.000Z",
            "bitRate": 434.8415408478867,
            "duration": 374.083,
            "frameHeight": 360,
            "frameWidth": 640,
            "label": "360p",
            "frameRate": 23.976,
            "mimetype": "video/mp4",
            "subtitled": false,
            "subtitles": {
                "url": "https://download-a.akamaihd.net/files/media_periodical/ed/mwbv_E_202111_05.vtt",
                "modifiedDatetime": "2021-10-07T13:26:25.000Z",
                "checksum": "9f7e1d5ad64ac57957f3297dca864b0d"
            }
        },
        {
            "progressiveDownloadURL": "https://download-a.akamaihd.net/files/media_periodical/df/mwbv_E_202111_05_r480P.mp4",
            "checksum": "693c8ffb9d35f44b76df84700533b9e1",
            "filesize": 40077997,
            "modifiedDatetime": "2021-10-07T13:26:30.000Z",
            "bitRate": 837.0050271263328,
            "duration": 374.083,
            "frameHeight": 540,
            "frameWidth": 960,
            "label": "480p",
            "frameRate": 23.976,
            "mimetype": "video/mp4",
            "subtitled": false,
            "subtitles": {
                "url": "https://download-a.akamaihd.net/files/media_periodical/ed/mwbv_E_202111_05.vtt",
                "modifiedDatetime": "2021-10-07T13:26:25.000Z",
                "checksum": "9f7e1d5ad64ac57957f3297dca864b0d"
            }
        },
        {
            "progressiveDownloadURL": "https://download-a.akamaihd.net/files/media_periodical/ff/mwbv_E_202111_05_r720P.mp4",
            "checksum": "f5bd997542a468e046f0b13520ebaaac",
            "filesize": 75714008,
            "modifiedDatetime": "2021-10-07T13:26:27.000Z",
            "bitRate": 1581.2418300216796,
            "duration": 374.083,
            "frameHeight": 720,
            "frameWidth": 1280,
            "label": "720p",
            "frameRate": 23.976,
            "mimetype": "video/mp4",
            "subtitled": false,
            "subtitles": {
                "url": "https://download-a.akamaihd.net/files/media_periodical/ed/mwbv_E_202111_05.vtt",
                "modifiedDatetime": "2021-10-07T13:26:25.000Z",
                "checksum": "9f7e1d5ad64ac57957f3297dca864b0d"
            }
        }
    ],
    "printReferences": [
        "mwbv.202111-5.v",
        "mwbv.202111-5"
    ],
    "subtitlesUrl": "https://download-a.akamaihd.net/files/media_periodical/ed/mwbv_E_202111_05.vtt",
    "Name": "pub-mwbv_E_202111_5_VIDEO",
    "Title": "We Always “Give Thanks to God for You”",
    "UndatedReferenceTitle": "We Always “Give Thanks to God for You”",
    "ShortTitle": null,
    "Category": "vod",
    "Year": 2021,
    "Symbol": "AccomplishMinistry"
}