{
    "guid": "624c91f9dedf1bc78910c0f2",
    "languageAgnosticNaturalKey": "pub-co-r22_114_VIDEO",
    "naturalKey": "pub-co-r22_E_114_VIDEO",
    "type": "video",
    "primaryCategory": "2022Convention",
    "description": "",
    "firstPublished": "2022-07-04T15:28:26.922Z",
    "duration": 747.03,
    "durationFormattedHHMM": "12:27",
    "durationFormattedMinSec": "12m 27s",
    "files": [
        {
            "progressiveDownloadURL": "https://download-a.akamaihd.net/files/media_publication/b4/CO-r22_E_114_r240P.mp4",
            "checksum": "3d452e9d26d2789987324695c3394f06",
            "filesize": 12816542,
            "modifiedDatetime": "2022-07-03T22:20:29.000Z",
            "bitRate": 134.03643009651555,
            "duration": 747.03,
            "frameHeight": 234,
            "frameWidth": 416,
            "label": "240p",
            "frameRate": 23.976,
            "mimetype": "video/mp4",
            "subtitled": false,
            "subtitles": {
                "url": "https://download-a.akamaihd.net/files/media_publication/75/CO-r22_E_114.vtt",
                "modifiedDatetime": "2022-07-03T22:20:35.000Z",
                "checksum": "505a7416d3a5e26c09cd3efab858d505"
            }
        },
        {
            "progressiveDownloadURL": "https://download-a.akamaihd.net/files/media_publication/43/CO-r22_E_114_r360P.mp4",
            "checksum": "818e09737cdd8254d260df8ecfb84241",
            "filesize": 25358757,
            "modifiedDatetime": "2022-07-03T22:20:26.000Z",
            "bitRate": 265.21173677189535,
            "duration": 747.008,
            "frameHeight": 360,
            "frameWidth": 640,
            "label": "360p",
            "frameRate": 23.976,
            "mimetype": "video/mp4",
            "subtitled": false,
            "subtitles": {
                "url": "https://download-a.akamaihd.net/files/media_publication/75/CO-r22_E_114.vtt",
                "modifiedDatetime": "2022-07-03T22:20:35.000Z",
                "checksum": "505a7416d3a5e26c09cd3efab858d505"
            }
        },
        {
            "progressiveDownloadURL": "https://download-a.akamaihd.net/files/media_publication/35/CO-r22_E_114_r480P.mp4",
            "checksum": "a37b59c879b66459a5f0c919be7c8f0e",
            "filesize": 45981186,
            "modifiedDatetime": "2022-07-03T22:20:24.000Z",
            "bitRate": 480.8891144740083,
            "duration": 747.008,
            "frameHeight": 540,
            "frameWidth": 960,
            "label": "480p",
            "frameRate": 23.976,
            "mimetype": "video/mp4",
            "subtitled": false,
            "subtitles": {
                "url": "https://download-a.akamaihd.net/files/media_publication/75/CO-r22_E_114.vtt",
                "modifiedDatetime": "2022-07-03T22:20:35.000Z",
                "checksum": "505a7416d3a5e26c09cd3efab858d505"
            }
        },
        {
            "progressiveDownloadURL": "https://download-a.akamaihd.net/files/media_publication/4e/CO-r22_E_114_r720P.mp4",
            "checksum": "93d1bbf87b6ae7e22083a0906e90c4a8",
            "filesize": 81840698,
            "modifiedDatetime": "2022-07-03T22:20:18.000Z",
            "bitRate": 855.9218283137529,
            "duration": 747.008,
            "frameHeight": 720,
            "frameWidth": 1280,
            "label": "720p",
            "frameRate": 23.976,
            "mimetype": "video/mp4",
            "subtitled": false,
            "subtitles": {
                "url": "https://download-a.akamaihd.net/files/media_publication/75/CO-r22_E_114.vtt",
                "modifiedDatetime": "2022-07-03T22:20:35.000Z",
                "checksum": "505a7416d3a5e26c09cd3efab858d505"
            }
        }
    ],
    "printReferences": [
        "co-r22-114.v",
        "co-r22-114"
    ],
    "subtitlesUrl": "https://download-a.akamaihd.net/files/media_publication/75/CO-r22_E_114.vtt",
    "Name": "pub-co-r22_E_114_VIDEO",
    "Title": "David H. Splane: Follow the Road Map to Family Peace—Work as a Team",
    "UndatedReferenceTitle": "David H. Splane: Follow the Road Map to Family Peace—Work as a Team",
    "ShortTitle": null,
    "Category": "vod",
    "Year": 2022,
    "Symbol": "2022Convention"
}