{
    "guid": "6088117e0524ac0a0a2666be",
    "languageAgnosticNaturalKey": "pub-co-r21_127_VIDEO",
    "naturalKey": "pub-co-r21_E_127_VIDEO",
    "type": "video",
    "primaryCategory": "2021Convention",
    "description": "",
    "firstPublished": "2021-09-13T16:42:26.631Z",
    "duration": 749.952,
    "durationFormattedHHMM": "12:29",
    "durationFormattedMinSec": "12m 29s",
    "files": [
        {
            "progressiveDownloadURL": "https://download-a.akamaihd.net/files/media_publication/c0/CO-r21_E_127_r240P.mp4",
            "checksum": "2e512440431c037a9edcafadafbfbaa7",
            "filesize": 12612803,
            "modifiedDatetime": "2021-09-11T04:58:15.000Z",
            "bitRate": 131.39177365684736,
            "duration": 749.952,
            "frameHeight": 234,
            "frameWidth": 416,
            "label": "240p",
            "frameRate": 23.506,
            "mimetype": "video/mp4",
            "subtitled": false,
            "subtitles": {
                "url": "https://download-a.akamaihd.net/files/media_publication/af/co-r21_E_127.vtt",
                "modifiedDatetime": "2021-09-11T04:57:59.000Z",
                "checksum": "a0f7269099b84f2dfa156ff0926f1a33"
            }
        },
        {
            "progressiveDownloadURL": "https://download-a.akamaihd.net/files/media_publication/25/CO-r21_E_127_r360P.mp4",
            "checksum": "a705a1c5b45d3d8033fc427804884607",
            "filesize": 25336488,
            "modifiedDatetime": "2021-09-11T04:58:10.000Z",
            "bitRate": 263.9509605729701,
            "duration": 749.917,
            "frameHeight": 360,
            "frameWidth": 640,
            "label": "360p",
            "frameRate": 23.976,
            "mimetype": "video/mp4",
            "subtitled": false,
            "subtitles": {
                "url": "https://download-a.akamaihd.net/files/media_publication/af/co-r21_E_127.vtt",
                "modifiedDatetime": "2021-09-11T04:57:59.000Z",
                "checksum": "a0f7269099b84f2dfa156ff0926f1a33"
            }
        },
        {
            "progressiveDownloadURL": "https://download-a.akamaihd.net/files/media_publication/cb/CO-r21_E_127_r480P.mp4",
            "checksum": "13d864fd3c56c76fd0a0fc4e94486563",
            "filesize": 44277238,
            "modifiedDatetime": "2021-09-11T04:58:08.000Z",
            "bitRate": 461.27227663194725,
            "duration": 749.917,
            "frameHeight": 540,
            "frameWidth": 960,
            "label": "480p",
            "frameRate": 23.976,
            "mimetype": "video/mp4",
            "subtitled": false,
            "subtitles": {
                "url": "https://download-a.akamaihd.net/files/media_publication/af/co-r21_E_127.vtt",
                "modifiedDatetime": "2021-09-11T04:57:59.000Z",
                "checksum": "a0f7269099b84f2dfa156ff0926f1a33"
            }
        },
        {
            "progressiveDownloadURL": "https://download-a.akamaihd.net/files/media_publication/90/CO-r21_E_127_r720P.mp4",
            "checksum": "2e34d013f95fd1dcff631339aecf730f",
            "filesize": 71532793,
            "modifiedDatetime": "2021-09-11T04:58:02.000Z",
            "bitRate": 745.2157309575592,
            "duration": 749.917,
            "frameHeight": 720,
            "frameWidth": 1280,
            "label": "720p",
            "frameRate": 23.976,
            "mimetype": "video/mp4",
            "subtitled": false,
            "subtitles": {
                "url": "https://download-a.akamaihd.net/files/media_publication/af/co-r21_E_127.vtt",
                "modifiedDatetime": "2021-09-11T04:57:59.000Z",
                "checksum": "a0f7269099b84f2dfa156ff0926f1a33"
            }
        }
    ],
    "printReferences": [
        "co-r21-127.v",
        "co-r21-127"
    ],
    "subtitlesUrl": "https://download-a.akamaihd.net/files/media_publication/af/co-r21_E_127.vtt",
    "Name": "pub-co-r21_E_127_VIDEO",
    "Title": "Seth Hyatt: Successful Fighters for the Faith—Those Being Raised by Single Parents",
    "UndatedReferenceTitle": "Seth Hyatt: Successful Fighters for the Faith—Those Being Raised by Single Parents",
    "ShortTitle": null,
    "Category": "vod",
    "Year": 2021,
    "Symbol": "2021Convention"
}