{
    "guid": "6256c042dedf1bc78926f365",
    "languageAgnosticNaturalKey": "pub-co-r22_104_VIDEO",
    "naturalKey": "pub-co-r22_E_104_VIDEO",
    "type": "video",
    "primaryCategory": "2022Convention",
    "description": "",
    "firstPublished": "2022-06-28T02:45:17.250Z",
    "duration": 1015.382,
    "durationFormattedHHMM": "16:55",
    "durationFormattedMinSec": "16m 55s",
    "files": [
        {
            "progressiveDownloadURL": "https://download-a.akamaihd.net/files/media_publication/47/CO-r22_E_104_r240P.mp4",
            "checksum": "938ce601b58420d39ede0935d84cf8ba",
            "filesize": 17223603,
            "modifiedDatetime": "2022-06-28T02:43:23.000Z",
            "bitRate": 132.52096101516474,
            "duration": 1015.382,
            "frameHeight": 234,
            "frameWidth": 416,
            "label": "240p",
            "frameRate": 23.976,
            "mimetype": "video/mp4",
            "subtitled": false,
            "subtitles": {
                "url": "https://download-a.akamaihd.net/files/media_publication/ee/CO-r22_E_104.vtt",
                "modifiedDatetime": "2022-06-28T02:43:09.000Z",
                "checksum": "3720653d5ab68238e728de77d7035a42"
            }
        },
        {
            "progressiveDownloadURL": "https://download-a.akamaihd.net/files/media_publication/20/CO-r22_E_104_r360P.mp4",
            "checksum": "12329f0546481c15dbb0dcc1ffe3130e",
            "filesize": 33733034,
            "modifiedDatetime": "2022-06-28T02:43:18.000Z",
            "bitRate": 259.55260018614086,
            "duration": 1015.36,
            "frameHeight": 360,
            "frameWidth": 640,
            "label": "360p",
            "frameRate": 23.976,
            "mimetype": "video/mp4",
            "subtitled": false,
            "subtitles": {
                "url": "https://download-a.akamaihd.net/files/media_publication/ee/CO-r22_E_104.vtt",
                "modifiedDatetime": "2022-06-28T02:43:09.000Z",
                "checksum": "3720653d5ab68238e728de77d7035a42"
            }
        },
        {
            "progressiveDownloadURL": "https://download-a.akamaihd.net/files/media_publication/b5/CO-r22_E_104_r480P.mp4",
            "checksum": "5f3342c70672f301e957af7f7e065847",
            "filesize": 59945508,
            "modifiedDatetime": "2022-06-28T02:43:15.000Z",
            "bitRate": 461.2396403738575,
            "duration": 1015.36,
            "frameHeight": 540,
            "frameWidth": 960,
            "label": "480p",
            "frameRate": 23.976,
            "mimetype": "video/mp4",
            "subtitled": false,
            "subtitles": {
                "url": "https://download-a.akamaihd.net/files/media_publication/ee/CO-r22_E_104.vtt",
                "modifiedDatetime": "2022-06-28T02:43:09.000Z",
                "checksum": "3720653d5ab68238e728de77d7035a42"
            }
        },
        {
            "progressiveDownloadURL": "https://download-a.akamaihd.net/files/media_publication/d8/CO-r22_E_104_r720P.mp4",
            "checksum": "1f456e7afc6e7e80e590fdcebf94efd0",
            "filesize": 104104807,
            "modifiedDatetime": "2022-06-28T02:43:12.000Z",
            "bitRate": 801.0152110458359,
            "duration": 1015.36,
            "frameHeight": 720,
            "frameWidth": 1280,
            "label": "720p",
            "frameRate": 23.976,
            "mimetype": "video/mp4",
            "subtitled": false,
            "subtitles": {
                "url": "https://download-a.akamaihd.net/files/media_publication/ee/CO-r22_E_104.vtt",
                "modifiedDatetime": "2022-06-28T02:43:09.000Z",
                "checksum": "3720653d5ab68238e728de77d7035a42"
            }
        }
    ],
    "printReferences": [
        "co-r22-104.v",
        "co-r22-104"
    ],
    "subtitlesUrl": "https://download-a.akamaihd.net/files/media_publication/ee/CO-r22_E_104.vtt",
    "Name": "pub-co-r22_E_104_VIDEO",
    "Title": "Robert Ciranko: How Love Leads to Genuine Peace—Love for God’s Word",
    "UndatedReferenceTitle": "Robert Ciranko: How Love Leads to Genuine Peace—Love for God’s Word",
    "ShortTitle": null,
    "Category": "vod",
    "Year": 2022,
    "Symbol": "2022Convention"
}