{
    "guid": "6262b801b685ba3441660c33",
    "languageAgnosticNaturalKey": "pub-co-r22_135_VIDEO",
    "naturalKey": "pub-co-r22_E_135_VIDEO",
    "type": "video",
    "primaryCategory": "2022Convention",
    "description": "",
    "firstPublished": "2022-07-25T13:36:44.586Z",
    "duration": 777.728,
    "durationFormattedHHMM": "12:57",
    "durationFormattedMinSec": "12m 57s",
    "files": [
        {
            "progressiveDownloadURL": "https://download-a.akamaihd.net/files/media_publication/fa/CO-r22_E_135_r240P.mp4",
            "checksum": "3af79f88430cc8000efdf9f2d1b1e9f2",
            "filesize": 14272416,
            "modifiedDatetime": "2022-07-25T00:34:42.000Z",
            "bitRate": 143.3704971403884,
            "duration": 777.728,
            "frameHeight": 234,
            "frameWidth": 416,
            "label": "240p",
            "frameRate": 23.976,
            "mimetype": "video/mp4",
            "subtitled": false,
            "subtitles": {
                "url": "https://download-a.akamaihd.net/files/media_publication/d8/CO-r22_E_135.vtt",
                "modifiedDatetime": "2022-07-25T00:34:09.000Z",
                "checksum": "7e382d94d3714bd67657c9db8e8c9954"
            }
        },
        {
            "progressiveDownloadURL": "https://download-a.akamaihd.net/files/media_publication/ff/CO-r22_E_135_r360P.mp4",
            "checksum": "47653d5cdd6b44fc7242392e3b21d4f7",
            "filesize": 27420179,
            "modifiedDatetime": "2022-07-25T00:34:34.000Z",
            "bitRate": 275.45097117230523,
            "duration": 777.707,
            "frameHeight": 360,
            "frameWidth": 640,
            "label": "360p",
            "frameRate": 23.976,
            "mimetype": "video/mp4",
            "subtitled": false,
            "subtitles": {
                "url": "https://download-a.akamaihd.net/files/media_publication/d8/CO-r22_E_135.vtt",
                "modifiedDatetime": "2022-07-25T00:34:09.000Z",
                "checksum": "7e382d94d3714bd67657c9db8e8c9954"
            }
        },
        {
            "progressiveDownloadURL": "https://download-a.akamaihd.net/files/media_publication/e9/CO-r22_E_135_r480P.mp4",
            "checksum": "d6830cebc4f9e06c31479adfcf4822d9",
            "filesize": 48977260,
            "modifiedDatetime": "2022-07-25T00:34:26.000Z",
            "bitRate": 492.00385717243125,
            "duration": 777.707,
            "frameHeight": 540,
            "frameWidth": 960,
            "label": "480p",
            "frameRate": 23.976,
            "mimetype": "video/mp4",
            "subtitled": false,
            "subtitles": {
                "url": "https://download-a.akamaihd.net/files/media_publication/d8/CO-r22_E_135.vtt",
                "modifiedDatetime": "2022-07-25T00:34:09.000Z",
                "checksum": "7e382d94d3714bd67657c9db8e8c9954"
            }
        },
        {
            "progressiveDownloadURL": "https://download-a.akamaihd.net/files/media_publication/b8/CO-r22_E_135_r720P.mp4",
            "checksum": "83279505d63b31fdbb5af64da1d60fb0",
            "filesize": 80613908,
            "modifiedDatetime": "2022-07-25T00:34:20.000Z",
            "bitRate": 809.8116080349026,
            "duration": 777.707,
            "frameHeight": 720,
            "frameWidth": 1280,
            "label": "720p",
            "frameRate": 23.976,
            "mimetype": "video/mp4",
            "subtitled": false,
            "subtitles": {
                "url": "https://download-a.akamaihd.net/files/media_publication/d8/CO-r22_E_135.vtt",
                "modifiedDatetime": "2022-07-25T00:34:09.000Z",
                "checksum": "7e382d94d3714bd67657c9db8e8c9954"
            }
        }
    ],
    "printReferences": [
        "co-r22-135.v",
        "co-r22-135"
    ],
    "subtitlesUrl": "https://download-a.akamaihd.net/files/media_publication/d8/CO-r22_E_135.vtt",
    "Name": "pub-co-r22_E_135_VIDEO",
    "Title": "Gerrit Lösch: “Seek Peace and Pursue It\" . . . By Using Our Gift of Speech Wisely",
    "UndatedReferenceTitle": "Gerrit Lösch: “Seek Peace and Pursue It\" . . . By Using Our Gift of Speech Wisely",
    "ShortTitle": null,
    "Category": "vod",
    "Year": 2022,
    "Symbol": "2022Convention"
}