{
    "guid": "5f874c910ca056895ed18782",
    "languageAgnosticNaturalKey": "pub-co-r20_141_VIDEO",
    "naturalKey": "pub-co-r20_E_141_VIDEO",
    "type": "video",
    "primaryCategory": "2020Convention",
    "description": "",
    "firstPublished": "2020-12-01T23:44:01.699Z",
    "duration": 708.084,
    "durationFormattedHHMM": "11:48",
    "durationFormattedMinSec": "11m 48s",
    "files": [
        {
            "progressiveDownloadURL": "https://download-a.akamaihd.net/files/media_publication/7a/CO-r20_E_141_r240P.mp4",
            "checksum": "c8289e8a822949e9081645165699fb7e",
            "filesize": 20417645,
            "modifiedDatetime": "2020-12-01T23:31:36.000Z",
            "bitRate": 225.27391038704448,
            "duration": 708.084,
            "frameHeight": 234,
            "frameWidth": 416,
            "label": "240p",
            "frameRate": 23.976,
            "mimetype": "video/mp4",
            "subtitled": false,
            "subtitles": {
                "url": "https://download-a.akamaihd.net/files/media_publication/d6/co-r20_E_141.vtt",
                "modifiedDatetime": "2020-12-01T23:31:47.000Z",
                "checksum": "2d2cc238ab1fcbb00c5892f0e337d7ce"
            }
        },
        {
            "progressiveDownloadURL": "https://download-a.akamaihd.net/files/media_publication/cb/CO-r20_E_141_r360P.mp4",
            "checksum": "af9c8665076d70fa1092156d8c8af66d",
            "filesize": 29211595,
            "modifiedDatetime": "2020-12-01T23:31:38.000Z",
            "bitRate": 322.30015921486716,
            "duration": 708.084,
            "frameHeight": 360,
            "frameWidth": 640,
            "label": "360p",
            "frameRate": 23.976,
            "mimetype": "video/mp4",
            "subtitled": false,
            "subtitles": {
                "url": "https://download-a.akamaihd.net/files/media_publication/d6/co-r20_E_141.vtt",
                "modifiedDatetime": "2020-12-01T23:31:47.000Z",
                "checksum": "2d2cc238ab1fcbb00c5892f0e337d7ce"
            }
        },
        {
            "progressiveDownloadURL": "https://download-a.akamaihd.net/files/media_publication/a2/CO-r20_E_141_r480P.mp4",
            "checksum": "13df50877536fe1e875bcb063673f022",
            "filesize": 52357146,
            "modifiedDatetime": "2020-12-01T23:31:40.000Z",
            "bitRate": 577.6718625544428,
            "duration": 708.084,
            "frameHeight": 540,
            "frameWidth": 960,
            "label": "480p",
            "frameRate": 23.976,
            "mimetype": "video/mp4",
            "subtitled": false,
            "subtitles": {
                "url": "https://download-a.akamaihd.net/files/media_publication/d6/co-r20_E_141.vtt",
                "modifiedDatetime": "2020-12-01T23:31:47.000Z",
                "checksum": "2d2cc238ab1fcbb00c5892f0e337d7ce"
            }
        },
        {
            "progressiveDownloadURL": "https://download-a.akamaihd.net/files/media_publication/62/CO-r20_E_141_r720P.mp4",
            "checksum": "1afd29431571cf33544cb4ed31b5d0b1",
            "filesize": 87206983,
            "modifiedDatetime": "2020-12-01T23:31:42.000Z",
            "bitRate": 962.1804117696489,
            "duration": 708.084,
            "frameHeight": 720,
            "frameWidth": 1280,
            "label": "720p",
            "frameRate": 23.976,
            "mimetype": "video/mp4",
            "subtitled": false,
            "subtitles": {
                "url": "https://download-a.akamaihd.net/files/media_publication/d6/co-r20_E_141.vtt",
                "modifiedDatetime": "2020-12-01T23:31:47.000Z",
                "checksum": "2d2cc238ab1fcbb00c5892f0e337d7ce"
            }
        }
    ],
    "printReferences": [
        "co-r20-141.v",
        "co-r20-141"
    ],
    "subtitlesUrl": "https://download-a.akamaihd.net/files/media_publication/d6/co-r20_E_141.vtt",
    "Name": "pub-co-r20_E_141_VIDEO",
    "Title": "William Turner, Jr.: We Can Rejoice Despite . . . Hunger",
    "UndatedReferenceTitle": "William Turner, Jr.: We Can Rejoice Despite . . . Hunger",
    "ShortTitle": null,
    "Category": "vod",
    "Year": 2020,
    "Symbol": "2020Convention"
}