{
    "guid": "5a78ae7db40fbacb53b4a184",
    "languageAgnosticNaturalKey": "pub-jwbcov_201705_7_VIDEO",
    "naturalKey": "pub-jwbcov_E_201705_7_VIDEO",
    "type": "video",
    "primaryCategory": "FamilyChallenges",
    "description": "",
    "firstPublished": "2018-02-19T16:14:30.016Z",
    "duration": 178.923,
    "durationFormattedHHMM": "2:58",
    "durationFormattedMinSec": "2m 58s",
    "files": [
        {
            "progressiveDownloadURL": "https://download-a.akamaihd.net/files/media_periodical/e3/jwbcov_E_201705_07_r240P.mp4",
            "checksum": "029d02f204a412a6b19a26aab6f25d69",
            "filesize": 5765607,
            "modifiedDatetime": "2020-11-24T14:26:28.000Z",
            "bitRate": 251.7496615164065,
            "duration": 178.923,
            "frameHeight": 234,
            "frameWidth": 416,
            "label": "240p",
            "frameRate": 23.506,
            "mimetype": "video/mp4",
            "subtitled": false,
            "subtitles": {
                "url": "https://download-a.akamaihd.net/files/media_periodical/54/jwbcov_E_201705_07_r240P.vtt",
                "modifiedDatetime": "2019-02-20T05:00:21.000Z",
                "checksum": "72e67485b6dcb9e68b4e4360e4fdec91"
            }
        },
        {
            "progressiveDownloadURL": "https://download-a.akamaihd.net/files/media_periodical/d6/jwbcov_s-Sub_E_201705_07_r240P.mp4",
            "checksum": "9dce5bcc0a7d839c351cc25e0f01d25f",
            "filesize": 8297476,
            "modifiedDatetime": "2020-11-21T21:19:31.000Z",
            "bitRate": 362.3741873361396,
            "duration": 178.887,
            "frameHeight": 180,
            "frameWidth": 320,
            "label": "240p",
            "frameRate": 29.97,
            "mimetype": "video/mp4",
            "subtitled": true,
            "subtitles": {
                "url": "https://download-a.akamaihd.net/files/media_periodical/54/jwbcov_E_201705_07_r240P.vtt",
                "modifiedDatetime": "2019-02-20T05:00:21.000Z",
                "checksum": "72e67485b6dcb9e68b4e4360e4fdec91"
            }
        },
        {
            "progressiveDownloadURL": "https://download-a.akamaihd.net/files/media_periodical/a9/jwbcov_s-Sub_E_201705_07_r360P.mp4",
            "checksum": "eb31eaf116ef39394d37d9695e180a00",
            "filesize": 19065370,
            "modifiedDatetime": "2019-02-20T06:36:27.000Z",
            "bitRate": 832.8324835146196,
            "duration": 178.84533333333334,
            "frameHeight": 360,
            "frameWidth": 640,
            "label": "360p",
            "frameRate": 44.056,
            "mimetype": "video/mp4",
            "subtitled": true,
            "subtitles": {
                "url": "https://download-a.akamaihd.net/files/media_periodical/48/jwbcov_E_201705_07_r360P.vtt",
                "modifiedDatetime": "2019-02-20T05:00:27.000Z",
                "checksum": "72e67485b6dcb9e68b4e4360e4fdec91"
            }
        },
        {
            "progressiveDownloadURL": "https://download-a.akamaihd.net/files/media_periodical/e9/jwbcov_E_201705_07_r360P.mp4",
            "checksum": "092f9c92a0fd50a2980ac9a87b4fa5ad",
            "filesize": 10032707,
            "modifiedDatetime": "2020-11-24T14:26:30.000Z",
            "bitRate": 438.15417153470327,
            "duration": 178.888,
            "frameHeight": 360,
            "frameWidth": 640,
            "label": "360p",
            "frameRate": 23.976,
            "mimetype": "video/mp4",
            "subtitled": false,
            "subtitles": {
                "url": "https://download-a.akamaihd.net/files/media_periodical/48/jwbcov_E_201705_07_r360P.vtt",
                "modifiedDatetime": "2019-02-20T05:00:27.000Z",
                "checksum": "72e67485b6dcb9e68b4e4360e4fdec91"
            }
        },
        {
            "progressiveDownloadURL": "https://download-a.akamaihd.net/files/media_periodical/d8/jwbcov_E_201705_07_r480P.mp4",
            "checksum": "cde69d826af9a3ee6748dba9133083d8",
            "filesize": 18436641,
            "modifiedDatetime": "2020-11-24T14:26:38.000Z",
            "bitRate": 805.1756283959796,
            "duration": 178.888,
            "frameHeight": 540,
            "frameWidth": 960,
            "label": "480p",
            "frameRate": 23.976,
            "mimetype": "video/mp4",
            "subtitled": false,
            "subtitles": {
                "url": "https://download-a.akamaihd.net/files/media_periodical/47/jwbcov_E_201705_07_r480P.vtt",
                "modifiedDatetime": "2019-02-20T05:00:31.000Z",
                "checksum": "72e67485b6dcb9e68b4e4360e4fdec91"
            }
        },
        {
            "progressiveDownloadURL": "https://download-a.akamaihd.net/files/media_periodical/5b/jwbcov_s-Sub_E_201705_07_r480P.mp4",
            "checksum": "cf214d8a21b073265f0c6a621a8a3682",
            "filesize": 25791051,
            "modifiedDatetime": "2019-02-20T06:36:32.000Z",
            "bitRate": 1126.6303804637525,
            "duration": 178.84533333333334,
            "frameHeight": 480,
            "frameWidth": 854,
            "label": "480p",
            "frameRate": 44.056,
            "mimetype": "video/mp4",
            "subtitled": true,
            "subtitles": {
                "url": "https://download-a.akamaihd.net/files/media_periodical/47/jwbcov_E_201705_07_r480P.vtt",
                "modifiedDatetime": "2019-02-20T05:00:31.000Z",
                "checksum": "72e67485b6dcb9e68b4e4360e4fdec91"
            }
        },
        {
            "progressiveDownloadURL": "https://download-a.akamaihd.net/files/media_periodical/a7/jwbcov_E_201705_07_r720P.mp4",
            "checksum": "0efe4bd76538e0564285632a34d4c849",
            "filesize": 30635724,
            "modifiedDatetime": "2020-11-24T14:26:41.000Z",
            "bitRate": 1337.9410231541524,
            "duration": 178.888,
            "frameHeight": 720,
            "frameWidth": 1280,
            "label": "720p",
            "frameRate": 23.976,
            "mimetype": "video/mp4",
            "subtitled": false,
            "subtitles": {
                "url": "https://download-a.akamaihd.net/files/media_periodical/86/jwbcov_E_201705_07_r720P.vtt",
                "modifiedDatetime": "2019-02-20T05:00:36.000Z",
                "checksum": "72e67485b6dcb9e68b4e4360e4fdec91"
            }
        },
        {
            "progressiveDownloadURL": "https://download-a.akamaihd.net/files/media_periodical/8b/jwbcov_s-Sub_E_201705_07_r720P.mp4",
            "checksum": "cbb63b246a36ae6e44be144b952ff232",
            "filesize": 37038298,
            "modifiedDatetime": "2019-02-20T06:36:40.000Z",
            "bitRate": 1617.9438273946203,
            "duration": 178.84533333333334,
            "frameHeight": 720,
            "frameWidth": 1280,
            "label": "720p",
            "frameRate": 44.056,
            "mimetype": "video/mp4",
            "subtitled": true,
            "subtitles": {
                "url": "https://download-a.akamaihd.net/files/media_periodical/86/jwbcov_E_201705_07_r720P.vtt",
                "modifiedDatetime": "2019-02-20T05:00:36.000Z",
                "checksum": "72e67485b6dcb9e68b4e4360e4fdec91"
            }
        }
    ],
    "printReferences": [
        "jwbcov.201705-7.v",
        "jwbcov.201705-7"
    ],
    "subtitlesUrl": "https://download-a.akamaihd.net/files/media_periodical/54/jwbcov_E_201705_07_r240P.vtt",
    "Name": "pub-jwbcov_E_201705_7_VIDEO",
    "Title": "Build a House That Will Endure—Safeguard Your Children From “What Is Evil”",
    "UndatedReferenceTitle": "Build a House That Will Endure—Safeguard Your Children From “What Is Evil”",
    "ShortTitle": null,
    "Category": "vod",
    "Year": 2018,
    "Symbol": "FamilyChallenges"
}