{
    "guid": "60cb9554b9f9166228092816",
    "languageAgnosticNaturalKey": "pub-co-r21_9_VIDEO",
    "naturalKey": "pub-co-r21_E_9_VIDEO",
    "type": "video",
    "primaryCategory": "2021Convention",
    "description": "",
    "firstPublished": "2021-08-09T14:29:02.131Z",
    "duration": 6330.859,
    "durationFormattedHHMM": "1:45:30",
    "durationFormattedMinSec": "1h 45m 30s",
    "files": [
        {
            "progressiveDownloadURL": "https://download-a.akamaihd.net/files/media_publication/7b/CO-r21_E_09_r240P.mp4",
            "checksum": "65b44619e4058ea393ade90c4c34f375",
            "filesize": 64487578,
            "modifiedDatetime": "2021-08-09T02:30:47.000Z",
            "bitRate": 79.57991216120908,
            "duration": 6330.859,
            "frameHeight": 234,
            "frameWidth": 416,
            "label": "240p",
            "frameRate": 23.976,
            "mimetype": "video/mp4",
            "subtitled": false,
            "subtitles": {
                "url": "https://download-a.akamaihd.net/files/media_publication/c0/co-r21_E_09.vtt",
                "modifiedDatetime": "2021-08-09T02:30:15.000Z",
                "checksum": "868d9d6ae04fc36cf03672fd6ac521dc"
            }
        },
        {
            "progressiveDownloadURL": "https://download-a.akamaihd.net/files/media_publication/56/CO-r21_E_09_r360P.mp4",
            "checksum": "edb461c368843f6b39ffbfcb22586d45",
            "filesize": 235019048,
            "modifiedDatetime": "2021-08-09T02:30:42.000Z",
            "bitRate": 290.02318378360104,
            "duration": 6330.826,
            "frameHeight": 360,
            "frameWidth": 640,
            "label": "360p",
            "frameRate": 23.976,
            "mimetype": "video/mp4",
            "subtitled": false,
            "subtitles": {
                "url": "https://download-a.akamaihd.net/files/media_publication/c0/co-r21_E_09.vtt",
                "modifiedDatetime": "2021-08-09T02:30:15.000Z",
                "checksum": "868d9d6ae04fc36cf03672fd6ac521dc"
            }
        },
        {
            "progressiveDownloadURL": "https://download-a.akamaihd.net/files/media_publication/e2/CO-r21_E_09_r480P.mp4",
            "checksum": "ae4a5ab68f787b96818922705a783850",
            "filesize": 419900824,
            "modifiedDatetime": "2021-08-09T02:30:32.000Z",
            "bitRate": 518.1749091666711,
            "duration": 6330.826,
            "frameHeight": 540,
            "frameWidth": 960,
            "label": "480p",
            "frameRate": 23.976,
            "mimetype": "video/mp4",
            "subtitled": false,
            "subtitles": {
                "url": "https://download-a.akamaihd.net/files/media_publication/c0/co-r21_E_09.vtt",
                "modifiedDatetime": "2021-08-09T02:30:15.000Z",
                "checksum": "868d9d6ae04fc36cf03672fd6ac521dc"
            }
        },
        {
            "progressiveDownloadURL": "https://download-a.akamaihd.net/files/media_publication/75/CO-r21_E_09_r720P.mp4",
            "checksum": "16d1e5416cf377736801b43298433c66",
            "filesize": 682577128,
            "modifiedDatetime": "2021-08-09T02:30:19.000Z",
            "bitRate": 842.3282858350553,
            "duration": 6330.826,
            "frameHeight": 720,
            "frameWidth": 1280,
            "label": "720p",
            "frameRate": 23.976,
            "mimetype": "video/mp4",
            "subtitled": false,
            "subtitles": {
                "url": "https://download-a.akamaihd.net/files/media_publication/c0/co-r21_E_09.vtt",
                "modifiedDatetime": "2021-08-09T02:30:15.000Z",
                "checksum": "868d9d6ae04fc36cf03672fd6ac521dc"
            }
        }
    ],
    "printReferences": [
        "co-r21-9.v",
        "co-r21-9"
    ],
    "subtitlesUrl": "https://download-a.akamaihd.net/files/media_publication/c0/co-r21_E_09.vtt",
    "Name": "pub-co-r21_E_9_VIDEO",
    "Title": "2021 Powerful by Faith! Convention: Sunday Morning Session—Part 1",
    "UndatedReferenceTitle": "2021 Powerful by Faith! Convention: Sunday Morning Session—Part 1",
    "ShortTitle": null,
    "Category": "vod",
    "Year": 2021,
    "Symbol": "2021Convention"
}