{
    "guid": "5f7cc0620ca056895eb12ef7",
    "languageAgnosticNaturalKey": "pub-co-r20_114_VIDEO",
    "naturalKey": "pub-co-r20_E_114_VIDEO",
    "type": "video",
    "primaryCategory": "2020Convention",
    "description": "",
    "firstPublished": "2020-12-01T23:45:49.889Z",
    "duration": 553.346,
    "durationFormattedHHMM": "9:13",
    "durationFormattedMinSec": "9m 13s",
    "files": [
        {
            "progressiveDownloadURL": "https://download-a.akamaihd.net/files/media_publication/ee/CO-r20_E_114_r240P.mp4",
            "checksum": "91e8de2674f50325f818a06d7938b3a1",
            "filesize": 16893550,
            "modifiedDatetime": "2020-11-29T12:53:02.000Z",
            "bitRate": 238.5141654136833,
            "duration": 553.346,
            "frameHeight": 234,
            "frameWidth": 416,
            "label": "240p",
            "frameRate": 23.952,
            "mimetype": "video/mp4",
            "subtitled": false,
            "subtitles": {
                "url": "https://download-a.akamaihd.net/files/media_publication/ea/co-r20_E_114.vtt",
                "modifiedDatetime": "2020-11-29T12:53:19.000Z",
                "checksum": "9970b90943459a23ef8f9556dd1aeb53"
            }
        },
        {
            "progressiveDownloadURL": "https://download-a.akamaihd.net/files/media_publication/3f/CO-r20_E_114_r360P.mp4",
            "checksum": "d8b88e89613a657ddf3a6a5b15d44acf",
            "filesize": 24395110,
            "modifiedDatetime": "2020-11-29T12:53:05.000Z",
            "bitRate": 344.4260858034575,
            "duration": 553.346,
            "frameHeight": 360,
            "frameWidth": 640,
            "label": "360p",
            "frameRate": 23.976,
            "mimetype": "video/mp4",
            "subtitled": false,
            "subtitles": {
                "url": "https://download-a.akamaihd.net/files/media_publication/ea/co-r20_E_114.vtt",
                "modifiedDatetime": "2020-11-29T12:53:19.000Z",
                "checksum": "9970b90943459a23ef8f9556dd1aeb53"
            }
        },
        {
            "progressiveDownloadURL": "https://download-a.akamaihd.net/files/media_publication/e3/CO-r20_E_114_r480P.mp4",
            "checksum": "f4c8ba08ff38dc084d3957ad5b6a17e1",
            "filesize": 45375244,
            "modifiedDatetime": "2020-11-29T12:53:10.000Z",
            "bitRate": 640.6373114651592,
            "duration": 553.346,
            "frameHeight": 540,
            "frameWidth": 960,
            "label": "480p",
            "frameRate": 23.976,
            "mimetype": "video/mp4",
            "subtitled": false,
            "subtitles": {
                "url": "https://download-a.akamaihd.net/files/media_publication/ea/co-r20_E_114.vtt",
                "modifiedDatetime": "2020-11-29T12:53:19.000Z",
                "checksum": "9970b90943459a23ef8f9556dd1aeb53"
            }
        },
        {
            "progressiveDownloadURL": "https://download-a.akamaihd.net/files/media_publication/df/CO-r20_E_114_r720P.mp4",
            "checksum": "4420dab8b5e7ada958a8634d23bd53ac",
            "filesize": 76998457,
            "modifiedDatetime": "2020-11-29T12:53:15.000Z",
            "bitRate": 1087.114473245492,
            "duration": 553.346,
            "frameHeight": 720,
            "frameWidth": 1280,
            "label": "720p",
            "frameRate": 23.976,
            "mimetype": "video/mp4",
            "subtitled": false,
            "subtitles": {
                "url": "https://download-a.akamaihd.net/files/media_publication/ea/co-r20_E_114.vtt",
                "modifiedDatetime": "2020-11-29T12:53:19.000Z",
                "checksum": "9970b90943459a23ef8f9556dd1aeb53"
            }
        }
    ],
    "printReferences": [
        "co-r20-114.v",
        "co-r20-114"
    ],
    "subtitlesUrl": "https://download-a.akamaihd.net/files/media_publication/ea/co-r20_E_114.vtt",
    "Name": "pub-co-r20_E_114_VIDEO",
    "Title": "Harold Corkern: Creation Proves That Jehovah Wants Us to Rejoice—Beautiful Colors",
    "UndatedReferenceTitle": "Harold Corkern: Creation Proves That Jehovah Wants Us to Rejoice—Beautiful Colors",
    "ShortTitle": null,
    "Category": "vod",
    "Year": 2020,
    "Symbol": "2020Convention"
}