{
    "guid": "60ade109b9f9166228c6ac16",
    "languageAgnosticNaturalKey": "pub-co-r21_144_VIDEO",
    "naturalKey": "pub-co-r21_E_144_VIDEO",
    "type": "video",
    "primaryCategory": "2021Convention",
    "description": "",
    "firstPublished": "2021-09-13T16:30:11.772Z",
    "duration": 636.416,
    "durationFormattedHHMM": "10:36",
    "durationFormattedMinSec": "10m 36s",
    "files": [
        {
            "progressiveDownloadURL": "https://download-a.akamaihd.net/files/media_publication/80/CO-r21_E_144_r240P.mp4",
            "checksum": "8b046e0f4a5990fea1ad21ef71973bb6",
            "filesize": 13185448,
            "modifiedDatetime": "2021-09-11T04:49:29.000Z",
            "bitRate": 161.86160074542437,
            "duration": 636.416,
            "frameHeight": 234,
            "frameWidth": 416,
            "label": "240p",
            "frameRate": 23.786,
            "mimetype": "video/mp4",
            "subtitled": false,
            "subtitles": {
                "url": "https://download-a.akamaihd.net/files/media_publication/f7/co-r21_E_144.vtt",
                "modifiedDatetime": "2021-09-11T04:49:17.000Z",
                "checksum": "8d01011ebca78e14a93b5dd3693b6d77"
            }
        },
        {
            "progressiveDownloadURL": "https://download-a.akamaihd.net/files/media_publication/9a/CO-r21_E_144_r360P.mp4",
            "checksum": "9a52a9ee6655edf96ebc61ae32cbb9bd",
            "filesize": 24258696,
            "modifiedDatetime": "2021-09-11T04:49:27.000Z",
            "bitRate": 297.8078786964536,
            "duration": 636.387,
            "frameHeight": 360,
            "frameWidth": 640,
            "label": "360p",
            "frameRate": 23.976,
            "mimetype": "video/mp4",
            "subtitled": false,
            "subtitles": {
                "url": "https://download-a.akamaihd.net/files/media_publication/f7/co-r21_E_144.vtt",
                "modifiedDatetime": "2021-09-11T04:49:17.000Z",
                "checksum": "8d01011ebca78e14a93b5dd3693b6d77"
            }
        },
        {
            "progressiveDownloadURL": "https://download-a.akamaihd.net/files/media_publication/b6/CO-r21_E_144_r480P.mp4",
            "checksum": "7bbfc28c29c4cc00f046411121bde34b",
            "filesize": 42912383,
            "modifiedDatetime": "2021-09-11T04:49:24.000Z",
            "bitRate": 526.8067892453806,
            "duration": 636.387,
            "frameHeight": 540,
            "frameWidth": 960,
            "label": "480p",
            "frameRate": 23.976,
            "mimetype": "video/mp4",
            "subtitled": false,
            "subtitles": {
                "url": "https://download-a.akamaihd.net/files/media_publication/f7/co-r21_E_144.vtt",
                "modifiedDatetime": "2021-09-11T04:49:17.000Z",
                "checksum": "8d01011ebca78e14a93b5dd3693b6d77"
            }
        },
        {
            "progressiveDownloadURL": "https://download-a.akamaihd.net/files/media_publication/c6/CO-r21_E_144_r720P.mp4",
            "checksum": "85a2ee681012f8995ffa006e314e9155",
            "filesize": 68831755,
            "modifiedDatetime": "2021-09-11T04:49:20.000Z",
            "bitRate": 845.0016828400015,
            "duration": 636.387,
            "frameHeight": 720,
            "frameWidth": 1280,
            "label": "720p",
            "frameRate": 23.976,
            "mimetype": "video/mp4",
            "subtitled": false,
            "subtitles": {
                "url": "https://download-a.akamaihd.net/files/media_publication/f7/co-r21_E_144.vtt",
                "modifiedDatetime": "2021-09-11T04:49:17.000Z",
                "checksum": "8d01011ebca78e14a93b5dd3693b6d77"
            }
        }
    ],
    "printReferences": [
        "co-r21-144.v",
        "co-r21-144"
    ],
    "subtitlesUrl": "https://download-a.akamaihd.net/files/media_publication/f7/co-r21_E_144.vtt",
    "Name": "pub-co-r21_E_144_VIDEO",
    "Title": "William Malenfant: Imitate Women of Strong Faith!—Martha",
    "UndatedReferenceTitle": "William Malenfant: Imitate Women of Strong Faith!—Martha",
    "ShortTitle": null,
    "Category": "vod",
    "Year": 2021,
    "Symbol": "2021Convention"
}