{
    "guid": "5eeccf61af341cff13fea06c",
    "languageAgnosticNaturalKey": "pub-co-r20_3_VIDEO",
    "naturalKey": "pub-co-r20_E_3_VIDEO",
    "type": "video",
    "primaryCategory": "2020Convention",
    "description": "",
    "firstPublished": "2020-07-15T21:23:54.405Z",
    "duration": 4541.568,
    "durationFormattedHHMM": "1:15:41",
    "durationFormattedMinSec": "1h 15m 41s",
    "files": [
        {
            "progressiveDownloadURL": "https://download-a.akamaihd.net/files/media_publication/82/CO-r20_E_03_r240P.mp4",
            "checksum": "d2a5b7685ac105b15a8a694ef5cb68bd",
            "filesize": 63518334,
            "modifiedDatetime": "2020-08-05T19:53:53.000Z",
            "bitRate": 109.26556298947852,
            "duration": 4541.568,
            "frameHeight": 234,
            "frameWidth": 416,
            "label": "240p",
            "frameRate": 23.976,
            "mimetype": "video/mp4",
            "subtitled": false,
            "subtitles": {
                "url": "https://download-a.akamaihd.net/files/media_publication/e5/CO-r20_E_03.vtt",
                "modifiedDatetime": "2020-07-21T16:59:41.000Z",
                "checksum": "0d07bd159baf2c3297f618d0d43a6880"
            }
        },
        {
            "progressiveDownloadURL": "https://download-a.akamaihd.net/files/media_publication/c4/CO-r20_E_03_r360P.mp4",
            "checksum": "84f48f0f9056169474b80be32dbd177d",
            "filesize": 177950769,
            "modifiedDatetime": "2020-07-21T16:59:38.000Z",
            "bitRate": 306.11664656609724,
            "duration": 4541.538,
            "frameHeight": 360,
            "frameWidth": 640,
            "label": "360p",
            "frameRate": 23.976,
            "mimetype": "video/mp4",
            "subtitled": false,
            "subtitles": {
                "url": "https://download-a.akamaihd.net/files/media_publication/e5/CO-r20_E_03.vtt",
                "modifiedDatetime": "2020-07-21T16:59:41.000Z",
                "checksum": "0d07bd159baf2c3297f618d0d43a6880"
            }
        },
        {
            "progressiveDownloadURL": "https://download-a.akamaihd.net/files/media_publication/06/CO-r20_E_03_r480P.mp4",
            "checksum": "fb7e2cdccd2c0a93c4b53df5ca937911",
            "filesize": 318861738,
            "modifiedDatetime": "2020-07-21T16:59:39.000Z",
            "bitRate": 548.5162357168431,
            "duration": 4541.538,
            "frameHeight": 540,
            "frameWidth": 960,
            "label": "480p",
            "frameRate": 23.976,
            "mimetype": "video/mp4",
            "subtitled": false,
            "subtitles": {
                "url": "https://download-a.akamaihd.net/files/media_publication/e5/CO-r20_E_03.vtt",
                "modifiedDatetime": "2020-07-21T16:59:41.000Z",
                "checksum": "0d07bd159baf2c3297f618d0d43a6880"
            }
        },
        {
            "progressiveDownloadURL": "https://download-a.akamaihd.net/files/media_publication/f5/CO-r20_E_03_r720P.mp4",
            "checksum": "7988121affbd2a34cb445fd060f86896",
            "filesize": 524467459,
            "modifiedDatetime": "2020-07-21T16:59:40.000Z",
            "bitRate": 902.205821780529,
            "duration": 4541.538,
            "frameHeight": 720,
            "frameWidth": 1280,
            "label": "720p",
            "frameRate": 23.976,
            "mimetype": "video/mp4",
            "subtitled": false,
            "subtitles": {
                "url": "https://download-a.akamaihd.net/files/media_publication/e5/CO-r20_E_03.vtt",
                "modifiedDatetime": "2020-07-21T16:59:41.000Z",
                "checksum": "0d07bd159baf2c3297f618d0d43a6880"
            }
        }
    ],
    "printReferences": [
        "co-r20-3.v",
        "co-r20-3"
    ],
    "subtitlesUrl": "https://download-a.akamaihd.net/files/media_publication/e5/CO-r20_E_03.vtt",
    "Name": "pub-co-r20_E_3_VIDEO",
    "Title": "2020 “Always Rejoice”! Convention: Friday Afternoon Session—Part 1",
    "UndatedReferenceTitle": "2020 “Always Rejoice”! Convention: Friday Afternoon Session—Part 1",
    "ShortTitle": null,
    "Category": "vod",
    "Year": 2020,
    "Symbol": "2020Convention"
}