{
    "guid": "5f7283f60ca056895e82838e",
    "languageAgnosticNaturalKey": "pub-lffv_161_VIDEO",
    "naturalKey": "pub-lffv_E_161_VIDEO",
    "type": "video",
    "primaryCategory": "Other",
    "description": "",
    "firstPublished": "2021-01-13T18:29:08.019Z",
    "duration": 310.294,
    "durationFormattedHHMM": "5:10",
    "durationFormattedMinSec": "5m 10s",
    "files": [
        {
            "progressiveDownloadURL": "https://download-a.akamaihd.net/files/media_publication/64/lffv_E_161_r240P.mp4",
            "checksum": "da10872d34a3256761fefe268ec8b156",
            "filesize": 8971962,
            "modifiedDatetime": "2021-01-13T03:28:41.000Z",
            "bitRate": 225.89367865637107,
            "duration": 310.294,
            "frameHeight": 234,
            "frameWidth": 416,
            "label": "240p",
            "frameRate": 23.715,
            "mimetype": "video/mp4",
            "subtitled": false,
            "subtitles": {
                "url": "https://download-a.akamaihd.net/files/media_publication/f4/lffv_E_161.vtt",
                "modifiedDatetime": "2021-01-13T03:28:54.000Z",
                "checksum": "5c204fdf28f40d2470066233fb75ee78"
            }
        },
        {
            "progressiveDownloadURL": "https://download-a.akamaihd.net/files/media_publication/2c/lffv_E_161_r360P.mp4",
            "checksum": "ea7edc06fc84fb6cd8e9338bb1334147",
            "filesize": 17047306,
            "modifiedDatetime": "2021-01-13T03:28:43.000Z",
            "bitRate": 429.245747655268,
            "duration": 310.27,
            "frameHeight": 360,
            "frameWidth": 640,
            "label": "360p",
            "frameRate": 23.976,
            "mimetype": "video/mp4",
            "subtitled": false,
            "subtitles": {
                "url": "https://download-a.akamaihd.net/files/media_publication/f4/lffv_E_161.vtt",
                "modifiedDatetime": "2021-01-13T03:28:54.000Z",
                "checksum": "5c204fdf28f40d2470066233fb75ee78"
            }
        },
        {
            "progressiveDownloadURL": "https://download-a.akamaihd.net/files/media_publication/d4/lffv_E_161_r480P.mp4",
            "checksum": "e6e8e86b795782f38745e77ed2f085ac",
            "filesize": 31808518,
            "modifiedDatetime": "2021-01-13T03:28:45.000Z",
            "bitRate": 800.9283748831663,
            "duration": 310.27,
            "frameHeight": 540,
            "frameWidth": 960,
            "label": "480p",
            "frameRate": 23.976,
            "mimetype": "video/mp4",
            "subtitled": false,
            "subtitles": {
                "url": "https://download-a.akamaihd.net/files/media_publication/f4/lffv_E_161.vtt",
                "modifiedDatetime": "2021-01-13T03:28:54.000Z",
                "checksum": "5c204fdf28f40d2470066233fb75ee78"
            }
        },
        {
            "progressiveDownloadURL": "https://download-a.akamaihd.net/files/media_publication/3f/lffv_E_161_r720P.mp4",
            "checksum": "dde35c4d316d46d93c6267c0d82bc4f7",
            "filesize": 53144886,
            "modifiedDatetime": "2021-01-13T03:28:48.000Z",
            "bitRate": 1338.1713406871436,
            "duration": 310.27,
            "frameHeight": 720,
            "frameWidth": 1280,
            "label": "720p",
            "frameRate": 23.976,
            "mimetype": "video/mp4",
            "subtitled": false,
            "subtitles": {
                "url": "https://download-a.akamaihd.net/files/media_publication/f4/lffv_E_161.vtt",
                "modifiedDatetime": "2021-01-13T03:28:54.000Z",
                "checksum": "5c204fdf28f40d2470066233fb75ee78"
            }
        }
    ],
    "printReferences": [
        "lffv-161.v",
        "lffv-161"
    ],
    "subtitlesUrl": "https://download-a.akamaihd.net/files/media_publication/f4/lffv_E_161.vtt",
    "Name": "pub-lffv_E_161_VIDEO",
    "Title": "A Sick Woman Is Cured",
    "UndatedReferenceTitle": "A Sick Woman Is Cured",
    "ShortTitle": null,
    "Category": "vod",
    "Year": 2021,
    "Symbol": "Other"
}