{
    "guid": "625d741ededf1bc789378be4",
    "languageAgnosticNaturalKey": "pub-co-r22_133_VIDEO",
    "naturalKey": "pub-co-r22_E_133_VIDEO",
    "type": "video",
    "primaryCategory": "2022Convention",
    "description": "",
    "firstPublished": "2022-07-25T13:36:15.621Z",
    "duration": 724.886,
    "durationFormattedHHMM": "12:04",
    "durationFormattedMinSec": "12m 4s",
    "files": [
        {
            "progressiveDownloadURL": "https://download-a.akamaihd.net/files/media_publication/b5/CO-r22_E_133_r240P.mp4",
            "checksum": "dc1a898e0af8385a008388f6ef1a0c8b",
            "filesize": 11591490,
            "modifiedDatetime": "2022-07-25T00:36:11.000Z",
            "bitRate": 124.92794125559054,
            "duration": 724.886,
            "frameHeight": 234,
            "frameWidth": 416,
            "label": "240p",
            "frameRate": 23.976,
            "mimetype": "video/mp4",
            "subtitled": false,
            "subtitles": {
                "url": "https://download-a.akamaihd.net/files/media_publication/a6/CO-r22_E_133.vtt",
                "modifiedDatetime": "2022-07-25T00:35:36.000Z",
                "checksum": "18d811e5d26aae69c5fa3fb2c6ffad46"
            }
        },
        {
            "progressiveDownloadURL": "https://download-a.akamaihd.net/files/media_publication/44/CO-r22_E_133_r360P.mp4",
            "checksum": "ee7b37e26bb1b2d6eef4e9334ce01eb1",
            "filesize": 22993745,
            "modifiedDatetime": "2022-07-25T00:36:05.000Z",
            "bitRate": 247.82391291676782,
            "duration": 724.864,
            "frameHeight": 360,
            "frameWidth": 640,
            "label": "360p",
            "frameRate": 23.976,
            "mimetype": "video/mp4",
            "subtitled": false,
            "subtitles": {
                "url": "https://download-a.akamaihd.net/files/media_publication/a6/CO-r22_E_133.vtt",
                "modifiedDatetime": "2022-07-25T00:35:36.000Z",
                "checksum": "18d811e5d26aae69c5fa3fb2c6ffad46"
            }
        },
        {
            "progressiveDownloadURL": "https://download-a.akamaihd.net/files/media_publication/ca/CO-r22_E_133_r480P.mp4",
            "checksum": "ea28bff1941cc2d90b5bf4a89af45cde",
            "filesize": 40506698,
            "modifiedDatetime": "2022-07-25T00:35:57.000Z",
            "bitRate": 436.57648624431613,
            "duration": 724.864,
            "frameHeight": 540,
            "frameWidth": 960,
            "label": "480p",
            "frameRate": 23.976,
            "mimetype": "video/mp4",
            "subtitled": false,
            "subtitles": {
                "url": "https://download-a.akamaihd.net/files/media_publication/a6/CO-r22_E_133.vtt",
                "modifiedDatetime": "2022-07-25T00:35:36.000Z",
                "checksum": "18d811e5d26aae69c5fa3fb2c6ffad46"
            }
        },
        {
            "progressiveDownloadURL": "https://download-a.akamaihd.net/files/media_publication/0a/CO-r22_E_133_r720P.mp4",
            "checksum": "60b03ce5831e529e0cbb7540f40e69a9",
            "filesize": 67591439,
            "modifiedDatetime": "2022-07-25T00:35:49.000Z",
            "bitRate": 728.4926788852805,
            "duration": 724.864,
            "frameHeight": 720,
            "frameWidth": 1280,
            "label": "720p",
            "frameRate": 23.976,
            "mimetype": "video/mp4",
            "subtitled": false,
            "subtitles": {
                "url": "https://download-a.akamaihd.net/files/media_publication/a6/CO-r22_E_133.vtt",
                "modifiedDatetime": "2022-07-25T00:35:36.000Z",
                "checksum": "18d811e5d26aae69c5fa3fb2c6ffad46"
            }
        }
    ],
    "printReferences": [
        "co-r22-133.v",
        "co-r22-133"
    ],
    "subtitlesUrl": "https://download-a.akamaihd.net/files/media_publication/a6/CO-r22_E_133.vtt",
    "Name": "pub-co-r22_E_133_VIDEO",
    "Title": "Ralph Walls: “Seek Peace and Pursue It” . . . By Apologizing",
    "UndatedReferenceTitle": "Ralph Walls: “Seek Peace and Pursue It” . . . By Apologizing",
    "ShortTitle": null,
    "Category": "vod",
    "Year": 2022,
    "Symbol": "2022Convention"
}