{
    "guid": "5f7f284a0ca056895eb917e8",
    "languageAgnosticNaturalKey": "pub-co-r20_111_VIDEO",
    "naturalKey": "pub-co-r20_E_111_VIDEO",
    "type": "video",
    "primaryCategory": "2020Convention",
    "description": "",
    "firstPublished": "2020-12-01T23:45:58.169Z",
    "duration": 890.057,
    "durationFormattedHHMM": "14:50",
    "durationFormattedMinSec": "14m 50s",
    "files": [
        {
            "progressiveDownloadURL": "https://download-a.akamaihd.net/files/media_publication/63/CO-r20_E_111_r240P.mp4",
            "checksum": "fa5706d700d0a2a395b77e4adac19f75",
            "filesize": 22690292,
            "modifiedDatetime": "2020-11-29T12:51:52.000Z",
            "bitRate": 199.16466726288317,
            "duration": 890.057,
            "frameHeight": 234,
            "frameWidth": 416,
            "label": "240p",
            "frameRate": 23.976,
            "mimetype": "video/mp4",
            "subtitled": false,
            "subtitles": {
                "url": "https://download-a.akamaihd.net/files/media_publication/fc/co-r20_E_111.vtt",
                "modifiedDatetime": "2020-11-29T12:52:14.000Z",
                "checksum": "69edeaf8c96b3ffcab99064888119ef1"
            }
        },
        {
            "progressiveDownloadURL": "https://download-a.akamaihd.net/files/media_publication/87/CO-r20_E_111_r360P.mp4",
            "checksum": "7eb518484184ee7eda1a8c69b03729f5",
            "filesize": 30905460,
            "modifiedDatetime": "2020-11-29T12:51:57.000Z",
            "bitRate": 271.2735322007467,
            "duration": 890.057,
            "frameHeight": 360,
            "frameWidth": 640,
            "label": "360p",
            "frameRate": 23.976,
            "mimetype": "video/mp4",
            "subtitled": false,
            "subtitles": {
                "url": "https://download-a.akamaihd.net/files/media_publication/fc/co-r20_E_111.vtt",
                "modifiedDatetime": "2020-11-29T12:52:14.000Z",
                "checksum": "69edeaf8c96b3ffcab99064888119ef1"
            }
        },
        {
            "progressiveDownloadURL": "https://download-a.akamaihd.net/files/media_publication/6b/CO-r20_E_111_r480P.mp4",
            "checksum": "9f3965f6271093fd4438641c0ec5d71a",
            "filesize": 54319114,
            "modifiedDatetime": "2020-11-29T12:52:01.000Z",
            "bitRate": 476.78752947844913,
            "duration": 890.057,
            "frameHeight": 540,
            "frameWidth": 960,
            "label": "480p",
            "frameRate": 23.976,
            "mimetype": "video/mp4",
            "subtitled": false,
            "subtitles": {
                "url": "https://download-a.akamaihd.net/files/media_publication/fc/co-r20_E_111.vtt",
                "modifiedDatetime": "2020-11-29T12:52:14.000Z",
                "checksum": "69edeaf8c96b3ffcab99064888119ef1"
            }
        },
        {
            "progressiveDownloadURL": "https://download-a.akamaihd.net/files/media_publication/94/CO-r20_E_111_r720P.mp4",
            "checksum": "ed8645c47b23e12f18a8d5bd46b0dbc8",
            "filesize": 92854306,
            "modifiedDatetime": "2020-11-29T12:52:07.000Z",
            "bitRate": 815.031245892117,
            "duration": 890.057,
            "frameHeight": 720,
            "frameWidth": 1280,
            "label": "720p",
            "frameRate": 23.976,
            "mimetype": "video/mp4",
            "subtitled": false,
            "subtitles": {
                "url": "https://download-a.akamaihd.net/files/media_publication/fc/co-r20_E_111.vtt",
                "modifiedDatetime": "2020-11-29T12:52:14.000Z",
                "checksum": "69edeaf8c96b3ffcab99064888119ef1"
            }
        }
    ],
    "printReferences": [
        "co-r20-111.v",
        "co-r20-111"
    ],
    "subtitlesUrl": "https://download-a.akamaihd.net/files/media_publication/fc/co-r20_E_111.vtt",
    "Name": "pub-co-r20_E_111_VIDEO",
    "Title": "Ronald Curzan: Cultivate Joy in Your Family—Young Ones, Rejoice in Your Parents",
    "UndatedReferenceTitle": "Ronald Curzan: Cultivate Joy in Your Family—Young Ones, Rejoice in Your Parents",
    "ShortTitle": null,
    "Category": "vod",
    "Year": 2020,
    "Symbol": "2020Convention"
}