{
    "guid": "624c84fddedf1bc78910a723",
    "languageAgnosticNaturalKey": "pub-co-r22_125_VIDEO",
    "naturalKey": "pub-co-r22_E_125_VIDEO",
    "type": "video",
    "primaryCategory": "2022Convention",
    "description": "",
    "firstPublished": "2022-07-18T14:40:28.964Z",
    "duration": 1749.483,
    "durationFormattedHHMM": "29:09",
    "durationFormattedMinSec": "29m 9s",
    "files": [
        {
            "progressiveDownloadURL": "https://download-a.akamaihd.net/files/media_publication/bd/CO-r22_E_125_r240P.mp4",
            "checksum": "18bd16e1355f99bb48a7333cfc469732",
            "filesize": 29491974,
            "modifiedDatetime": "2022-07-17T23:59:37.000Z",
            "bitRate": 131.69950601120445,
            "duration": 1749.483,
            "frameHeight": 234,
            "frameWidth": 416,
            "label": "240p",
            "frameRate": 23.976,
            "mimetype": "video/mp4",
            "subtitled": false,
            "subtitles": {
                "url": "https://download-a.akamaihd.net/files/media_publication/51/CO-r22_E_125.vtt",
                "modifiedDatetime": "2022-07-17T23:59:22.000Z",
                "checksum": "720561a5b70d3a93dc9dc4a4f29e7d0b"
            }
        },
        {
            "progressiveDownloadURL": "https://download-a.akamaihd.net/files/media_publication/ad/CO-r22_E_125_r360P.mp4",
            "checksum": "b4c1959999ab5252d91157680e04afb1",
            "filesize": 57638051,
            "modifiedDatetime": "2022-07-17T23:59:34.000Z",
            "bitRate": 257.39185728955533,
            "duration": 1749.462,
            "frameHeight": 360,
            "frameWidth": 640,
            "label": "360p",
            "frameRate": 23.976,
            "mimetype": "video/mp4",
            "subtitled": false,
            "subtitles": {
                "url": "https://download-a.akamaihd.net/files/media_publication/51/CO-r22_E_125.vtt",
                "modifiedDatetime": "2022-07-17T23:59:22.000Z",
                "checksum": "720561a5b70d3a93dc9dc4a4f29e7d0b"
            }
        },
        {
            "progressiveDownloadURL": "https://download-a.akamaihd.net/files/media_publication/55/CO-r22_E_125_r480P.mp4",
            "checksum": "c1bc6712557c75eb9ab6477fe3db1b4f",
            "filesize": 101015232,
            "modifiedDatetime": "2022-07-17T23:59:30.000Z",
            "bitRate": 451.0995380294056,
            "duration": 1749.462,
            "frameHeight": 540,
            "frameWidth": 960,
            "label": "480p",
            "frameRate": 23.976,
            "mimetype": "video/mp4",
            "subtitled": false,
            "subtitles": {
                "url": "https://download-a.akamaihd.net/files/media_publication/51/CO-r22_E_125.vtt",
                "modifiedDatetime": "2022-07-17T23:59:22.000Z",
                "checksum": "720561a5b70d3a93dc9dc4a4f29e7d0b"
            }
        },
        {
            "progressiveDownloadURL": "https://download-a.akamaihd.net/files/media_publication/db/CO-r22_E_125_r720P.mp4",
            "checksum": "6502766723b241f52073e2b76f5ed5e9",
            "filesize": 171705803,
            "modifiedDatetime": "2022-07-17T23:59:26.000Z",
            "bitRate": 766.7794933170884,
            "duration": 1749.462,
            "frameHeight": 720,
            "frameWidth": 1280,
            "label": "720p",
            "frameRate": 23.976,
            "mimetype": "video/mp4",
            "subtitled": false,
            "subtitles": {
                "url": "https://download-a.akamaihd.net/files/media_publication/51/CO-r22_E_125.vtt",
                "modifiedDatetime": "2022-07-17T23:59:22.000Z",
                "checksum": "720561a5b70d3a93dc9dc4a4f29e7d0b"
            }
        }
    ],
    "printReferences": [
        "co-r22-125.v",
        "co-r22-125"
    ],
    "subtitlesUrl": "https://download-a.akamaihd.net/files/media_publication/51/CO-r22_E_125.vtt",
    "Name": "pub-co-r22_E_125_VIDEO",
    "Title": "William Turner, Jr.: Baptism: Go On Walking “in the Way of Peace”",
    "UndatedReferenceTitle": "William Turner, Jr.: Baptism: Go On Walking “in the Way of Peace”",
    "ShortTitle": null,
    "Category": "vod",
    "Year": 2022,
    "Symbol": "2022Convention"
}