{
    "guid": "626994c6b685ba344173ff6d",
    "languageAgnosticNaturalKey": "pub-co-r22_3_VIDEO",
    "naturalKey": "pub-co-r22_E_3_VIDEO",
    "type": "video",
    "primaryCategory": "2022Convention",
    "description": "",
    "firstPublished": "2022-07-04T15:19:19.138Z",
    "duration": 4146.902,
    "durationFormattedHHMM": "1:09:06",
    "durationFormattedMinSec": "1h 9m 6s",
    "files": [
        {
            "progressiveDownloadURL": "https://download-a.akamaihd.net/files/media_publication/27/CO-r22_E_03_r240P.mp4",
            "checksum": "d2e8fd691acf82dc1b314488b41adee3",
            "filesize": 65473836,
            "modifiedDatetime": "2022-08-17T15:18:47.000Z",
            "bitRate": 123.34854880824288,
            "duration": 4146.902,
            "frameHeight": 234,
            "frameWidth": 416,
            "label": "240p",
            "frameRate": 23.976,
            "mimetype": "video/mp4",
            "subtitled": false,
            "subtitles": {
                "url": "https://download-a.akamaihd.net/files/media_publication/69/CO-r22_E_03.vtt",
                "modifiedDatetime": "2022-08-17T15:18:30.000Z",
                "checksum": "16531ba094bb2e8cfedd1bcd6f7aebc4"
            }
        },
        {
            "progressiveDownloadURL": "https://download-a.akamaihd.net/files/media_publication/20/CO-r22_E_03_r360P.mp4",
            "checksum": "f5acef3f81d892975f422d9239e4ae9f",
            "filesize": 195265317,
            "modifiedDatetime": "2022-08-17T15:18:56.000Z",
            "bitRate": 367.86745600993225,
            "duration": 4146.902,
            "frameHeight": 360,
            "frameWidth": 640,
            "label": "360p",
            "frameRate": 23.976,
            "mimetype": "video/mp4",
            "subtitled": false,
            "subtitles": {
                "url": "https://download-a.akamaihd.net/files/media_publication/69/CO-r22_E_03.vtt",
                "modifiedDatetime": "2022-08-17T15:18:30.000Z",
                "checksum": "16531ba094bb2e8cfedd1bcd6f7aebc4"
            }
        },
        {
            "progressiveDownloadURL": "https://download-a.akamaihd.net/files/media_publication/dc/CO-r22_E_03_r480P.mp4",
            "checksum": "ccb0b5134e642fcdeda6c5cf83631213",
            "filesize": 377731095,
            "modifiedDatetime": "2022-08-17T15:19:09.000Z",
            "bitRate": 711.6213934371972,
            "duration": 4146.902,
            "frameHeight": 540,
            "frameWidth": 960,
            "label": "480p",
            "frameRate": 23.976,
            "mimetype": "video/mp4",
            "subtitled": false,
            "subtitles": {
                "url": "https://download-a.akamaihd.net/files/media_publication/69/CO-r22_E_03.vtt",
                "modifiedDatetime": "2022-08-17T15:18:30.000Z",
                "checksum": "16531ba094bb2e8cfedd1bcd6f7aebc4"
            }
        },
        {
            "progressiveDownloadURL": "https://download-a.akamaihd.net/files/media_publication/a3/CO-r22_E_03_r720P.mp4",
            "checksum": "70a9cdedee52fb07b395f5fdc5611278",
            "filesize": 654729100,
            "modifiedDatetime": "2022-08-17T15:19:32.000Z",
            "bitRate": 1233.4680428305273,
            "duration": 4146.902,
            "frameHeight": 720,
            "frameWidth": 1280,
            "label": "720p",
            "frameRate": 23.976,
            "mimetype": "video/mp4",
            "subtitled": false,
            "subtitles": {
                "url": "https://download-a.akamaihd.net/files/media_publication/69/CO-r22_E_03.vtt",
                "modifiedDatetime": "2022-08-17T15:18:30.000Z",
                "checksum": "16531ba094bb2e8cfedd1bcd6f7aebc4"
            }
        }
    ],
    "printReferences": [
        "co-r22-3.v",
        "co-r22-3"
    ],
    "subtitlesUrl": "https://download-a.akamaihd.net/files/media_publication/69/CO-r22_E_03.vtt",
    "Name": "pub-co-r22_E_3_VIDEO",
    "Title": "2022 “Pursue Peace”! Convention: Friday Afternoon Session—Part 1",
    "UndatedReferenceTitle": "2022 “Pursue Peace”! Convention: Friday Afternoon Session—Part 1",
    "ShortTitle": null,
    "Category": "vod",
    "Year": 2022,
    "Symbol": "2022Convention"
}