{
    "guid": "626994c6b685ba344173ff6d",
    "languageAgnosticNaturalKey": "pub-co-r22_3_VIDEO",
    "naturalKey": "pub-co-r22_E_3_VIDEO",
    "type": "video",
    "primaryCategory": "2022Convention",
    "description": "",
    "firstPublished": "2022-07-04T15:19:19.138Z",
    "duration": 4158.656,
    "durationFormattedHHMM": "1:09:18",
    "durationFormattedMinSec": "1h 9m 18s",
    "files": [
        {
            "progressiveDownloadURL": "https://download-a.akamaihd.net/files/media_publication/27/CO-r22_E_03_r240P.mp4",
            "checksum": "08d187d519f7204277857671a0a70390",
            "filesize": 63411417,
            "modifiedDatetime": "2022-07-03T22:18:19.000Z",
            "bitRate": 119.12543266682793,
            "duration": 4158.656,
            "frameHeight": 234,
            "frameWidth": 416,
            "label": "240p",
            "frameRate": 23.976,
            "mimetype": "video/mp4",
            "subtitled": false,
            "subtitles": {
                "url": "https://download-a.akamaihd.net/files/media_publication/69/CO-r22_E_03.vtt",
                "modifiedDatetime": "2022-07-03T22:18:50.000Z",
                "checksum": "2c3179ba5d042a0e50134d3f127d338b"
            }
        },
        {
            "progressiveDownloadURL": "https://download-a.akamaihd.net/files/media_publication/20/CO-r22_E_03_r360P.mp4",
            "checksum": "6eee94213521bd37cd6647ef226d795a",
            "filesize": 183950930,
            "modifiedDatetime": "2022-07-03T22:18:42.000Z",
            "bitRate": 345.57412242839297,
            "duration": 4158.635,
            "frameHeight": 360,
            "frameWidth": 640,
            "label": "360p",
            "frameRate": 23.976,
            "mimetype": "video/mp4",
            "subtitled": false,
            "subtitles": {
                "url": "https://download-a.akamaihd.net/files/media_publication/69/CO-r22_E_03.vtt",
                "modifiedDatetime": "2022-07-03T22:18:50.000Z",
                "checksum": "2c3179ba5d042a0e50134d3f127d338b"
            }
        },
        {
            "progressiveDownloadURL": "https://download-a.akamaihd.net/files/media_publication/dc/CO-r22_E_03_r480P.mp4",
            "checksum": "46198b6e995832736ec163c636579227",
            "filesize": 343916795,
            "modifiedDatetime": "2022-07-03T22:18:32.000Z",
            "bitRate": 646.0893925380564,
            "duration": 4158.635,
            "frameHeight": 540,
            "frameWidth": 960,
            "label": "480p",
            "frameRate": 23.976,
            "mimetype": "video/mp4",
            "subtitled": false,
            "subtitles": {
                "url": "https://download-a.akamaihd.net/files/media_publication/69/CO-r22_E_03.vtt",
                "modifiedDatetime": "2022-07-03T22:18:50.000Z",
                "checksum": "2c3179ba5d042a0e50134d3f127d338b"
            }
        },
        {
            "progressiveDownloadURL": "https://download-a.akamaihd.net/files/media_publication/a3/CO-r22_E_03_r720P.mp4",
            "checksum": "be9fdf2321a152fe9ddbbcaa699e71b7",
            "filesize": 598131831,
            "modifiedDatetime": "2022-07-03T22:18:22.000Z",
            "bitRate": 1123.663156224939,
            "duration": 4158.635,
            "frameHeight": 720,
            "frameWidth": 1280,
            "label": "720p",
            "frameRate": 23.976,
            "mimetype": "video/mp4",
            "subtitled": false,
            "subtitles": {
                "url": "https://download-a.akamaihd.net/files/media_publication/69/CO-r22_E_03.vtt",
                "modifiedDatetime": "2022-07-03T22:18:50.000Z",
                "checksum": "2c3179ba5d042a0e50134d3f127d338b"
            }
        }
    ],
    "printReferences": [
        "co-r22-3.v",
        "co-r22-3"
    ],
    "subtitlesUrl": "https://download-a.akamaihd.net/files/media_publication/69/CO-r22_E_03.vtt",
    "Name": "pub-co-r22_E_3_VIDEO",
    "Title": "2022 “Pursue Peace”! Convention: Friday Afternoon Session—Part 1",
    "UndatedReferenceTitle": "2022 “Pursue Peace”! Convention: Friday Afternoon Session—Part 1",
    "ShortTitle": null,
    "Category": "vod",
    "Year": 2022,
    "Symbol": "2022Convention"
}