{
    "guid": "6091a3b5b738cf2eda521d28",
    "languageAgnosticNaturalKey": "pub-co-r21_109_VIDEO",
    "naturalKey": "pub-co-r21_E_109_VIDEO",
    "type": "video",
    "primaryCategory": "2021Convention",
    "description": "",
    "firstPublished": "2021-09-13T16:52:13.712Z",
    "duration": 582.08,
    "durationFormattedHHMM": "9:42",
    "durationFormattedMinSec": "9m 42s",
    "files": [
        {
            "progressiveDownloadURL": "https://download-a.akamaihd.net/files/media_publication/4d/CO-r21_E_109_r240P.mp4",
            "checksum": "a27d4c8b626065022046570150d93454",
            "filesize": 14319075,
            "modifiedDatetime": "2021-09-11T04:54:42.000Z",
            "bitRate": 192.18625178240103,
            "duration": 582.08,
            "frameHeight": 234,
            "frameWidth": 416,
            "label": "240p",
            "frameRate": 23.576,
            "mimetype": "video/mp4",
            "subtitled": false,
            "subtitles": {
                "url": "https://download-a.akamaihd.net/files/media_publication/c5/co-r21_E_109.vtt",
                "modifiedDatetime": "2021-09-11T04:54:29.000Z",
                "checksum": "11a62cbf13fd646057fff87795846cee"
            }
        },
        {
            "progressiveDownloadURL": "https://download-a.akamaihd.net/files/media_publication/6f/CO-r21_E_109_r360P.mp4",
            "checksum": "fdfa9d6ac8a9fbb7aa26800e379e01bc",
            "filesize": 28342345,
            "modifiedDatetime": "2021-09-11T04:54:39.000Z",
            "bitRate": 380.42778827007027,
            "duration": 582.041,
            "frameHeight": 360,
            "frameWidth": 640,
            "label": "360p",
            "frameRate": 23.976,
            "mimetype": "video/mp4",
            "subtitled": false,
            "subtitles": {
                "url": "https://download-a.akamaihd.net/files/media_publication/c5/co-r21_E_109.vtt",
                "modifiedDatetime": "2021-09-11T04:54:29.000Z",
                "checksum": "11a62cbf13fd646057fff87795846cee"
            }
        },
        {
            "progressiveDownloadURL": "https://download-a.akamaihd.net/files/media_publication/e9/CO-r21_E_109_r480P.mp4",
            "checksum": "d826c365f1f908df80a0cdcf228b24b7",
            "filesize": 55089267,
            "modifiedDatetime": "2021-09-11T04:54:36.000Z",
            "bitRate": 739.4408614470458,
            "duration": 582.041,
            "frameHeight": 540,
            "frameWidth": 960,
            "label": "480p",
            "frameRate": 23.976,
            "mimetype": "video/mp4",
            "subtitled": false,
            "subtitles": {
                "url": "https://download-a.akamaihd.net/files/media_publication/c5/co-r21_E_109.vtt",
                "modifiedDatetime": "2021-09-11T04:54:29.000Z",
                "checksum": "11a62cbf13fd646057fff87795846cee"
            }
        },
        {
            "progressiveDownloadURL": "https://download-a.akamaihd.net/files/media_publication/ca/CO-r21_E_109_r720P.mp4",
            "checksum": "058517d5fcd1604724a68c4c9cfba126",
            "filesize": 95567557,
            "modifiedDatetime": "2021-09-11T04:54:30.000Z",
            "bitRate": 1282.7645115421421,
            "duration": 582.041,
            "frameHeight": 720,
            "frameWidth": 1280,
            "label": "720p",
            "frameRate": 23.976,
            "mimetype": "video/mp4",
            "subtitled": false,
            "subtitles": {
                "url": "https://download-a.akamaihd.net/files/media_publication/c5/co-r21_E_109.vtt",
                "modifiedDatetime": "2021-09-11T04:54:29.000Z",
                "checksum": "11a62cbf13fd646057fff87795846cee"
            }
        }
    ],
    "printReferences": [
        "co-r21-109.v",
        "co-r21-109"
    ],
    "subtitlesUrl": "https://download-a.akamaihd.net/files/media_publication/c5/co-r21_E_109.vtt",
    "Name": "pub-co-r21_E_109_VIDEO",
    "Title": "Patrick LaFranca: Use Creation to Build Your Faith—Oceans",
    "UndatedReferenceTitle": "Patrick LaFranca: Use Creation to Build Your Faith—Oceans",
    "ShortTitle": null,
    "Category": "vod",
    "Year": 2021,
    "Symbol": "2021Convention"
}