{
    "guid": "5f6366020ca056895e3e4adb",
    "languageAgnosticNaturalKey": "pub-jwbcov20_2_VIDEO",
    "naturalKey": "pub-jwbcov20_E_2_VIDEO",
    "type": "video",
    "primaryCategory": "2020Convention",
    "description": "",
    "firstPublished": "2020-09-28T13:13:07.132Z",
    "duration": 393.6,
    "durationFormattedHHMM": "6:33",
    "durationFormattedMinSec": "6m 33s",
    "files": [
        {
            "progressiveDownloadURL": "https://download-a.akamaihd.net/files/media_publication/d3/jwbcov20_E_02_r240P.mp4",
            "checksum": "9d67582ec6c91fc1e511f8df2382aaa5",
            "filesize": 6392775,
            "modifiedDatetime": "2020-12-15T00:18:28.000Z",
            "bitRate": 126.88911251905488,
            "duration": 393.6,
            "frameHeight": 234,
            "frameWidth": 416,
            "label": "240p",
            "frameRate": 23.692,
            "mimetype": "video/mp4",
            "subtitled": false,
            "subtitles": {
                "url": "https://download-a.akamaihd.net/files/media_publication/ce/jwbcov20_E_02.vtt",
                "modifiedDatetime": "2020-09-28T06:21:16.000Z",
                "checksum": "754d0ab069fcd8e61c9a12c0bda7e3e7"
            }
        },
        {
            "progressiveDownloadURL": "https://download-a.akamaihd.net/files/media_publication/b4/jwbcov20_E_02_r360P.mp4",
            "checksum": "b37c6a030e24fb2eba449b76867f85fb",
            "filesize": 12743155,
            "modifiedDatetime": "2020-09-28T06:21:27.000Z",
            "bitRate": 252.9617986474778,
            "duration": 393.561,
            "frameHeight": 360,
            "frameWidth": 640,
            "label": "360p",
            "frameRate": 23.976,
            "mimetype": "video/mp4",
            "subtitled": false,
            "subtitles": {
                "url": "https://download-a.akamaihd.net/files/media_publication/ce/jwbcov20_E_02.vtt",
                "modifiedDatetime": "2020-09-28T06:21:16.000Z",
                "checksum": "754d0ab069fcd8e61c9a12c0bda7e3e7"
            }
        },
        {
            "progressiveDownloadURL": "https://download-a.akamaihd.net/files/media_publication/f6/jwbcov20_E_02_r480P.mp4",
            "checksum": "56ffae91a36f0eef1c13b7b219e5b7a7",
            "filesize": 22004244,
            "modifiedDatetime": "2020-09-28T06:21:30.000Z",
            "bitRate": 436.8018077248508,
            "duration": 393.561,
            "frameHeight": 540,
            "frameWidth": 960,
            "label": "480p",
            "frameRate": 23.976,
            "mimetype": "video/mp4",
            "subtitled": false,
            "subtitles": {
                "url": "https://download-a.akamaihd.net/files/media_publication/ce/jwbcov20_E_02.vtt",
                "modifiedDatetime": "2020-09-28T06:21:16.000Z",
                "checksum": "754d0ab069fcd8e61c9a12c0bda7e3e7"
            }
        },
        {
            "progressiveDownloadURL": "https://download-a.akamaihd.net/files/media_publication/1a/jwbcov20_E_02_r720P.mp4",
            "checksum": "ab24e54e5169bcdfb54ce2410823b556",
            "filesize": 34593268,
            "modifiedDatetime": "2020-09-28T06:21:37.000Z",
            "bitRate": 686.7039829912009,
            "duration": 393.561,
            "frameHeight": 720,
            "frameWidth": 1280,
            "label": "720p",
            "frameRate": 23.976,
            "mimetype": "video/mp4",
            "subtitled": false,
            "subtitles": {
                "url": "https://download-a.akamaihd.net/files/media_publication/ce/jwbcov20_E_02.vtt",
                "modifiedDatetime": "2020-09-28T06:21:16.000Z",
                "checksum": "754d0ab069fcd8e61c9a12c0bda7e3e7"
            }
        }
    ],
    "printReferences": [
        "jwbcov20-2.v",
        "jwbcov20-2"
    ],
    "subtitlesUrl": "https://download-a.akamaihd.net/files/media_publication/ce/jwbcov20_E_02.vtt",
    "Name": "pub-jwbcov20_E_2_VIDEO",
    "Title": "Why Jehovah Is “the Happy God”",
    "UndatedReferenceTitle": "Why Jehovah Is “the Happy God”",
    "ShortTitle": null,
    "Category": "vod",
    "Year": 2020,
    "Symbol": "2020Convention"
}