{
    "guid": "60ac0992ca9c8caf425247a1",
    "languageAgnosticNaturalKey": "pub-co-r21_138_VIDEO",
    "naturalKey": "pub-co-r21_E_138_VIDEO",
    "type": "video",
    "primaryCategory": "2021Convention",
    "description": "",
    "firstPublished": "2021-09-13T16:37:57.658Z",
    "duration": 717.035,
    "durationFormattedHHMM": "11:57",
    "durationFormattedMinSec": "11m 57s",
    "files": [
        {
            "progressiveDownloadURL": "https://download-a.akamaihd.net/files/media_publication/f1/CO-r21_E_138_r240P.mp4",
            "checksum": "40673fba480766425b520bdaadc6d393",
            "filesize": 14480624,
            "modifiedDatetime": "2021-09-11T04:50:11.000Z",
            "bitRate": 157.7745507541473,
            "duration": 717.035,
            "frameHeight": 234,
            "frameWidth": 416,
            "label": "240p",
            "frameRate": 23.576,
            "mimetype": "video/mp4",
            "subtitled": false,
            "subtitles": {
                "url": "https://download-a.akamaihd.net/files/media_publication/ed/co-r21_E_138.vtt",
                "modifiedDatetime": "2021-09-11T04:49:57.000Z",
                "checksum": "310d7cae568784072e17f88931926225"
            }
        },
        {
            "progressiveDownloadURL": "https://download-a.akamaihd.net/files/media_publication/12/CO-r21_E_138_r360P.mp4",
            "checksum": "d12b46399259343750aea51f8b36d037",
            "filesize": 27506961,
            "modifiedDatetime": "2021-09-11T04:50:09.000Z",
            "bitRate": 299.7146936963134,
            "duration": 717.009,
            "frameHeight": 360,
            "frameWidth": 640,
            "label": "360p",
            "frameRate": 23.976,
            "mimetype": "video/mp4",
            "subtitled": false,
            "subtitles": {
                "url": "https://download-a.akamaihd.net/files/media_publication/ed/co-r21_E_138.vtt",
                "modifiedDatetime": "2021-09-11T04:49:57.000Z",
                "checksum": "310d7cae568784072e17f88931926225"
            }
        },
        {
            "progressiveDownloadURL": "https://download-a.akamaihd.net/files/media_publication/6b/CO-r21_E_138_r480P.mp4",
            "checksum": "7b6141abdda2ea27ac05c20d843b4b2d",
            "filesize": 49617617,
            "modifiedDatetime": "2021-09-11T04:50:04.000Z",
            "bitRate": 540.6314743782854,
            "duration": 717.009,
            "frameHeight": 540,
            "frameWidth": 960,
            "label": "480p",
            "frameRate": 23.976,
            "mimetype": "video/mp4",
            "subtitled": false,
            "subtitles": {
                "url": "https://download-a.akamaihd.net/files/media_publication/ed/co-r21_E_138.vtt",
                "modifiedDatetime": "2021-09-11T04:49:57.000Z",
                "checksum": "310d7cae568784072e17f88931926225"
            }
        },
        {
            "progressiveDownloadURL": "https://download-a.akamaihd.net/files/media_publication/24/CO-r21_E_138_r720P.mp4",
            "checksum": "a41b2d52f2f940040d90f8bef681b24f",
            "filesize": 81600318,
            "modifiedDatetime": "2021-09-11T04:49:59.000Z",
            "bitRate": 889.1136434479902,
            "duration": 717.009,
            "frameHeight": 720,
            "frameWidth": 1280,
            "label": "720p",
            "frameRate": 23.976,
            "mimetype": "video/mp4",
            "subtitled": false,
            "subtitles": {
                "url": "https://download-a.akamaihd.net/files/media_publication/ed/co-r21_E_138.vtt",
                "modifiedDatetime": "2021-09-11T04:49:57.000Z",
                "checksum": "310d7cae568784072e17f88931926225"
            }
        }
    ],
    "printReferences": [
        "co-r21-138.v",
        "co-r21-138"
    ],
    "subtitlesUrl": "https://download-a.akamaihd.net/files/media_publication/ed/co-r21_E_138.vtt",
    "Name": "pub-co-r21_E_138_VIDEO",
    "Title": "Kenneth Cook, Jr.: Imitate Women of Strong Faith!—Sarah",
    "UndatedReferenceTitle": "Kenneth Cook, Jr.: Imitate Women of Strong Faith!—Sarah",
    "ShortTitle": null,
    "Category": "vod",
    "Year": 2021,
    "Symbol": "2021Convention"
}