{
    "guid": "59baaff95434430be822ee6a",
    "languageAgnosticNaturalKey": "pub-jwb_201710_7_VIDEO",
    "naturalKey": "pub-jwb_E_201710_7_VIDEO",
    "type": "video",
    "primaryCategory": "MeetingsConventions",
    "description": "",
    "firstPublished": "2017-10-16T17:28:24.516Z",
    "duration": 287.162,
    "durationFormattedHHMM": "4:47",
    "durationFormattedMinSec": "4m 47s",
    "files": [
        {
            "progressiveDownloadURL": "https://download-a.akamaihd.net/files/media_periodical/1c/jwb_s-Sub_E_201710_07_r240P.mp4",
            "checksum": "d568fc88a843a12163a3babc3ae05d32",
            "filesize": 12933250,
            "modifiedDatetime": "2020-11-05T00:35:03.000Z",
            "bitRate": 351.86067663897035,
            "duration": 287.162,
            "frameHeight": 180,
            "frameWidth": 320,
            "label": "240p",
            "frameRate": 23.976,
            "mimetype": "video/mp4",
            "subtitled": true,
            "subtitles": {
                "url": "https://download-a.akamaihd.net/files/media_periodical/5e/jwb_E_201710_07_r240P.vtt",
                "modifiedDatetime": "2019-02-24T07:06:42.000Z",
                "checksum": "a99bff03e390ec94ba8c7f7b284185a8"
            }
        },
        {
            "progressiveDownloadURL": "https://download-a.akamaihd.net/files/media_periodical/c6/jwb_E_201710_07_r240P.mp4",
            "checksum": "98e9e42b8a5fe9b2aaa748e547cb9312",
            "filesize": 12958476,
            "modifiedDatetime": "2020-11-21T04:23:19.000Z",
            "bitRate": 352.54697261476105,
            "duration": 287.162,
            "frameHeight": 180,
            "frameWidth": 320,
            "label": "240p",
            "frameRate": 24,
            "mimetype": "video/mp4",
            "subtitled": false,
            "subtitles": {
                "url": "https://download-a.akamaihd.net/files/media_periodical/5e/jwb_E_201710_07_r240P.vtt",
                "modifiedDatetime": "2019-02-24T07:06:42.000Z",
                "checksum": "a99bff03e390ec94ba8c7f7b284185a8"
            }
        },
        {
            "progressiveDownloadURL": "https://download-a.akamaihd.net/files/media_periodical/59/jwb_E_201710_07_r360P.mp4",
            "checksum": "13a1ad9d10641c212b173b884632a8af",
            "filesize": 30214450,
            "modifiedDatetime": "2019-02-24T09:43:04.000Z",
            "bitRate": 822.1314803044023,
            "duration": 287.12,
            "frameHeight": 360,
            "frameWidth": 640,
            "label": "360p",
            "frameRate": 1764,
            "mimetype": "video/mp4",
            "subtitled": false,
            "subtitles": {
                "url": "https://download-a.akamaihd.net/files/media_periodical/58/jwb_E_201710_07_r360P.vtt",
                "modifiedDatetime": "2019-02-24T09:43:04.000Z",
                "checksum": "a99bff03e390ec94ba8c7f7b284185a8"
            }
        },
        {
            "progressiveDownloadURL": "https://download-a.akamaihd.net/files/media_periodical/09/jwb_s-Sub_E_201710_07_r360P.mp4",
            "checksum": "3c019b954778d847311382444218feae",
            "filesize": 30371632,
            "modifiedDatetime": "2019-02-24T07:06:43.000Z",
            "bitRate": 826.40790354329,
            "duration": 287.12016666666665,
            "frameHeight": 360,
            "frameWidth": 640,
            "label": "360p",
            "frameRate": 44.056,
            "mimetype": "video/mp4",
            "subtitled": true,
            "subtitles": {
                "url": "https://download-a.akamaihd.net/files/media_periodical/58/jwb_E_201710_07_r360P.vtt",
                "modifiedDatetime": "2019-02-24T09:43:04.000Z",
                "checksum": "a99bff03e390ec94ba8c7f7b284185a8"
            }
        },
        {
            "progressiveDownloadURL": "https://download-a.akamaihd.net/files/media_periodical/08/jwb_s-Sub_E_201710_07_r480P.mp4",
            "checksum": "ff2abfd84a3ca2540a9cb54a12b1de21",
            "filesize": 41242206,
            "modifiedDatetime": "2019-02-24T05:47:13.000Z",
            "bitRate": 1122.1947176878903,
            "duration": 287.12016666666665,
            "frameHeight": 480,
            "frameWidth": 854,
            "label": "480p",
            "frameRate": 44.056,
            "mimetype": "video/mp4",
            "subtitled": true,
            "subtitles": {
                "url": "https://download-a.akamaihd.net/files/media_periodical/c5/jwb_E_201710_07_r480P.vtt",
                "modifiedDatetime": "2019-02-24T07:20:56.000Z",
                "checksum": "a99bff03e390ec94ba8c7f7b284185a8"
            }
        },
        {
            "progressiveDownloadURL": "https://download-a.akamaihd.net/files/media_periodical/8b/jwb_E_201710_07_r480P.mp4",
            "checksum": "188fdea0975c25da7822ef8e0c1a9390",
            "filesize": 40994994,
            "modifiedDatetime": "2019-02-24T07:20:56.000Z",
            "bitRate": 1115.4687608839508,
            "duration": 287.12,
            "frameHeight": 480,
            "frameWidth": 854,
            "label": "480p",
            "frameRate": 1764,
            "mimetype": "video/mp4",
            "subtitled": false,
            "subtitles": {
                "url": "https://download-a.akamaihd.net/files/media_periodical/c5/jwb_E_201710_07_r480P.vtt",
                "modifiedDatetime": "2019-02-24T07:20:56.000Z",
                "checksum": "a99bff03e390ec94ba8c7f7b284185a8"
            }
        },
        {
            "progressiveDownloadURL": "https://download-a.akamaihd.net/files/media_periodical/ce/jwb_E_201710_07_r720P.mp4",
            "checksum": "48d79c73ded91732c04fda3d181dfd60",
            "filesize": 58949098,
            "modifiedDatetime": "2019-02-24T13:17:04.000Z",
            "bitRate": 1603.9977296078293,
            "duration": 287.12,
            "frameHeight": 720,
            "frameWidth": 1280,
            "label": "720p",
            "frameRate": 1764,
            "mimetype": "video/mp4",
            "subtitled": false,
            "subtitles": {
                "url": "https://download-a.akamaihd.net/files/media_periodical/4b/jwb_E_201710_07_r720P.vtt",
                "modifiedDatetime": "2019-02-24T13:17:04.000Z",
                "checksum": "a99bff03e390ec94ba8c7f7b284185a8"
            }
        },
        {
            "progressiveDownloadURL": "https://download-a.akamaihd.net/files/media_periodical/fb/jwb_s-Sub_E_201710_07_r720P.mp4",
            "checksum": "aaca1b13a40da5ed2d0577f389db64c2",
            "filesize": 59196765,
            "modifiedDatetime": "2019-02-24T16:32:01.000Z",
            "bitRate": 1610.7357833189474,
            "duration": 287.12016666666665,
            "frameHeight": 720,
            "frameWidth": 1280,
            "label": "720p",
            "frameRate": 44.056,
            "mimetype": "video/mp4",
            "subtitled": true,
            "subtitles": {
                "url": "https://download-a.akamaihd.net/files/media_periodical/4b/jwb_E_201710_07_r720P.vtt",
                "modifiedDatetime": "2019-02-24T13:17:04.000Z",
                "checksum": "a99bff03e390ec94ba8c7f7b284185a8"
            }
        }
    ],
    "printReferences": [
        "jwb.201710-7.v",
        "jwb.201710-7"
    ],
    "subtitlesUrl": "https://download-a.akamaihd.net/files/media_periodical/5e/jwb_E_201710_07_r240P.vtt",
    "Name": "pub-jwb_E_201710_7_VIDEO",
    "Title": "Caring for Centers of Pure Worship",
    "UndatedReferenceTitle": "Caring for Centers of Pure Worship",
    "ShortTitle": null,
    "Category": "vod",
    "Year": 2017,
    "Symbol": "MeetingsConventions"
}