{
    "guid": "5f85bd540ca056895ecb7a5e",
    "languageAgnosticNaturalKey": "pub-co-r20_124_VIDEO",
    "naturalKey": "pub-co-r20_E_124_VIDEO",
    "type": "video",
    "primaryCategory": "2020Convention",
    "description": "",
    "firstPublished": "2020-12-01T23:45:11.772Z",
    "duration": 683.935,
    "durationFormattedHHMM": "11:23",
    "durationFormattedMinSec": "11m 23s",
    "files": [
        {
            "progressiveDownloadURL": "https://download-a.akamaihd.net/files/media_publication/72/CO-r20_E_124_r240P.mp4",
            "checksum": "19808cc0b8b583883e7392804036c4a7",
            "filesize": 18073378,
            "modifiedDatetime": "2020-11-30T22:45:10.000Z",
            "bitRate": 206.44983167260048,
            "duration": 683.935,
            "frameHeight": 234,
            "frameWidth": 416,
            "label": "240p",
            "frameRate": 23.904,
            "mimetype": "video/mp4",
            "subtitled": false,
            "subtitles": {
                "url": "https://download-a.akamaihd.net/files/media_publication/f4/co-r20_E_124.vtt",
                "modifiedDatetime": "2020-11-30T22:45:48.000Z",
                "checksum": "1d880e1342246aa66fa106f544a1fd94"
            }
        },
        {
            "progressiveDownloadURL": "https://download-a.akamaihd.net/files/media_publication/aa/CO-r20_E_124_r360P.mp4",
            "checksum": "9e91264dd38dd11a29af4a2f2a93f716",
            "filesize": 24933214,
            "modifiedDatetime": "2020-11-30T22:45:11.000Z",
            "bitRate": 284.8088405696448,
            "duration": 683.935,
            "frameHeight": 360,
            "frameWidth": 640,
            "label": "360p",
            "frameRate": 23.976,
            "mimetype": "video/mp4",
            "subtitled": false,
            "subtitles": {
                "url": "https://download-a.akamaihd.net/files/media_publication/f4/co-r20_E_124.vtt",
                "modifiedDatetime": "2020-11-30T22:45:48.000Z",
                "checksum": "1d880e1342246aa66fa106f544a1fd94"
            }
        },
        {
            "progressiveDownloadURL": "https://download-a.akamaihd.net/files/media_publication/16/CO-r20_E_124_r480P.mp4",
            "checksum": "4e6ed758f6aff8bcf77f0a41eb9db145",
            "filesize": 44429174,
            "modifiedDatetime": "2020-11-30T22:45:21.000Z",
            "bitRate": 507.5086402582117,
            "duration": 683.935,
            "frameHeight": 540,
            "frameWidth": 960,
            "label": "480p",
            "frameRate": 23.976,
            "mimetype": "video/mp4",
            "subtitled": false,
            "subtitles": {
                "url": "https://download-a.akamaihd.net/files/media_publication/f4/co-r20_E_124.vtt",
                "modifiedDatetime": "2020-11-30T22:45:48.000Z",
                "checksum": "1d880e1342246aa66fa106f544a1fd94"
            }
        },
        {
            "progressiveDownloadURL": "https://download-a.akamaihd.net/files/media_publication/aa/CO-r20_E_124_r720P.mp4",
            "checksum": "94aaaa435f580769918df333becdd081",
            "filesize": 72673563,
            "modifiedDatetime": "2020-11-30T22:45:30.000Z",
            "bitRate": 830.1405995270019,
            "duration": 683.935,
            "frameHeight": 720,
            "frameWidth": 1280,
            "label": "720p",
            "frameRate": 23.976,
            "mimetype": "video/mp4",
            "subtitled": false,
            "subtitles": {
                "url": "https://download-a.akamaihd.net/files/media_publication/f4/co-r20_E_124.vtt",
                "modifiedDatetime": "2020-11-30T22:45:48.000Z",
                "checksum": "1d880e1342246aa66fa106f544a1fd94"
            }
        }
    ],
    "printReferences": [
        "co-r20-124.v",
        "co-r20-124"
    ],
    "subtitlesUrl": "https://download-a.akamaihd.net/files/media_publication/f4/co-r20_E_124.vtt",
    "Name": "pub-co-r20_E_124_VIDEO",
    "Title": "Seth Hyatt: Experience the Joy of Disciple-Making—Improve Your Skills—Showing Empathy",
    "UndatedReferenceTitle": "Seth Hyatt: Experience the Joy of Disciple-Making—Improve Your Skills—Showing Empathy",
    "ShortTitle": null,
    "Category": "vod",
    "Year": 2020,
    "Symbol": "2020Convention"
}