{
    "guid": "60d5f14db765b4a6fbea332e",
    "languageAgnosticNaturalKey": "pub-co-r21_12_VIDEO",
    "naturalKey": "pub-co-r21_E_12_VIDEO",
    "type": "video",
    "primaryCategory": "2021Convention",
    "description": "",
    "firstPublished": "2021-08-16T15:05:41.687Z",
    "duration": 4332.621,
    "durationFormattedHHMM": "1:12:12",
    "durationFormattedMinSec": "1h 12m 12s",
    "files": [
        {
            "progressiveDownloadURL": "https://download-a.akamaihd.net/files/media_publication/4f/CO-r21_E_12_r240P.mp4",
            "checksum": "345af12f33a2e08db5fb3ddc68be7612",
            "filesize": 64521347,
            "modifiedDatetime": "2021-08-16T05:09:56.000Z",
            "bitRate": 116.34286339645173,
            "duration": 4332.651,
            "frameHeight": 234,
            "frameWidth": 416,
            "label": "240p",
            "frameRate": 23.976,
            "mimetype": "video/mp4",
            "subtitled": false,
            "subtitles": {
                "url": "https://download-a.akamaihd.net/files/media_publication/a4/co-r21_E_12.vtt",
                "modifiedDatetime": "2021-08-16T05:09:20.000Z",
                "checksum": "c80b466d3aeed04d1ca830915b44fdd0"
            }
        },
        {
            "progressiveDownloadURL": "https://download-a.akamaihd.net/files/media_publication/ca/CO-r21_E_12_r360P.mp4",
            "checksum": "cf51af8fb7fd25581345e5f1d5a00062",
            "filesize": 156220876,
            "modifiedDatetime": "2021-08-16T05:09:48.000Z",
            "bitRate": 281.6945201876647,
            "duration": 4332.621,
            "frameHeight": 360,
            "frameWidth": 640,
            "label": "360p",
            "frameRate": 23.976,
            "mimetype": "video/mp4",
            "subtitled": false,
            "subtitles": {
                "url": "https://download-a.akamaihd.net/files/media_publication/a4/co-r21_E_12.vtt",
                "modifiedDatetime": "2021-08-16T05:09:20.000Z",
                "checksum": "c80b466d3aeed04d1ca830915b44fdd0"
            }
        },
        {
            "progressiveDownloadURL": "https://download-a.akamaihd.net/files/media_publication/41/CO-r21_E_12_r480P.mp4",
            "checksum": "17b86fba87a794c379a3b3d0bf8921b3",
            "filesize": 286691991,
            "modifiedDatetime": "2021-08-16T05:09:36.000Z",
            "bitRate": 516.9575597975221,
            "duration": 4332.621,
            "frameHeight": 540,
            "frameWidth": 960,
            "label": "480p",
            "frameRate": 23.976,
            "mimetype": "video/mp4",
            "subtitled": false,
            "subtitles": {
                "url": "https://download-a.akamaihd.net/files/media_publication/a4/co-r21_E_12.vtt",
                "modifiedDatetime": "2021-08-16T05:09:20.000Z",
                "checksum": "c80b466d3aeed04d1ca830915b44fdd0"
            }
        },
        {
            "progressiveDownloadURL": "https://download-a.akamaihd.net/files/media_publication/72/CO-r21_E_12_r720P.mp4",
            "checksum": "181f9d46b1841bc03d8cee9c2e784b91",
            "filesize": 480662870,
            "modifiedDatetime": "2021-08-16T05:09:25.000Z",
            "bitRate": 866.7221693000611,
            "duration": 4332.621,
            "frameHeight": 720,
            "frameWidth": 1280,
            "label": "720p",
            "frameRate": 23.976,
            "mimetype": "video/mp4",
            "subtitled": false,
            "subtitles": {
                "url": "https://download-a.akamaihd.net/files/media_publication/a4/co-r21_E_12.vtt",
                "modifiedDatetime": "2021-08-16T05:09:20.000Z",
                "checksum": "c80b466d3aeed04d1ca830915b44fdd0"
            }
        }
    ],
    "printReferences": [
        "co-r21-12.v",
        "co-r21-12"
    ],
    "subtitlesUrl": "https://download-a.akamaihd.net/files/media_publication/a4/co-r21_E_12.vtt",
    "Name": "pub-co-r21_E_12_VIDEO",
    "Title": "2021 Powerful by Faith! Convention: Sunday Afternoon Session—Part 2",
    "UndatedReferenceTitle": "2021 Powerful by Faith! Convention: Sunday Afternoon Session—Part 2",
    "ShortTitle": null,
    "Category": "vod",
    "Year": 2021,
    "Symbol": "2021Convention"
}