{
    "guid": "5dd1c1f07ae47e7b533a3962",
    "languageAgnosticNaturalKey": "pub-jwbcov_201905_8_VIDEO",
    "naturalKey": "pub-jwbcov_E_201905_8_VIDEO",
    "type": "video",
    "primaryCategory": "2019Convention",
    "description": "",
    "firstPublished": "2020-02-20T15:56:33.814Z",
    "duration": 111.232,
    "durationFormattedHHMM": "1:51",
    "durationFormattedMinSec": "1m 51s",
    "files": [
        {
            "progressiveDownloadURL": "https://download-a.akamaihd.net/files/media_periodical/73/jwbcov_E_201905_08_r240P.mp4",
            "checksum": "75be989e3e384ac9e2c8583269b561cd",
            "filesize": 3914269,
            "modifiedDatetime": "2020-11-08T00:29:36.000Z",
            "bitRate": 274.9229229223605,
            "duration": 111.232,
            "frameHeight": 234,
            "frameWidth": 416,
            "label": "240p",
            "frameRate": 23.483,
            "mimetype": "video/mp4",
            "subtitled": false,
            "subtitles": {
                "url": "https://download-a.akamaihd.net/files/media_periodical/b2/jwbcov_E_201905_08.vtt",
                "modifiedDatetime": "2020-02-20T15:38:16.000Z",
                "checksum": "8c956fb48df4840c663feaf1885eb983"
            }
        },
        {
            "progressiveDownloadURL": "https://download-a.akamaihd.net/files/media_periodical/f9/jwbcov_E_201905_08_r360P.mp4",
            "checksum": "fe6d52097e56db40181a16ead6521287",
            "filesize": 6948663,
            "modifiedDatetime": "2020-02-20T15:38:04.000Z",
            "bitRate": 488.20487866020363,
            "duration": 111.196,
            "frameHeight": 360,
            "frameWidth": 640,
            "label": "360p",
            "frameRate": 23.976,
            "mimetype": "video/mp4",
            "subtitled": false,
            "subtitles": {
                "url": "https://download-a.akamaihd.net/files/media_periodical/b2/jwbcov_E_201905_08.vtt",
                "modifiedDatetime": "2020-02-20T15:38:16.000Z",
                "checksum": "8c956fb48df4840c663feaf1885eb983"
            }
        },
        {
            "progressiveDownloadURL": "https://download-a.akamaihd.net/files/media_periodical/92/jwbcov_E_201905_08_r480P.mp4",
            "checksum": "b63eb2b48231466c4a83419bf89d0d2a",
            "filesize": 12682151,
            "modifiedDatetime": "2020-02-20T15:38:08.000Z",
            "bitRate": 891.0329929808627,
            "duration": 111.196,
            "frameHeight": 540,
            "frameWidth": 960,
            "label": "480p",
            "frameRate": 23.976,
            "mimetype": "video/mp4",
            "subtitled": false,
            "subtitles": {
                "url": "https://download-a.akamaihd.net/files/media_periodical/b2/jwbcov_E_201905_08.vtt",
                "modifiedDatetime": "2020-02-20T15:38:16.000Z",
                "checksum": "8c956fb48df4840c663feaf1885eb983"
            }
        },
        {
            "progressiveDownloadURL": "https://download-a.akamaihd.net/files/media_periodical/ad/jwbcov_E_201905_08_r720P.mp4",
            "checksum": "6a2798f2c00bcb8f5579d2afb9b26ac5",
            "filesize": 20887036,
            "modifiedDatetime": "2020-02-20T15:38:12.000Z",
            "bitRate": 1467.4985498579085,
            "duration": 111.196,
            "frameHeight": 720,
            "frameWidth": 1280,
            "label": "720p",
            "frameRate": 23.976,
            "mimetype": "video/mp4",
            "subtitled": false,
            "subtitles": {
                "url": "https://download-a.akamaihd.net/files/media_periodical/b2/jwbcov_E_201905_08.vtt",
                "modifiedDatetime": "2020-02-20T15:38:16.000Z",
                "checksum": "8c956fb48df4840c663feaf1885eb983"
            }
        }
    ],
    "printReferences": [
        "jwbcov.201905-8.v",
        "jwbcov.201905-8"
    ],
    "subtitlesUrl": "https://download-a.akamaihd.net/files/media_periodical/b2/jwbcov_E_201905_08.vtt",
    "Name": "pub-jwbcov_E_201905_8_VIDEO",
    "Title": "Love Never Fails Despite . . . Poverty—Congo",
    "UndatedReferenceTitle": "Love Never Fails Despite . . . Poverty—Congo",
    "ShortTitle": null,
    "Category": "vod",
    "Year": 2020,
    "Symbol": "2019Convention"
}