{
    "guid": "62797200b685ba344167e101",
    "languageAgnosticNaturalKey": "pub-co-r22_6_VIDEO",
    "naturalKey": "pub-co-r22_E_6_VIDEO",
    "type": "video",
    "primaryCategory": "2022Convention",
    "description": "",
    "firstPublished": "2022-07-18T14:34:05.057Z",
    "duration": 4602.262,
    "durationFormattedHHMM": "1:16:42",
    "durationFormattedMinSec": "1h 16m 42s",
    "files": [
        {
            "progressiveDownloadURL": "https://download-a.akamaihd.net/files/media_publication/49/CO-r22_E_06_r240P.mp4",
            "checksum": "f1483fa2e9133c5ba545342b947b1cbc",
            "filesize": 63551531,
            "modifiedDatetime": "2022-07-17T16:23:34.000Z",
            "bitRate": 107.88093679531936,
            "duration": 4602.262,
            "frameHeight": 234,
            "frameWidth": 416,
            "label": "240p",
            "frameRate": 23.976,
            "mimetype": "video/mp4",
            "subtitled": false,
            "subtitles": {
                "url": "https://download-a.akamaihd.net/files/media_publication/63/CO-r22_E_06.vtt",
                "modifiedDatetime": "2022-07-17T16:23:06.000Z",
                "checksum": "5afeb6356ac168391dedb441b57bdb79"
            }
        },
        {
            "progressiveDownloadURL": "https://download-a.akamaihd.net/files/media_publication/5f/CO-r22_E_06_r360P.mp4",
            "checksum": "efd312e4984aade8326ed5a897ed1c25",
            "filesize": 163293141,
            "modifiedDatetime": "2022-07-17T16:23:27.000Z",
            "bitRate": 277.1971179387646,
            "duration": 4602.24,
            "frameHeight": 360,
            "frameWidth": 640,
            "label": "360p",
            "frameRate": 23.976,
            "mimetype": "video/mp4",
            "subtitled": false,
            "subtitles": {
                "url": "https://download-a.akamaihd.net/files/media_publication/63/CO-r22_E_06.vtt",
                "modifiedDatetime": "2022-07-17T16:23:06.000Z",
                "checksum": "5afeb6356ac168391dedb441b57bdb79"
            }
        },
        {
            "progressiveDownloadURL": "https://download-a.akamaihd.net/files/media_publication/b6/CO-r22_E_06_r480P.mp4",
            "checksum": "4f4274ec58aa5b2ec5d608730ec5da95",
            "filesize": 290867364,
            "modifiedDatetime": "2022-07-17T16:23:19.000Z",
            "bitRate": 493.75983895885486,
            "duration": 4602.24,
            "frameHeight": 540,
            "frameWidth": 960,
            "label": "480p",
            "frameRate": 23.976,
            "mimetype": "video/mp4",
            "subtitled": false,
            "subtitles": {
                "url": "https://download-a.akamaihd.net/files/media_publication/63/CO-r22_E_06.vtt",
                "modifiedDatetime": "2022-07-17T16:23:06.000Z",
                "checksum": "5afeb6356ac168391dedb441b57bdb79"
            }
        },
        {
            "progressiveDownloadURL": "https://download-a.akamaihd.net/files/media_publication/4f/CO-r22_E_06_r720P.mp4",
            "checksum": "668b0954c4c21f190ff70d5e29efc177",
            "filesize": 473151965,
            "modifiedDatetime": "2022-07-17T16:23:10.000Z",
            "bitRate": 803.1957756576146,
            "duration": 4602.24,
            "frameHeight": 720,
            "frameWidth": 1280,
            "label": "720p",
            "frameRate": 23.976,
            "mimetype": "video/mp4",
            "subtitled": false,
            "subtitles": {
                "url": "https://download-a.akamaihd.net/files/media_publication/63/CO-r22_E_06.vtt",
                "modifiedDatetime": "2022-07-17T16:23:06.000Z",
                "checksum": "5afeb6356ac168391dedb441b57bdb79"
            }
        }
    ],
    "printReferences": [
        "co-r22-6.v",
        "co-r22-6"
    ],
    "subtitlesUrl": "https://download-a.akamaihd.net/files/media_publication/63/CO-r22_E_06.vtt",
    "Name": "pub-co-r22_E_6_VIDEO",
    "Title": "2022 “Pursue Peace”! Convention: Saturday Morning Session—Part 2",
    "UndatedReferenceTitle": "2022 “Pursue Peace”! Convention: Saturday Morning Session—Part 2",
    "ShortTitle": null,
    "Category": "vod",
    "Year": 2022,
    "Symbol": "2022Convention"
}