{
    "guid": "6099896fb738cf2eda64905b",
    "languageAgnosticNaturalKey": "pub-co-r21_128_VIDEO",
    "naturalKey": "pub-co-r21_E_128_VIDEO",
    "type": "video",
    "primaryCategory": "2021Convention",
    "description": "",
    "firstPublished": "2021-09-13T16:41:57.091Z",
    "duration": 919.702,
    "durationFormattedHHMM": "15:19",
    "durationFormattedMinSec": "15m 19s",
    "files": [
        {
            "progressiveDownloadURL": "https://download-a.akamaihd.net/files/media_publication/22/CO-r21_E_128_r240P.mp4",
            "checksum": "472a8730120e24e17cc33cb8741cec03",
            "filesize": 17869507,
            "modifiedDatetime": "2021-09-11T04:53:13.000Z",
            "bitRate": 151.79430232564462,
            "duration": 919.702,
            "frameHeight": 234,
            "frameWidth": 416,
            "label": "240p",
            "frameRate": 23.928,
            "mimetype": "video/mp4",
            "subtitled": false,
            "subtitles": {
                "url": "https://download-a.akamaihd.net/files/media_publication/a5/co-r21_E_128.vtt",
                "modifiedDatetime": "2021-09-11T04:53:00.000Z",
                "checksum": "d94e117840fb24ad52e2d723279c4657"
            }
        },
        {
            "progressiveDownloadURL": "https://download-a.akamaihd.net/files/media_publication/79/CO-r21_E_128_r360P.mp4",
            "checksum": "ea9ad6c985a634d44b64b7b7a90e5336",
            "filesize": 32970512,
            "modifiedDatetime": "2021-09-11T04:53:10.000Z",
            "bitRate": 280.081034501506,
            "duration": 919.67,
            "frameHeight": 360,
            "frameWidth": 640,
            "label": "360p",
            "frameRate": 23.976,
            "mimetype": "video/mp4",
            "subtitled": false,
            "subtitles": {
                "url": "https://download-a.akamaihd.net/files/media_publication/a5/co-r21_E_128.vtt",
                "modifiedDatetime": "2021-09-11T04:53:00.000Z",
                "checksum": "d94e117840fb24ad52e2d723279c4657"
            }
        },
        {
            "progressiveDownloadURL": "https://download-a.akamaihd.net/files/media_publication/52/CO-r21_E_128_r480P.mp4",
            "checksum": "fdd0de1ad1d3290de20a05432c13cbd1",
            "filesize": 57818452,
            "modifiedDatetime": "2021-09-11T04:53:07.000Z",
            "bitRate": 491.1616734807051,
            "duration": 919.67,
            "frameHeight": 540,
            "frameWidth": 960,
            "label": "480p",
            "frameRate": 23.976,
            "mimetype": "video/mp4",
            "subtitled": false,
            "subtitles": {
                "url": "https://download-a.akamaihd.net/files/media_publication/a5/co-r21_E_128.vtt",
                "modifiedDatetime": "2021-09-11T04:53:00.000Z",
                "checksum": "d94e117840fb24ad52e2d723279c4657"
            }
        },
        {
            "progressiveDownloadURL": "https://download-a.akamaihd.net/files/media_publication/8d/CO-r21_E_128_r720P.mp4",
            "checksum": "31cda48d103003aac93ba2bafa5c5317",
            "filesize": 94072636,
            "modifiedDatetime": "2021-09-11T04:53:04.000Z",
            "bitRate": 799.1371565344091,
            "duration": 919.67,
            "frameHeight": 720,
            "frameWidth": 1280,
            "label": "720p",
            "frameRate": 23.976,
            "mimetype": "video/mp4",
            "subtitled": false,
            "subtitles": {
                "url": "https://download-a.akamaihd.net/files/media_publication/a5/co-r21_E_128.vtt",
                "modifiedDatetime": "2021-09-11T04:53:00.000Z",
                "checksum": "d94e117840fb24ad52e2d723279c4657"
            }
        }
    ],
    "printReferences": [
        "co-r21-128.v",
        "co-r21-128"
    ],
    "subtitlesUrl": "https://download-a.akamaihd.net/files/media_publication/a5/co-r21_E_128.vtt",
    "Name": "pub-co-r21_E_128_VIDEO",
    "Title": "Joel Dellinger: Successful Fighters for the Faith—Single Christians",
    "UndatedReferenceTitle": "Joel Dellinger: Successful Fighters for the Faith—Single Christians",
    "ShortTitle": null,
    "Category": "vod",
    "Year": 2021,
    "Symbol": "2021Convention"
}