{
    "guid": "60a57d5cca9c8caf42457bdb",
    "languageAgnosticNaturalKey": "pub-co-r21_141_VIDEO",
    "naturalKey": "pub-co-r21_E_141_VIDEO",
    "type": "video",
    "primaryCategory": "2021Convention",
    "description": "",
    "firstPublished": "2021-09-13T16:34:04.711Z",
    "duration": 606.678,
    "durationFormattedHHMM": "10:06",
    "durationFormattedMinSec": "10m 6s",
    "files": [
        {
            "progressiveDownloadURL": "https://download-a.akamaihd.net/files/media_publication/33/CO-r21_E_141_r240P.mp4",
            "checksum": "205e50fe242944f5f794f16bef1edfd6",
            "filesize": 11617808,
            "modifiedDatetime": "2021-09-11T04:51:34.000Z",
            "bitRate": 149.608400172744,
            "duration": 606.678,
            "frameHeight": 234,
            "frameWidth": 416,
            "label": "240p",
            "frameRate": 23.928,
            "mimetype": "video/mp4",
            "subtitled": false,
            "subtitles": {
                "url": "https://download-a.akamaihd.net/files/media_publication/1a/co-r21_E_141.vtt",
                "modifiedDatetime": "2021-09-11T04:51:19.000Z",
                "checksum": "73633f21294c513c1db515738636afdb"
            }
        },
        {
            "progressiveDownloadURL": "https://download-a.akamaihd.net/files/media_publication/2c/CO-r21_E_141_r360P.mp4",
            "checksum": "67cb8c1508c05cfe126679cb4478c87d",
            "filesize": 21327598,
            "modifiedDatetime": "2021-09-11T04:51:31.000Z",
            "bitRate": 274.6594148758178,
            "duration": 606.649,
            "frameHeight": 360,
            "frameWidth": 640,
            "label": "360p",
            "frameRate": 23.976,
            "mimetype": "video/mp4",
            "subtitled": false,
            "subtitles": {
                "url": "https://download-a.akamaihd.net/files/media_publication/1a/co-r21_E_141.vtt",
                "modifiedDatetime": "2021-09-11T04:51:19.000Z",
                "checksum": "73633f21294c513c1db515738636afdb"
            }
        },
        {
            "progressiveDownloadURL": "https://download-a.akamaihd.net/files/media_publication/96/CO-r21_E_141_r480P.mp4",
            "checksum": "bce8676adf051ec92e0f2f43e07dcf95",
            "filesize": 37269212,
            "modifiedDatetime": "2021-09-11T04:51:27.000Z",
            "bitRate": 479.9574692284995,
            "duration": 606.649,
            "frameHeight": 540,
            "frameWidth": 960,
            "label": "480p",
            "frameRate": 23.976,
            "mimetype": "video/mp4",
            "subtitled": false,
            "subtitles": {
                "url": "https://download-a.akamaihd.net/files/media_publication/1a/co-r21_E_141.vtt",
                "modifiedDatetime": "2021-09-11T04:51:19.000Z",
                "checksum": "73633f21294c513c1db515738636afdb"
            }
        },
        {
            "progressiveDownloadURL": "https://download-a.akamaihd.net/files/media_publication/43/CO-r21_E_141_r720P.mp4",
            "checksum": "97164fe4e0937cc096623944e16ef3d6",
            "filesize": 58921985,
            "modifiedDatetime": "2021-09-11T04:51:23.000Z",
            "bitRate": 758.804527515087,
            "duration": 606.649,
            "frameHeight": 720,
            "frameWidth": 1280,
            "label": "720p",
            "frameRate": 23.976,
            "mimetype": "video/mp4",
            "subtitled": false,
            "subtitles": {
                "url": "https://download-a.akamaihd.net/files/media_publication/1a/co-r21_E_141.vtt",
                "modifiedDatetime": "2021-09-11T04:51:19.000Z",
                "checksum": "73633f21294c513c1db515738636afdb"
            }
        }
    ],
    "printReferences": [
        "co-r21-141.v",
        "co-r21-141"
    ],
    "subtitlesUrl": "https://download-a.akamaihd.net/files/media_publication/1a/co-r21_E_141.vtt",
    "Name": "pub-co-r21_E_141_VIDEO",
    "Title": "Harold Corkern: Imitate Women of Strong Faith!—The Captive Israelite Girl",
    "UndatedReferenceTitle": "Harold Corkern: Imitate Women of Strong Faith!—The Captive Israelite Girl",
    "ShortTitle": null,
    "Category": "vod",
    "Year": 2021,
    "Symbol": "2021Convention"
}