{
    "guid": "608715d60524ac0a0a239ce9",
    "languageAgnosticNaturalKey": "pub-co-r21_108_VIDEO",
    "naturalKey": "pub-co-r21_E_108_VIDEO",
    "type": "video",
    "primaryCategory": "2021Convention",
    "description": "",
    "firstPublished": "2021-09-13T16:52:36.446Z",
    "duration": 667.158,
    "durationFormattedHHMM": "11:07",
    "durationFormattedMinSec": "11m 7s",
    "files": [
        {
            "progressiveDownloadURL": "https://download-a.akamaihd.net/files/media_publication/4e/CO-r21_E_108_r240P.mp4",
            "checksum": "0f55b431f7c3fae69a7c7aad9347f5f7",
            "filesize": 13707681,
            "modifiedDatetime": "2021-11-22T15:27:09.000Z",
            "bitRate": 160.5185845219573,
            "duration": 667.158,
            "frameHeight": 234,
            "frameWidth": 416,
            "label": "240p",
            "frameRate": 23.81,
            "mimetype": "video/mp4",
            "subtitled": false,
            "subtitles": {
                "url": "https://download-a.akamaihd.net/files/media_publication/01/co-r21_E_108.vtt",
                "modifiedDatetime": "2021-11-22T15:26:57.000Z",
                "checksum": "390585e8b7eb0e98f56a14adf4ee9c59"
            }
        },
        {
            "progressiveDownloadURL": "https://download-a.akamaihd.net/files/media_publication/70/CO-r21_E_108_r360P.mp4",
            "checksum": "a5d2f0e2f95f33697e533ca27cdbb89d",
            "filesize": 28016491,
            "modifiedDatetime": "2021-11-22T15:27:14.000Z",
            "bitRate": 328.09219838156514,
            "duration": 667.126,
            "frameHeight": 360,
            "frameWidth": 640,
            "label": "360p",
            "frameRate": 23.976,
            "mimetype": "video/mp4",
            "subtitled": false,
            "subtitles": {
                "url": "https://download-a.akamaihd.net/files/media_publication/01/co-r21_E_108.vtt",
                "modifiedDatetime": "2021-11-22T15:26:57.000Z",
                "checksum": "390585e8b7eb0e98f56a14adf4ee9c59"
            }
        },
        {
            "progressiveDownloadURL": "https://download-a.akamaihd.net/files/media_publication/6d/CO-r21_E_108_r480P.mp4",
            "checksum": "76d7bfc149510597b3e3272934c81cdd",
            "filesize": 52032595,
            "modifiedDatetime": "2021-11-22T15:27:21.000Z",
            "bitRate": 609.337139367226,
            "duration": 667.126,
            "frameHeight": 540,
            "frameWidth": 960,
            "label": "480p",
            "frameRate": 23.976,
            "mimetype": "video/mp4",
            "subtitled": false,
            "subtitles": {
                "url": "https://download-a.akamaihd.net/files/media_publication/01/co-r21_E_108.vtt",
                "modifiedDatetime": "2021-11-22T15:26:57.000Z",
                "checksum": "390585e8b7eb0e98f56a14adf4ee9c59"
            }
        },
        {
            "progressiveDownloadURL": "https://download-a.akamaihd.net/files/media_publication/19/CO-r21_E_108_r720P.mp4",
            "checksum": "42645ece68dc0457c0117066f497bf89",
            "filesize": 89069155,
            "modifiedDatetime": "2021-11-22T15:27:28.000Z",
            "bitRate": 1043.060491477622,
            "duration": 667.126,
            "frameHeight": 720,
            "frameWidth": 1280,
            "label": "720p",
            "frameRate": 23.976,
            "mimetype": "video/mp4",
            "subtitled": false,
            "subtitles": {
                "url": "https://download-a.akamaihd.net/files/media_publication/01/co-r21_E_108.vtt",
                "modifiedDatetime": "2021-11-22T15:26:57.000Z",
                "checksum": "390585e8b7eb0e98f56a14adf4ee9c59"
            }
        }
    ],
    "printReferences": [
        "co-r21-108.v",
        "co-r21-108"
    ],
    "subtitlesUrl": "https://download-a.akamaihd.net/files/media_publication/01/co-r21_E_108.vtt",
    "Name": "pub-co-r21_E_108_VIDEO",
    "Title": "Kenneth Flodin: Use Creation to Build Your Faith—Stars",
    "UndatedReferenceTitle": "Kenneth Flodin: Use Creation to Build Your Faith—Stars",
    "ShortTitle": null,
    "Category": "vod",
    "Year": 2021,
    "Symbol": "2021Convention"
}