{
    "guid": "5f87480c0ca056895ed179fe",
    "languageAgnosticNaturalKey": "pub-co-r20_132_VIDEO",
    "naturalKey": "pub-co-r20_E_132_VIDEO",
    "type": "video",
    "primaryCategory": "2020Convention",
    "description": "",
    "firstPublished": "2020-12-01T23:44:32.703Z",
    "duration": 537.914,
    "durationFormattedHHMM": "8:57",
    "durationFormattedMinSec": "8m 57s",
    "files": [
        {
            "progressiveDownloadURL": "https://download-a.akamaihd.net/files/media_publication/79/CO-r20_E_132_r240P.mp4",
            "checksum": "cbfd13990e0013a0e8fc642e4c2392fa",
            "filesize": 15648818,
            "modifiedDatetime": "2020-11-30T22:48:23.000Z",
            "bitRate": 227.27869255122567,
            "duration": 537.914,
            "frameHeight": 234,
            "frameWidth": 416,
            "label": "240p",
            "frameRate": 23.506,
            "mimetype": "video/mp4",
            "subtitled": false,
            "subtitles": {
                "url": "https://download-a.akamaihd.net/files/media_publication/fb/co-r20_E_132.vtt",
                "modifiedDatetime": "2020-11-30T22:48:59.000Z",
                "checksum": "881678347ceee298bfad4f4e001b98aa"
            }
        },
        {
            "progressiveDownloadURL": "https://download-a.akamaihd.net/files/media_publication/21/CO-r20_E_132_r360P.mp4",
            "checksum": "bcf7aaf84d7476e453e60c7935d6d29e",
            "filesize": 22593353,
            "modifiedDatetime": "2020-11-30T22:48:28.000Z",
            "bitRate": 328.13901536769816,
            "duration": 537.914,
            "frameHeight": 360,
            "frameWidth": 640,
            "label": "360p",
            "frameRate": 23.976,
            "mimetype": "video/mp4",
            "subtitled": false,
            "subtitles": {
                "url": "https://download-a.akamaihd.net/files/media_publication/fb/co-r20_E_132.vtt",
                "modifiedDatetime": "2020-11-30T22:48:59.000Z",
                "checksum": "881678347ceee298bfad4f4e001b98aa"
            }
        },
        {
            "progressiveDownloadURL": "https://download-a.akamaihd.net/files/media_publication/18/CO-r20_E_132_r480P.mp4",
            "checksum": "205c9be6944ed08889d5d3b045b1f715",
            "filesize": 41117543,
            "modifiedDatetime": "2020-11-30T22:48:34.000Z",
            "bitRate": 597.1787398868593,
            "duration": 537.914,
            "frameHeight": 540,
            "frameWidth": 960,
            "label": "480p",
            "frameRate": 23.976,
            "mimetype": "video/mp4",
            "subtitled": false,
            "subtitles": {
                "url": "https://download-a.akamaihd.net/files/media_publication/fb/co-r20_E_132.vtt",
                "modifiedDatetime": "2020-11-30T22:48:59.000Z",
                "checksum": "881678347ceee298bfad4f4e001b98aa"
            }
        },
        {
            "progressiveDownloadURL": "https://download-a.akamaihd.net/files/media_publication/59/CO-r20_E_132_r720P.mp4",
            "checksum": "997defdcf89db95b65d68f60f78f35ae",
            "filesize": 68163416,
            "modifiedDatetime": "2020-11-30T22:48:43.000Z",
            "bitRate": 989.9848070509413,
            "duration": 537.914,
            "frameHeight": 720,
            "frameWidth": 1280,
            "label": "720p",
            "frameRate": 23.976,
            "mimetype": "video/mp4",
            "subtitled": false,
            "subtitles": {
                "url": "https://download-a.akamaihd.net/files/media_publication/fb/co-r20_E_132.vtt",
                "modifiedDatetime": "2020-11-30T22:48:59.000Z",
                "checksum": "881678347ceee298bfad4f4e001b98aa"
            }
        }
    ],
    "printReferences": [
        "co-r20-132.v",
        "co-r20-132"
    ],
    "subtitlesUrl": "https://download-a.akamaihd.net/files/media_publication/fb/co-r20_E_132.vtt",
    "Name": "pub-co-r20_E_132_VIDEO",
    "Title": "Ronald Curzan: Help Your Bible Students to . . . Attend Meetings",
    "UndatedReferenceTitle": "Ronald Curzan: Help Your Bible Students to . . . Attend Meetings",
    "ShortTitle": null,
    "Category": "vod",
    "Year": 2020,
    "Symbol": "2020Convention"
}