{
    "guid": "609c2b7eca9c8caf422e7d64",
    "languageAgnosticNaturalKey": "pub-co-r21_123_VIDEO",
    "naturalKey": "pub-co-r21_E_123_VIDEO",
    "type": "video",
    "primaryCategory": "2021Convention",
    "description": "",
    "firstPublished": "2021-09-13T16:44:40.759Z",
    "duration": 651.435,
    "durationFormattedHHMM": "10:51",
    "durationFormattedMinSec": "10m 51s",
    "files": [
        {
            "progressiveDownloadURL": "https://download-a.akamaihd.net/files/media_publication/58/CO-r21_E_123_r240P.mp4",
            "checksum": "9b885f2ad385b0b9dfa0232eb86a3845",
            "filesize": 12026174,
            "modifiedDatetime": "2021-09-11T04:52:12.000Z",
            "bitRate": 144.22695184477348,
            "duration": 651.435,
            "frameHeight": 234,
            "frameWidth": 416,
            "label": "240p",
            "frameRate": 23.786,
            "mimetype": "video/mp4",
            "subtitled": false,
            "subtitles": {
                "url": "https://download-a.akamaihd.net/files/media_publication/4d/co-r21_E_123.vtt",
                "modifiedDatetime": "2021-09-11T04:52:01.000Z",
                "checksum": "4ebbbce4200f23437006a76b292287ca"
            }
        },
        {
            "progressiveDownloadURL": "https://download-a.akamaihd.net/files/media_publication/4d/CO-r21_E_123_r360P.mp4",
            "checksum": "d2c5ea20efbf961a0c832333c6d3fd7e",
            "filesize": 23940124,
            "modifiedDatetime": "2021-09-11T04:52:10.000Z",
            "bitRate": 287.1225736948919,
            "duration": 651.402,
            "frameHeight": 360,
            "frameWidth": 640,
            "label": "360p",
            "frameRate": 23.976,
            "mimetype": "video/mp4",
            "subtitled": false,
            "subtitles": {
                "url": "https://download-a.akamaihd.net/files/media_publication/4d/co-r21_E_123.vtt",
                "modifiedDatetime": "2021-09-11T04:52:01.000Z",
                "checksum": "4ebbbce4200f23437006a76b292287ca"
            }
        },
        {
            "progressiveDownloadURL": "https://download-a.akamaihd.net/files/media_publication/15/CO-r21_E_123_r480P.mp4",
            "checksum": "19178e356425e425a865b1beace25b14",
            "filesize": 43268825,
            "modifiedDatetime": "2021-09-11T04:52:08.000Z",
            "bitRate": 518.9386819698128,
            "duration": 651.402,
            "frameHeight": 540,
            "frameWidth": 960,
            "label": "480p",
            "frameRate": 23.976,
            "mimetype": "video/mp4",
            "subtitled": false,
            "subtitles": {
                "url": "https://download-a.akamaihd.net/files/media_publication/4d/co-r21_E_123.vtt",
                "modifiedDatetime": "2021-09-11T04:52:01.000Z",
                "checksum": "4ebbbce4200f23437006a76b292287ca"
            }
        },
        {
            "progressiveDownloadURL": "https://download-a.akamaihd.net/files/media_publication/ac/CO-r21_E_123_r720P.mp4",
            "checksum": "0c555498e570807d603e11a8934cea96",
            "filesize": 72625395,
            "modifiedDatetime": "2021-09-11T04:52:05.000Z",
            "bitRate": 871.022653350005,
            "duration": 651.402,
            "frameHeight": 720,
            "frameWidth": 1280,
            "label": "720p",
            "frameRate": 23.976,
            "mimetype": "video/mp4",
            "subtitled": false,
            "subtitles": {
                "url": "https://download-a.akamaihd.net/files/media_publication/4d/co-r21_E_123.vtt",
                "modifiedDatetime": "2021-09-11T04:52:01.000Z",
                "checksum": "4ebbbce4200f23437006a76b292287ca"
            }
        }
    ],
    "printReferences": [
        "co-r21-123.v",
        "co-r21-123"
    ],
    "subtitlesUrl": "https://download-a.akamaihd.net/files/media_publication/4d/co-r21_E_123.vtt",
    "Name": "pub-co-r21_E_123_VIDEO",
    "Title": "Ralph Walls: Remember—Faithless People Can Acquire Faith!—Prominent Ones",
    "UndatedReferenceTitle": "Ralph Walls: Remember—Faithless People Can Acquire Faith!—Prominent Ones",
    "ShortTitle": null,
    "Category": "vod",
    "Year": 2021,
    "Symbol": "2021Convention"
}