{
    "guid": "5dded6711b4e587393541145",
    "languageAgnosticNaturalKey": "pub-jwbcov_201905_10_VIDEO",
    "naturalKey": "pub-jwbcov_E_201905_10_VIDEO",
    "type": "video",
    "primaryCategory": "2019Convention",
    "description": "",
    "firstPublished": "2020-02-20T15:56:27.473Z",
    "duration": 121.899,
    "durationFormattedHHMM": "2:01",
    "durationFormattedMinSec": "2m 1s",
    "files": [
        {
            "progressiveDownloadURL": "https://download-a.akamaihd.net/files/media_periodical/3a/jwbcov_E_201905_10_r240P.mp4",
            "checksum": "fc7ef6e4fd199f56bedc4a5beb2f0152",
            "filesize": 2329809,
            "modifiedDatetime": "2020-11-07T12:30:07.000Z",
            "bitRate": 149.31732674181083,
            "duration": 121.899,
            "frameHeight": 234,
            "frameWidth": 416,
            "label": "240p",
            "frameRate": 23.669,
            "mimetype": "video/mp4",
            "subtitled": false,
            "subtitles": {
                "url": "https://download-a.akamaihd.net/files/media_periodical/45/jwbcov_E_201905_10.vtt",
                "modifiedDatetime": "2020-02-20T15:38:58.000Z",
                "checksum": "a813476876edf177716bba81ab23443c"
            }
        },
        {
            "progressiveDownloadURL": "https://download-a.akamaihd.net/files/media_periodical/79/jwbcov_E_201905_10_r360P.mp4",
            "checksum": "f8f7addf93d7fd3ff79f101f368b55ac",
            "filesize": 4203499,
            "modifiedDatetime": "2020-02-20T15:38:44.000Z",
            "bitRate": 269.4594860018216,
            "duration": 121.873,
            "frameHeight": 360,
            "frameWidth": 640,
            "label": "360p",
            "frameRate": 23.976,
            "mimetype": "video/mp4",
            "subtitled": false,
            "subtitles": {
                "url": "https://download-a.akamaihd.net/files/media_periodical/45/jwbcov_E_201905_10.vtt",
                "modifiedDatetime": "2020-02-20T15:38:58.000Z",
                "checksum": "a813476876edf177716bba81ab23443c"
            }
        },
        {
            "progressiveDownloadURL": "https://download-a.akamaihd.net/files/media_periodical/ca/jwbcov_E_201905_10_r480P.mp4",
            "checksum": "29de68b436956a0db8b28aa0aac706a7",
            "filesize": 6989100,
            "modifiedDatetime": "2020-02-20T15:38:49.000Z",
            "bitRate": 448.0265830003364,
            "duration": 121.873,
            "frameHeight": 540,
            "frameWidth": 960,
            "label": "480p",
            "frameRate": 23.976,
            "mimetype": "video/mp4",
            "subtitled": false,
            "subtitles": {
                "url": "https://download-a.akamaihd.net/files/media_periodical/45/jwbcov_E_201905_10.vtt",
                "modifiedDatetime": "2020-02-20T15:38:58.000Z",
                "checksum": "a813476876edf177716bba81ab23443c"
            }
        },
        {
            "progressiveDownloadURL": "https://download-a.akamaihd.net/files/media_periodical/1a/jwbcov_E_201905_10_r720P.mp4",
            "checksum": "5184ee50e5c28214cbef4af1307e2014",
            "filesize": 10665609,
            "modifiedDatetime": "2020-02-20T15:38:54.000Z",
            "bitRate": 683.7041043750461,
            "duration": 121.873,
            "frameHeight": 720,
            "frameWidth": 1280,
            "label": "720p",
            "frameRate": 23.976,
            "mimetype": "video/mp4",
            "subtitled": false,
            "subtitles": {
                "url": "https://download-a.akamaihd.net/files/media_periodical/45/jwbcov_E_201905_10.vtt",
                "modifiedDatetime": "2020-02-20T15:38:58.000Z",
                "checksum": "a813476876edf177716bba81ab23443c"
            }
        }
    ],
    "printReferences": [
        "jwbcov.201905-10.v",
        "jwbcov.201905-10"
    ],
    "subtitlesUrl": "https://download-a.akamaihd.net/files/media_periodical/45/jwbcov_E_201905_10.vtt",
    "Name": "pub-jwbcov_E_201905_10_VIDEO",
    "Title": "Love Never Fails Despite . . . Family Opposition",
    "UndatedReferenceTitle": "Love Never Fails Despite . . . Family Opposition",
    "ShortTitle": null,
    "Category": "vod",
    "Year": 2020,
    "Symbol": "2019Convention"
}