{
    "guid": "625d73d3dedf1bc789378a3b",
    "languageAgnosticNaturalKey": "pub-co-r22_121_VIDEO",
    "naturalKey": "pub-co-r22_E_121_VIDEO",
    "type": "video",
    "primaryCategory": "2022Convention",
    "description": "",
    "firstPublished": "2022-07-18T14:39:55.364Z",
    "duration": 670.123,
    "durationFormattedHHMM": "11:10",
    "durationFormattedMinSec": "11m 10s",
    "files": [
        {
            "progressiveDownloadURL": "https://download-a.akamaihd.net/files/media_publication/99/CO-r22_E_121_r240P.mp4",
            "checksum": "a7bd4b169fa815da35c3a488e048d5a7",
            "filesize": 13178662,
            "modifiedDatetime": "2022-07-18T00:00:29.000Z",
            "bitRate": 153.6408940970538,
            "duration": 670.123,
            "frameHeight": 234,
            "frameWidth": 416,
            "label": "240p",
            "frameRate": 23.976,
            "mimetype": "video/mp4",
            "subtitled": false,
            "subtitles": {
                "url": "https://download-a.akamaihd.net/files/media_publication/03/CO-r22_E_121.vtt",
                "modifiedDatetime": "2022-07-18T00:00:19.000Z",
                "checksum": "911d0c467914866a4653b069056f7e98"
            }
        },
        {
            "progressiveDownloadURL": "https://download-a.akamaihd.net/files/media_publication/1f/CO-r22_E_121_r360P.mp4",
            "checksum": "18df7948eac9c242155aae2614aeb200",
            "filesize": 25246259,
            "modifiedDatetime": "2022-07-18T00:00:27.000Z",
            "bitRate": 294.3378745884955,
            "duration": 670.102,
            "frameHeight": 360,
            "frameWidth": 640,
            "label": "360p",
            "frameRate": 23.976,
            "mimetype": "video/mp4",
            "subtitled": false,
            "subtitles": {
                "url": "https://download-a.akamaihd.net/files/media_publication/03/CO-r22_E_121.vtt",
                "modifiedDatetime": "2022-07-18T00:00:19.000Z",
                "checksum": "911d0c467914866a4653b069056f7e98"
            }
        },
        {
            "progressiveDownloadURL": "https://download-a.akamaihd.net/files/media_publication/c1/CO-r22_E_121_r480P.mp4",
            "checksum": "c6743f0dbbe1fd938155d0387dc0ec6e",
            "filesize": 45213560,
            "modifiedDatetime": "2022-07-18T00:00:25.000Z",
            "bitRate": 527.1301048198633,
            "duration": 670.102,
            "frameHeight": 540,
            "frameWidth": 960,
            "label": "480p",
            "frameRate": 23.976,
            "mimetype": "video/mp4",
            "subtitled": false,
            "subtitles": {
                "url": "https://download-a.akamaihd.net/files/media_publication/03/CO-r22_E_121.vtt",
                "modifiedDatetime": "2022-07-18T00:00:19.000Z",
                "checksum": "911d0c467914866a4653b069056f7e98"
            }
        },
        {
            "progressiveDownloadURL": "https://download-a.akamaihd.net/files/media_publication/01/CO-r22_E_121_r720P.mp4",
            "checksum": "16733f9befd2000ead6d68a5390d9096",
            "filesize": 76307880,
            "modifiedDatetime": "2022-07-18T00:00:22.000Z",
            "bitRate": 889.6486094654247,
            "duration": 670.102,
            "frameHeight": 720,
            "frameWidth": 1280,
            "label": "720p",
            "frameRate": 23.976,
            "mimetype": "video/mp4",
            "subtitled": false,
            "subtitles": {
                "url": "https://download-a.akamaihd.net/files/media_publication/03/CO-r22_E_121.vtt",
                "modifiedDatetime": "2022-07-18T00:00:19.000Z",
                "checksum": "911d0c467914866a4653b069056f7e98"
            }
        }
    ],
    "printReferences": [
        "co-r22-121.v",
        "co-r22-121"
    ],
    "subtitlesUrl": "https://download-a.akamaihd.net/files/media_publication/03/CO-r22_E_121.vtt",
    "Name": "pub-co-r22_E_121_VIDEO",
    "Title": "Gary Breaux: Be Ready to Share “the Good News of Peace”—Follow Up on Interest",
    "UndatedReferenceTitle": "Gary Breaux: Be Ready to Share “the Good News of Peace”—Follow Up on Interest",
    "ShortTitle": null,
    "Category": "vod",
    "Year": 2022,
    "Symbol": "2022Convention"
}