{
    "guid": "5f7f574a0ca056895eba53b3",
    "languageAgnosticNaturalKey": "pub-co-r20_108_VIDEO",
    "naturalKey": "pub-co-r20_E_108_VIDEO",
    "type": "video",
    "primaryCategory": "2020Convention",
    "description": "",
    "firstPublished": "2020-12-01T23:46:07.294Z",
    "duration": 980.606,
    "durationFormattedHHMM": "16:20",
    "durationFormattedMinSec": "16m 20s",
    "files": [
        {
            "progressiveDownloadURL": "https://download-a.akamaihd.net/files/media_publication/20/CO-r20_E_108_r240P.mp4",
            "checksum": "8d95b350984be77b173d8b3e66fd7ab9",
            "filesize": 24657788,
            "modifiedDatetime": "2020-11-29T12:50:36.000Z",
            "bitRate": 196.44889869121747,
            "duration": 980.606,
            "frameHeight": 234,
            "frameWidth": 416,
            "label": "240p",
            "frameRate": 23.529,
            "mimetype": "video/mp4",
            "subtitled": false,
            "subtitles": {
                "url": "https://download-a.akamaihd.net/files/media_publication/8a/co-r20_E_108.vtt",
                "modifiedDatetime": "2020-11-29T12:50:50.000Z",
                "checksum": "1282de79e97aa907481d6ef47bc458b9"
            }
        },
        {
            "progressiveDownloadURL": "https://download-a.akamaihd.net/files/media_publication/b4/CO-r20_E_108_r360P.mp4",
            "checksum": "a74ef3e27ca596f24d37f81a0837db1c",
            "filesize": 33763733,
            "modifiedDatetime": "2020-11-29T12:50:38.000Z",
            "bitRate": 268.99607392010654,
            "duration": 980.606,
            "frameHeight": 360,
            "frameWidth": 640,
            "label": "360p",
            "frameRate": 23.976,
            "mimetype": "video/mp4",
            "subtitled": false,
            "subtitles": {
                "url": "https://download-a.akamaihd.net/files/media_publication/8a/co-r20_E_108.vtt",
                "modifiedDatetime": "2020-11-29T12:50:50.000Z",
                "checksum": "1282de79e97aa907481d6ef47bc458b9"
            }
        },
        {
            "progressiveDownloadURL": "https://download-a.akamaihd.net/files/media_publication/62/CO-r20_E_108_r480P.mp4",
            "checksum": "0c6d369f5b8e841ad7a1c7c42933b2ab",
            "filesize": 58570167,
            "modifiedDatetime": "2020-11-29T12:50:41.000Z",
            "bitRate": 466.6292371120511,
            "duration": 980.606,
            "frameHeight": 540,
            "frameWidth": 960,
            "label": "480p",
            "frameRate": 23.976,
            "mimetype": "video/mp4",
            "subtitled": false,
            "subtitles": {
                "url": "https://download-a.akamaihd.net/files/media_publication/8a/co-r20_E_108.vtt",
                "modifiedDatetime": "2020-11-29T12:50:50.000Z",
                "checksum": "1282de79e97aa907481d6ef47bc458b9"
            }
        },
        {
            "progressiveDownloadURL": "https://download-a.akamaihd.net/files/media_publication/ab/CO-r20_E_108_r720P.mp4",
            "checksum": "ac144fc7f764e8ee141c816f99366274",
            "filesize": 93033103,
            "modifiedDatetime": "2020-11-29T12:50:44.000Z",
            "bitRate": 741.19586988811,
            "duration": 980.606,
            "frameHeight": 720,
            "frameWidth": 1280,
            "label": "720p",
            "frameRate": 23.976,
            "mimetype": "video/mp4",
            "subtitled": false,
            "subtitles": {
                "url": "https://download-a.akamaihd.net/files/media_publication/8a/co-r20_E_108.vtt",
                "modifiedDatetime": "2020-11-29T12:50:50.000Z",
                "checksum": "1282de79e97aa907481d6ef47bc458b9"
            }
        }
    ],
    "printReferences": [
        "co-r20-108.v",
        "co-r20-108"
    ],
    "subtitlesUrl": "https://download-a.akamaihd.net/files/media_publication/8a/co-r20_E_108.vtt",
    "Name": "pub-co-r20_E_108_VIDEO",
    "Title": "Seth Hyatt: Cultivate Joy in Your Family—Husbands, Rejoice in Your Wife",
    "UndatedReferenceTitle": "Seth Hyatt: Cultivate Joy in Your Family—Husbands, Rejoice in Your Wife",
    "ShortTitle": null,
    "Category": "vod",
    "Year": 2020,
    "Symbol": "2020Convention"
}