{
    "guid": "624472c5dedf1bc789fa36bb",
    "languageAgnosticNaturalKey": "pub-co-r22_144_VIDEO",
    "naturalKey": "pub-co-r22_E_144_VIDEO",
    "type": "video",
    "primaryCategory": "2022Convention",
    "description": "",
    "firstPublished": "2022-08-08T14:07:49.924Z",
    "duration": 1749.163,
    "durationFormattedHHMM": "29:09",
    "durationFormattedMinSec": "29m 9s",
    "files": [
        {
            "progressiveDownloadURL": "https://download-a.akamaihd.net/files/media_publication/b2/CO-r22_E_144_r240P.mp4",
            "checksum": "aa9c8b8dcc9462a8aab41f8031d7e7fd",
            "filesize": 29122684,
            "modifiedDatetime": "2022-08-07T23:53:06.000Z",
            "bitRate": 130.0741947720138,
            "duration": 1749.163,
            "frameHeight": 234,
            "frameWidth": 416,
            "label": "240p",
            "frameRate": 23.976,
            "mimetype": "video/mp4",
            "subtitled": false,
            "subtitles": {
                "url": "https://download-a.akamaihd.net/files/media_publication/4c/CO-r22_E_144.vtt",
                "modifiedDatetime": "2022-08-07T23:52:44.000Z",
                "checksum": "fdb9e29c70eadff9853ba3a55fe54bc3"
            }
        },
        {
            "progressiveDownloadURL": "https://download-a.akamaihd.net/files/media_publication/bd/CO-r22_E_144_r360P.mp4",
            "checksum": "cfe34eeb7a7656983822ab8440331e84",
            "filesize": 58311724,
            "modifiedDatetime": "2022-08-07T23:53:03.000Z",
            "bitRate": 260.4478903085055,
            "duration": 1749.142,
            "frameHeight": 360,
            "frameWidth": 640,
            "label": "360p",
            "frameRate": 23.976,
            "mimetype": "video/mp4",
            "subtitled": false,
            "subtitles": {
                "url": "https://download-a.akamaihd.net/files/media_publication/4c/CO-r22_E_144.vtt",
                "modifiedDatetime": "2022-08-07T23:52:44.000Z",
                "checksum": "fdb9e29c70eadff9853ba3a55fe54bc3"
            }
        },
        {
            "progressiveDownloadURL": "https://download-a.akamaihd.net/files/media_publication/2d/CO-r22_E_144_r480P.mp4",
            "checksum": "285f98d4be367378459f7ee2cac75aac",
            "filesize": 105447610,
            "modifiedDatetime": "2022-08-07T23:52:55.000Z",
            "bitRate": 470.9791732889611,
            "duration": 1749.142,
            "frameHeight": 540,
            "frameWidth": 960,
            "label": "480p",
            "frameRate": 23.976,
            "mimetype": "video/mp4",
            "subtitled": false,
            "subtitles": {
                "url": "https://download-a.akamaihd.net/files/media_publication/4c/CO-r22_E_144.vtt",
                "modifiedDatetime": "2022-08-07T23:52:44.000Z",
                "checksum": "fdb9e29c70eadff9853ba3a55fe54bc3"
            }
        },
        {
            "progressiveDownloadURL": "https://download-a.akamaihd.net/files/media_publication/51/CO-r22_E_144_r720P.mp4",
            "checksum": "96879ecdd27166f4f0a43aba920df602",
            "filesize": 178048582,
            "modifiedDatetime": "2022-08-07T23:52:50.000Z",
            "bitRate": 795.2496406095103,
            "duration": 1749.142,
            "frameHeight": 720,
            "frameWidth": 1280,
            "label": "720p",
            "frameRate": 23.976,
            "mimetype": "video/mp4",
            "subtitled": false,
            "subtitles": {
                "url": "https://download-a.akamaihd.net/files/media_publication/4c/CO-r22_E_144.vtt",
                "modifiedDatetime": "2022-08-07T23:52:44.000Z",
                "checksum": "fdb9e29c70eadff9853ba3a55fe54bc3"
            }
        }
    ],
    "printReferences": [
        "co-r22-144.v",
        "co-r22-144"
    ],
    "subtitlesUrl": "https://download-a.akamaihd.net/files/media_publication/4c/CO-r22_E_144.vtt",
    "Name": "pub-co-r22_E_144_VIDEO",
    "Title": "Kenneth Cook, Jr.: Public Bible Discourse: Friendship With God—How Possible?",
    "UndatedReferenceTitle": "Kenneth Cook, Jr.: Public Bible Discourse: Friendship With God—How Possible?",
    "ShortTitle": null,
    "Category": "vod",
    "Year": 2022,
    "Symbol": "2022Convention"
}