{
    "guid": "6298f2762b229f0b1c6f8c9a",
    "languageAgnosticNaturalKey": "pub-co-r22_147_VIDEO",
    "naturalKey": "pub-co-r22_E_147_VIDEO",
    "type": "video",
    "primaryCategory": "2022Convention",
    "description": "",
    "firstPublished": "2022-08-15T14:30:09.891Z",
    "duration": 3565.227,
    "durationFormattedHHMM": "59:25",
    "durationFormattedMinSec": "59m 25s",
    "files": [
        {
            "progressiveDownloadURL": "https://download-a.akamaihd.net/files/media_publication/c9/CO-r22_E_147_r240P.mp4",
            "checksum": "f28e30d5c31626ac007f35f511f82da3",
            "filesize": 64073713,
            "modifiedDatetime": "2022-08-15T02:32:24.000Z",
            "bitRate": 140.40505213623143,
            "duration": 3565.227,
            "frameHeight": 234,
            "frameWidth": 416,
            "label": "240p",
            "frameRate": 23.976,
            "mimetype": "video/mp4",
            "subtitled": false,
            "subtitles": {
                "url": "https://download-a.akamaihd.net/files/media_publication/f4/CO-r22_E_147.vtt",
                "modifiedDatetime": "2022-08-15T02:31:48.000Z",
                "checksum": "82bb985e8507f15ee5e986d5cd5c9163"
            }
        },
        {
            "progressiveDownloadURL": "https://download-a.akamaihd.net/files/media_publication/96/CO-r22_E_147_r360P.mp4",
            "checksum": "1785282630a343b76ca2389a542e31c4",
            "filesize": 142195983,
            "modifiedDatetime": "2022-08-15T02:32:16.000Z",
            "bitRate": 311.59661382469903,
            "duration": 3565.206,
            "frameHeight": 360,
            "frameWidth": 640,
            "label": "360p",
            "frameRate": 23.976,
            "mimetype": "video/mp4",
            "subtitled": false,
            "subtitles": {
                "url": "https://download-a.akamaihd.net/files/media_publication/f4/CO-r22_E_147.vtt",
                "modifiedDatetime": "2022-08-15T02:31:48.000Z",
                "checksum": "82bb985e8507f15ee5e986d5cd5c9163"
            }
        },
        {
            "progressiveDownloadURL": "https://download-a.akamaihd.net/files/media_publication/b0/CO-r22_E_147_r480P.mp4",
            "checksum": "652a383f930a29a69d6902429b35f79e",
            "filesize": 259084678,
            "modifiedDatetime": "2022-08-15T02:32:08.000Z",
            "bitRate": 567.7369125023912,
            "duration": 3565.206,
            "frameHeight": 540,
            "frameWidth": 960,
            "label": "480p",
            "frameRate": 23.976,
            "mimetype": "video/mp4",
            "subtitled": false,
            "subtitles": {
                "url": "https://download-a.akamaihd.net/files/media_publication/f4/CO-r22_E_147.vtt",
                "modifiedDatetime": "2022-08-15T02:31:48.000Z",
                "checksum": "82bb985e8507f15ee5e986d5cd5c9163"
            }
        },
        {
            "progressiveDownloadURL": "https://download-a.akamaihd.net/files/media_publication/32/CO-r22_E_147_r720P.mp4",
            "checksum": "3e4cafba87eb37a63b4640e9f9e6d1cb",
            "filesize": 436177319,
            "modifiedDatetime": "2022-08-15T02:31:53.000Z",
            "bitRate": 955.8032003445243,
            "duration": 3565.206,
            "frameHeight": 720,
            "frameWidth": 1280,
            "label": "720p",
            "frameRate": 23.976,
            "mimetype": "video/mp4",
            "subtitled": false,
            "subtitles": {
                "url": "https://download-a.akamaihd.net/files/media_publication/f4/CO-r22_E_147.vtt",
                "modifiedDatetime": "2022-08-15T02:31:48.000Z",
                "checksum": "82bb985e8507f15ee5e986d5cd5c9163"
            }
        }
    ],
    "printReferences": [
        "co-r22-147.v",
        "co-r22-147"
    ],
    "subtitlesUrl": "https://download-a.akamaihd.net/files/media_publication/f4/CO-r22_E_147.vtt",
    "Name": "pub-co-r22_E_147_VIDEO",
    "Title": "Geoffrey W. Jackson: Universal Peace Is Sure to Come!",
    "UndatedReferenceTitle": "Geoffrey W. Jackson: Universal Peace Is Sure to Come!",
    "ShortTitle": null,
    "Category": "vod",
    "Year": 2022,
    "Symbol": "2022Convention"
}