{
    "guid": "6081e6250524ac0a0a1aa3aa",
    "languageAgnosticNaturalKey": "pub-co-r21_126_VIDEO",
    "naturalKey": "pub-co-r21_E_126_VIDEO",
    "type": "video",
    "primaryCategory": "2021Convention",
    "description": "",
    "firstPublished": "2021-09-13T16:42:53.532Z",
    "duration": 960.448,
    "durationFormattedHHMM": "16:00",
    "durationFormattedMinSec": "16m 0s",
    "files": [
        {
            "progressiveDownloadURL": "https://download-a.akamaihd.net/files/media_publication/f2/CO-r21_E_126_r240P.mp4",
            "checksum": "3f247a611440b30777784e7ada1cda51",
            "filesize": 20205509,
            "modifiedDatetime": "2021-09-11T05:00:33.000Z",
            "bitRate": 164.35615365173336,
            "duration": 960.448,
            "frameHeight": 234,
            "frameWidth": 416,
            "label": "240p",
            "frameRate": 23.786,
            "mimetype": "video/mp4",
            "subtitled": false,
            "subtitles": {
                "url": "https://download-a.akamaihd.net/files/media_publication/3b/co-r21_E_126.vtt",
                "modifiedDatetime": "2021-09-11T05:00:48.000Z",
                "checksum": "08df232260a31a9bed82af490cdd5270"
            }
        },
        {
            "progressiveDownloadURL": "https://download-a.akamaihd.net/files/media_publication/1a/CO-r21_E_126_r360P.mp4",
            "checksum": "0de660c0feea4025888734279056b949",
            "filesize": 37867224,
            "modifiedDatetime": "2021-09-11T05:00:46.000Z",
            "bitRate": 308.0298156325521,
            "duration": 960.419,
            "frameHeight": 360,
            "frameWidth": 640,
            "label": "360p",
            "frameRate": 23.976,
            "mimetype": "video/mp4",
            "subtitled": false,
            "subtitles": {
                "url": "https://download-a.akamaihd.net/files/media_publication/3b/co-r21_E_126.vtt",
                "modifiedDatetime": "2021-09-11T05:00:48.000Z",
                "checksum": "08df232260a31a9bed82af490cdd5270"
            }
        },
        {
            "progressiveDownloadURL": "https://download-a.akamaihd.net/files/media_publication/78/CO-r21_E_126_r480P.mp4",
            "checksum": "07a06b02971879485aeec65814db92c2",
            "filesize": 67158111,
            "modifiedDatetime": "2021-09-11T05:00:38.000Z",
            "bitRate": 546.2956711471764,
            "duration": 960.419,
            "frameHeight": 540,
            "frameWidth": 960,
            "label": "480p",
            "frameRate": 23.976,
            "mimetype": "video/mp4",
            "subtitled": false,
            "subtitles": {
                "url": "https://download-a.akamaihd.net/files/media_publication/3b/co-r21_E_126.vtt",
                "modifiedDatetime": "2021-09-11T05:00:48.000Z",
                "checksum": "08df232260a31a9bed82af490cdd5270"
            }
        },
        {
            "progressiveDownloadURL": "https://download-a.akamaihd.net/files/media_publication/67/CO-r21_E_126_r720P.mp4",
            "checksum": "acd2e78ec290021ac388d642bcff32fd",
            "filesize": 108359442,
            "modifiedDatetime": "2021-09-11T05:00:35.000Z",
            "bitRate": 881.4466817347429,
            "duration": 960.419,
            "frameHeight": 720,
            "frameWidth": 1280,
            "label": "720p",
            "frameRate": 23.976,
            "mimetype": "video/mp4",
            "subtitled": false,
            "subtitles": {
                "url": "https://download-a.akamaihd.net/files/media_publication/3b/co-r21_E_126.vtt",
                "modifiedDatetime": "2021-09-11T05:00:48.000Z",
                "checksum": "08df232260a31a9bed82af490cdd5270"
            }
        }
    ],
    "printReferences": [
        "co-r21-126.v",
        "co-r21-126"
    ],
    "subtitlesUrl": "https://download-a.akamaihd.net/files/media_publication/3b/co-r21_E_126.vtt",
    "Name": "pub-co-r21_E_126_VIDEO",
    "Title": "William Malenfant: Successful Fighters for the Faith—Those With Unbelieving Mates",
    "UndatedReferenceTitle": "William Malenfant: Successful Fighters for the Faith—Those With Unbelieving Mates",
    "ShortTitle": null,
    "Category": "vod",
    "Year": 2021,
    "Symbol": "2021Convention"
}