{
    "guid": "625dc4c1dedf1bc7893833be",
    "languageAgnosticNaturalKey": "pub-co-r22_134_VIDEO",
    "naturalKey": "pub-co-r22_E_134_VIDEO",
    "type": "video",
    "primaryCategory": "2022Convention",
    "description": "",
    "firstPublished": "2022-07-25T13:36:31.732Z",
    "duration": 711.446,
    "durationFormattedHHMM": "11:51",
    "durationFormattedMinSec": "11m 51s",
    "files": [
        {
            "progressiveDownloadURL": "https://download-a.akamaihd.net/files/media_publication/a0/CO-r22_E_134_r240P.mp4",
            "checksum": "2a87ac0da694a1bdc1fe1ec659eacdb8",
            "filesize": 13076836,
            "modifiedDatetime": "2022-07-25T00:35:26.000Z",
            "bitRate": 143.5987850799639,
            "duration": 711.446,
            "frameHeight": 234,
            "frameWidth": 416,
            "label": "240p",
            "frameRate": 23.976,
            "mimetype": "video/mp4",
            "subtitled": false,
            "subtitles": {
                "url": "https://download-a.akamaihd.net/files/media_publication/a5/CO-r22_E_134.vtt",
                "modifiedDatetime": "2022-07-25T00:34:51.000Z",
                "checksum": "cae7ee0e743391c25340e19dd5c08dc9"
            }
        },
        {
            "progressiveDownloadURL": "https://download-a.akamaihd.net/files/media_publication/48/CO-r22_E_134_r360P.mp4",
            "checksum": "11b57aee88b869b37efb254ca2fc9bb8",
            "filesize": 25098207,
            "modifiedDatetime": "2022-07-25T00:35:21.000Z",
            "bitRate": 275.6158664699251,
            "duration": 711.424,
            "frameHeight": 360,
            "frameWidth": 640,
            "label": "360p",
            "frameRate": 23.976,
            "mimetype": "video/mp4",
            "subtitled": false,
            "subtitles": {
                "url": "https://download-a.akamaihd.net/files/media_publication/a5/CO-r22_E_134.vtt",
                "modifiedDatetime": "2022-07-25T00:34:51.000Z",
                "checksum": "cae7ee0e743391c25340e19dd5c08dc9"
            }
        },
        {
            "progressiveDownloadURL": "https://download-a.akamaihd.net/files/media_publication/fa/CO-r22_E_134_r480P.mp4",
            "checksum": "05c2d33c98d025af8d3bedf0aef89eea",
            "filesize": 44106423,
            "modifiedDatetime": "2022-07-25T00:35:13.000Z",
            "bitRate": 484.3545195094627,
            "duration": 711.424,
            "frameHeight": 540,
            "frameWidth": 960,
            "label": "480p",
            "frameRate": 23.976,
            "mimetype": "video/mp4",
            "subtitled": false,
            "subtitles": {
                "url": "https://download-a.akamaihd.net/files/media_publication/a5/CO-r22_E_134.vtt",
                "modifiedDatetime": "2022-07-25T00:34:51.000Z",
                "checksum": "cae7ee0e743391c25340e19dd5c08dc9"
            }
        },
        {
            "progressiveDownloadURL": "https://download-a.akamaihd.net/files/media_publication/07/CO-r22_E_134_r720P.mp4",
            "checksum": "6bf54dc4345cd206fbc0d7aab03c6c5f",
            "filesize": 72342443,
            "modifiedDatetime": "2022-07-25T00:35:04.000Z",
            "bitRate": 794.4282677243107,
            "duration": 711.424,
            "frameHeight": 720,
            "frameWidth": 1280,
            "label": "720p",
            "frameRate": 23.976,
            "mimetype": "video/mp4",
            "subtitled": false,
            "subtitles": {
                "url": "https://download-a.akamaihd.net/files/media_publication/a5/CO-r22_E_134.vtt",
                "modifiedDatetime": "2022-07-25T00:34:51.000Z",
                "checksum": "cae7ee0e743391c25340e19dd5c08dc9"
            }
        }
    ],
    "printReferences": [
        "co-r22-134.v",
        "co-r22-134"
    ],
    "subtitlesUrl": "https://download-a.akamaihd.net/files/media_publication/a5/CO-r22_E_134.vtt",
    "Name": "pub-co-r22_E_134_VIDEO",
    "Title": "Leonard Myers: “Seek Peace and Pursue It” . . . By Forgiving Freely",
    "UndatedReferenceTitle": "Leonard Myers: “Seek Peace and Pursue It” . . . By Forgiving Freely",
    "ShortTitle": null,
    "Category": "vod",
    "Year": 2022,
    "Symbol": "2022Convention"
}