{
    "guid": "608811280524ac0a0a2665cf",
    "languageAgnosticNaturalKey": "pub-co-r21_119_VIDEO",
    "naturalKey": "pub-co-r21_E_119_VIDEO",
    "type": "video",
    "primaryCategory": "2021Convention",
    "description": "",
    "firstPublished": "2021-09-13T16:47:15.472Z",
    "duration": 463.851,
    "durationFormattedHHMM": "7:43",
    "durationFormattedMinSec": "7m 43s",
    "files": [
        {
            "progressiveDownloadURL": "https://download-a.akamaihd.net/files/media_publication/cf/CO-r21_E_119_r240P.mp4",
            "checksum": "dd4b6b3a752105fc43bc435d2e8fc4ea",
            "filesize": 10062411,
            "modifiedDatetime": "2022-09-14T20:57:03.000Z",
            "bitRate": 169.47809951363692,
            "duration": 463.851,
            "frameHeight": 234,
            "frameWidth": 416,
            "label": "240p",
            "frameRate": 23.976,
            "mimetype": "video/mp4",
            "subtitled": false,
            "subtitles": {
                "url": "https://download-a.akamaihd.net/files/media_publication/85/co-r21_E_119.vtt",
                "modifiedDatetime": "2022-09-14T20:56:55.000Z",
                "checksum": "4e8faa33bab6c1fc6b348a8f11694959"
            }
        },
        {
            "progressiveDownloadURL": "https://download-a.akamaihd.net/files/media_publication/57/CO-r21_E_119_r360P.mp4",
            "checksum": "5292d5f1b41c4fee4f6be04ae96a02af",
            "filesize": 16268981,
            "modifiedDatetime": "2022-09-14T20:57:06.000Z",
            "bitRate": 274.01345273051044,
            "duration": 463.851,
            "frameHeight": 360,
            "frameWidth": 640,
            "label": "360p",
            "frameRate": 23.976,
            "mimetype": "video/mp4",
            "subtitled": false,
            "subtitles": {
                "url": "https://download-a.akamaihd.net/files/media_publication/85/co-r21_E_119.vtt",
                "modifiedDatetime": "2022-09-14T20:56:55.000Z",
                "checksum": "4e8faa33bab6c1fc6b348a8f11694959"
            }
        },
        {
            "progressiveDownloadURL": "https://download-a.akamaihd.net/files/media_publication/d7/CO-r21_E_119_r480P.mp4",
            "checksum": "1727c61a10ecefa3cf2008a05b04e856",
            "filesize": 29731204,
            "modifiedDatetime": "2022-09-14T20:57:17.000Z",
            "bitRate": 500.75354208571287,
            "duration": 463.851,
            "frameHeight": 540,
            "frameWidth": 960,
            "label": "480p",
            "frameRate": 23.976,
            "mimetype": "video/mp4",
            "subtitled": false,
            "subtitles": {
                "url": "https://download-a.akamaihd.net/files/media_publication/85/co-r21_E_119.vtt",
                "modifiedDatetime": "2022-09-14T20:56:55.000Z",
                "checksum": "4e8faa33bab6c1fc6b348a8f11694959"
            }
        },
        {
            "progressiveDownloadURL": "https://download-a.akamaihd.net/files/media_publication/3e/CO-r21_E_119_r720P.mp4",
            "checksum": "0b15c0e78cc0c15df5929d307cb1ae7f",
            "filesize": 50014227,
            "modifiedDatetime": "2022-09-14T20:57:23.000Z",
            "bitRate": 842.3742719914369,
            "duration": 463.851,
            "frameHeight": 720,
            "frameWidth": 1280,
            "label": "720p",
            "frameRate": 23.976,
            "mimetype": "video/mp4",
            "subtitled": false,
            "subtitles": {
                "url": "https://download-a.akamaihd.net/files/media_publication/85/co-r21_E_119.vtt",
                "modifiedDatetime": "2022-09-14T20:56:55.000Z",
                "checksum": "4e8faa33bab6c1fc6b348a8f11694959"
            }
        }
    ],
    "printReferences": [
        "co-r21-119.v",
        "co-r21-119"
    ],
    "subtitlesUrl": "https://download-a.akamaihd.net/files/media_publication/85/co-r21_E_119.vtt",
    "Name": "pub-co-r21_E_119_VIDEO",
    "Title": "Robert Ciranko: Imitate the Faithful, Not the Faithless—Jesus’ Disciples, Not the Pharisees",
    "UndatedReferenceTitle": "Robert Ciranko: Imitate the Faithful, Not the Faithless—Jesus’ Disciples, Not the Pharisees",
    "ShortTitle": null,
    "Category": "vod",
    "Year": 2021,
    "Symbol": "2021Convention"
}