{
    "guid": "608811280524ac0a0a2665cf",
    "languageAgnosticNaturalKey": "pub-co-r21_119_VIDEO",
    "naturalKey": "pub-co-r21_E_119_VIDEO",
    "type": "video",
    "primaryCategory": "2021Convention",
    "description": "",
    "firstPublished": "2021-09-13T16:47:15.472Z",
    "duration": 688.47,
    "durationFormattedHHMM": "11:28",
    "durationFormattedMinSec": "11m 28s",
    "files": [
        {
            "progressiveDownloadURL": "https://download-a.akamaihd.net/files/media_publication/cf/CO-r21_E_119_r240P.mp4",
            "checksum": "39df241496e27fe5f240f9c733376925",
            "filesize": 12452203,
            "modifiedDatetime": "2021-09-11T04:58:37.000Z",
            "bitRate": 141.302941213851,
            "duration": 688.47,
            "frameHeight": 234,
            "frameWidth": 416,
            "label": "240p",
            "frameRate": 23.622,
            "mimetype": "video/mp4",
            "subtitled": false,
            "subtitles": {
                "url": "https://download-a.akamaihd.net/files/media_publication/85/co-r21_E_119.vtt",
                "modifiedDatetime": "2021-09-11T04:58:24.000Z",
                "checksum": "38b039722a3c1a9fe28cd9839f1e8e9e"
            }
        },
        {
            "progressiveDownloadURL": "https://download-a.akamaihd.net/files/media_publication/57/CO-r21_E_119_r360P.mp4",
            "checksum": "46c2d1d525467ff4ea386515a2b27904",
            "filesize": 24073887,
            "modifiedDatetime": "2021-09-11T04:58:32.000Z",
            "bitRate": 273.1937647162639,
            "duration": 688.439,
            "frameHeight": 360,
            "frameWidth": 640,
            "label": "360p",
            "frameRate": 23.976,
            "mimetype": "video/mp4",
            "subtitled": false,
            "subtitles": {
                "url": "https://download-a.akamaihd.net/files/media_publication/85/co-r21_E_119.vtt",
                "modifiedDatetime": "2021-09-11T04:58:24.000Z",
                "checksum": "38b039722a3c1a9fe28cd9839f1e8e9e"
            }
        },
        {
            "progressiveDownloadURL": "https://download-a.akamaihd.net/files/media_publication/d7/CO-r21_E_119_r480P.mp4",
            "checksum": "c61f362278180ab63e021cdcfc5e56d2",
            "filesize": 43165583,
            "modifiedDatetime": "2021-09-11T04:58:30.000Z",
            "bitRate": 489.84894404224633,
            "duration": 688.439,
            "frameHeight": 540,
            "frameWidth": 960,
            "label": "480p",
            "frameRate": 23.976,
            "mimetype": "video/mp4",
            "subtitled": false,
            "subtitles": {
                "url": "https://download-a.akamaihd.net/files/media_publication/85/co-r21_E_119.vtt",
                "modifiedDatetime": "2021-09-11T04:58:24.000Z",
                "checksum": "38b039722a3c1a9fe28cd9839f1e8e9e"
            }
        },
        {
            "progressiveDownloadURL": "https://download-a.akamaihd.net/files/media_publication/3e/CO-r21_E_119_r720P.mp4",
            "checksum": "eecf31efcd1cd015ce2ec6703139bb2a",
            "filesize": 72162896,
            "modifiedDatetime": "2021-09-11T04:58:26.000Z",
            "bitRate": 818.9144208855106,
            "duration": 688.439,
            "frameHeight": 720,
            "frameWidth": 1280,
            "label": "720p",
            "frameRate": 23.976,
            "mimetype": "video/mp4",
            "subtitled": false,
            "subtitles": {
                "url": "https://download-a.akamaihd.net/files/media_publication/85/co-r21_E_119.vtt",
                "modifiedDatetime": "2021-09-11T04:58:24.000Z",
                "checksum": "38b039722a3c1a9fe28cd9839f1e8e9e"
            }
        }
    ],
    "printReferences": [
        "co-r21-119.v",
        "co-r21-119"
    ],
    "subtitlesUrl": "https://download-a.akamaihd.net/files/media_publication/85/co-r21_E_119.vtt",
    "Name": "pub-co-r21_E_119_VIDEO",
    "Title": "Robert Ciranko: Imitate the Faithful, Not the Faithless—Jesus’ Disciples, Not the Pharisees",
    "UndatedReferenceTitle": "Robert Ciranko: Imitate the Faithful, Not the Faithless—Jesus’ Disciples, Not the Pharisees",
    "ShortTitle": null,
    "Category": "vod",
    "Year": 2021,
    "Symbol": "2021Convention"
}