{
    "guid": "5dde889e1b4e58739352b519",
    "languageAgnosticNaturalKey": "pub-jwbcov_201905_4_VIDEO",
    "naturalKey": "pub-jwbcov_E_201905_4_VIDEO",
    "type": "video",
    "primaryCategory": "2019Convention",
    "description": "",
    "firstPublished": "2020-02-17T16:26:07.082Z",
    "duration": 134.08,
    "durationFormattedHHMM": "2:14",
    "durationFormattedMinSec": "2m 14s",
    "files": [
        {
            "progressiveDownloadURL": "https://download-a.akamaihd.net/files/media_periodical/30/jwbcov_E_201905_04_r240P.mp4",
            "checksum": "5a923192bae431fa2e95a8f4dfcd3261",
            "filesize": 3155912,
            "modifiedDatetime": "2020-11-06T02:12:00.000Z",
            "bitRate": 183.88695181980904,
            "duration": 134.08,
            "frameHeight": 234,
            "frameWidth": 416,
            "label": "240p",
            "frameRate": 23.976,
            "mimetype": "video/mp4",
            "subtitled": false,
            "subtitles": {
                "url": "https://download-a.akamaihd.net/files/media_periodical/41/jwbcov_E_201905_04.vtt",
                "modifiedDatetime": "2020-02-17T13:25:39.000Z",
                "checksum": "6aa1e2c9c0dfdb0ec10d2246fa3d9098"
            }
        },
        {
            "progressiveDownloadURL": "https://download-a.akamaihd.net/files/media_periodical/88/jwbcov_E_201905_04_r360P.mp4",
            "checksum": "90bcbcf3f8dc3990ccef2e9ec035b82d",
            "filesize": 5702707,
            "modifiedDatetime": "2020-02-17T13:25:27.000Z",
            "bitRate": 332.35161308671263,
            "duration": 134.052,
            "frameHeight": 360,
            "frameWidth": 640,
            "label": "360p",
            "frameRate": 23.976,
            "mimetype": "video/mp4",
            "subtitled": false,
            "subtitles": {
                "url": "https://download-a.akamaihd.net/files/media_periodical/41/jwbcov_E_201905_04.vtt",
                "modifiedDatetime": "2020-02-17T13:25:39.000Z",
                "checksum": "6aa1e2c9c0dfdb0ec10d2246fa3d9098"
            }
        },
        {
            "progressiveDownloadURL": "https://download-a.akamaihd.net/files/media_periodical/6d/jwbcov_E_201905_04_r480P.mp4",
            "checksum": "c3059f5c23d01f0c8ac4e288f0d4486e",
            "filesize": 9904394,
            "modifiedDatetime": "2020-02-17T13:25:30.000Z",
            "bitRate": 577.22434670874,
            "duration": 134.052,
            "frameHeight": 540,
            "frameWidth": 960,
            "label": "480p",
            "frameRate": 23.976,
            "mimetype": "video/mp4",
            "subtitled": false,
            "subtitles": {
                "url": "https://download-a.akamaihd.net/files/media_periodical/41/jwbcov_E_201905_04.vtt",
                "modifiedDatetime": "2020-02-17T13:25:39.000Z",
                "checksum": "6aa1e2c9c0dfdb0ec10d2246fa3d9098"
            }
        },
        {
            "progressiveDownloadURL": "https://download-a.akamaihd.net/files/media_periodical/36/jwbcov_E_201905_04_r720P.mp4",
            "checksum": "f32c7b7aaea90e067f19ba1a0fde127d",
            "filesize": 15849889,
            "modifiedDatetime": "2020-02-17T13:25:34.000Z",
            "bitRate": 923.7255528638141,
            "duration": 134.052,
            "frameHeight": 720,
            "frameWidth": 1280,
            "label": "720p",
            "frameRate": 23.976,
            "mimetype": "video/mp4",
            "subtitled": false,
            "subtitles": {
                "url": "https://download-a.akamaihd.net/files/media_periodical/41/jwbcov_E_201905_04.vtt",
                "modifiedDatetime": "2020-02-17T13:25:39.000Z",
                "checksum": "6aa1e2c9c0dfdb0ec10d2246fa3d9098"
            }
        }
    ],
    "printReferences": [
        "jwbcov.201905-4.v",
        "jwbcov.201905-4"
    ],
    "subtitlesUrl": "https://download-a.akamaihd.net/files/media_periodical/41/jwbcov_E_201905_04.vtt",
    "Name": "pub-jwbcov_E_201905_4_VIDEO",
    "Title": "Love Never Fails Despite . . . A Loveless Upbringing",
    "UndatedReferenceTitle": "Love Never Fails Despite . . . A Loveless Upbringing",
    "ShortTitle": null,
    "Category": "vod",
    "Year": 2020,
    "Symbol": "2019Convention"
}