{
    "guid": "608ab479b738cf2eda392401",
    "languageAgnosticNaturalKey": "pub-co-r21_121_VIDEO",
    "naturalKey": "pub-co-r21_E_121_VIDEO",
    "type": "video",
    "primaryCategory": "2021Convention",
    "description": "",
    "firstPublished": "2021-09-13T16:46:23.155Z",
    "duration": 723.627,
    "durationFormattedHHMM": "12:03",
    "durationFormattedMinSec": "12m 3s",
    "files": [
        {
            "progressiveDownloadURL": "https://download-a.akamaihd.net/files/media_publication/88/CO-r21_E_121_r240P.mp4",
            "checksum": "baef74e261fbf25b5ce4e420e41a0ef3",
            "filesize": 14858348,
            "modifiedDatetime": "2021-09-11T04:57:05.000Z",
            "bitRate": 160.4153020133301,
            "duration": 723.627,
            "frameHeight": 234,
            "frameWidth": 416,
            "label": "240p",
            "frameRate": 23.529,
            "mimetype": "video/mp4",
            "subtitled": false,
            "subtitles": {
                "url": "https://download-a.akamaihd.net/files/media_publication/92/co-r21_E_121.vtt",
                "modifiedDatetime": "2021-09-11T04:57:04.000Z",
                "checksum": "3ab40bb79b288b05b5c08c1836261eac"
            }
        },
        {
            "progressiveDownloadURL": "https://download-a.akamaihd.net/files/media_publication/49/CO-r21_E_121_r360P.mp4",
            "checksum": "dc10e6d9bff08453bcf4f53656de6130",
            "filesize": 28610906,
            "modifiedDatetime": "2021-09-11T04:56:57.000Z",
            "bitRate": 308.9041072817956,
            "duration": 723.599,
            "frameHeight": 360,
            "frameWidth": 640,
            "label": "360p",
            "frameRate": 23.976,
            "mimetype": "video/mp4",
            "subtitled": false,
            "subtitles": {
                "url": "https://download-a.akamaihd.net/files/media_publication/92/co-r21_E_121.vtt",
                "modifiedDatetime": "2021-09-11T04:57:04.000Z",
                "checksum": "3ab40bb79b288b05b5c08c1836261eac"
            }
        },
        {
            "progressiveDownloadURL": "https://download-a.akamaihd.net/files/media_publication/b0/CO-r21_E_121_r480P.mp4",
            "checksum": "50a94744c1493b9e31650268ee67c9b8",
            "filesize": 52325527,
            "modifiedDatetime": "2021-09-11T04:56:55.000Z",
            "bitRate": 564.9443679268489,
            "duration": 723.599,
            "frameHeight": 540,
            "frameWidth": 960,
            "label": "480p",
            "frameRate": 23.976,
            "mimetype": "video/mp4",
            "subtitled": false,
            "subtitles": {
                "url": "https://download-a.akamaihd.net/files/media_publication/92/co-r21_E_121.vtt",
                "modifiedDatetime": "2021-09-11T04:57:04.000Z",
                "checksum": "3ab40bb79b288b05b5c08c1836261eac"
            }
        },
        {
            "progressiveDownloadURL": "https://download-a.akamaihd.net/files/media_publication/dc/CO-r21_E_121_r720P.mp4",
            "checksum": "16379deb8bbfba84b02d6c6e26889288",
            "filesize": 86933913,
            "modifiedDatetime": "2021-09-11T04:56:51.000Z",
            "bitRate": 938.6016223246577,
            "duration": 723.599,
            "frameHeight": 720,
            "frameWidth": 1280,
            "label": "720p",
            "frameRate": 23.976,
            "mimetype": "video/mp4",
            "subtitled": false,
            "subtitles": {
                "url": "https://download-a.akamaihd.net/files/media_publication/92/co-r21_E_121.vtt",
                "modifiedDatetime": "2021-09-11T04:57:04.000Z",
                "checksum": "3ab40bb79b288b05b5c08c1836261eac"
            }
        }
    ],
    "printReferences": [
        "co-r21-121.v",
        "co-r21-121"
    ],
    "subtitlesUrl": "https://download-a.akamaihd.net/files/media_publication/92/co-r21_E_121.vtt",
    "Name": "pub-co-r21_E_121_VIDEO",
    "Title": "Ronald Curzan: Remember—Faithless People Can Acquire Faith!—The Ninevites",
    "UndatedReferenceTitle": "Ronald Curzan: Remember—Faithless People Can Acquire Faith!—The Ninevites",
    "ShortTitle": null,
    "Category": "vod",
    "Year": 2021,
    "Symbol": "2021Convention"
}