{
    "guid": "5dde88b61b4e58739352b585",
    "languageAgnosticNaturalKey": "pub-jwbcov_201905_5_VIDEO",
    "naturalKey": "pub-jwbcov_E_201905_5_VIDEO",
    "type": "video",
    "primaryCategory": "2019Convention",
    "description": "",
    "firstPublished": "2020-02-17T16:26:00.919Z",
    "duration": 126.528,
    "durationFormattedHHMM": "2:06",
    "durationFormattedMinSec": "2m 6s",
    "files": [
        {
            "progressiveDownloadURL": "https://download-a.akamaihd.net/files/media_periodical/c8/jwbcov_E_201905_05_r240P.mp4",
            "checksum": "9f6dddec0c2f387689aba4a5ab83c945",
            "filesize": 3047817,
            "modifiedDatetime": "2020-11-21T16:49:13.000Z",
            "bitRate": 188.18815054770485,
            "duration": 126.528,
            "frameHeight": 234,
            "frameWidth": 416,
            "label": "240p",
            "frameRate": 23.46,
            "mimetype": "video/mp4",
            "subtitled": false,
            "subtitles": {
                "url": "https://download-a.akamaihd.net/files/media_periodical/df/jwbcov_E_201905_05.vtt",
                "modifiedDatetime": "2020-02-17T13:25:52.000Z",
                "checksum": "bbb650469f6b84475ce2313780a1f2f4"
            }
        },
        {
            "progressiveDownloadURL": "https://download-a.akamaihd.net/files/media_periodical/35/jwbcov_E_201905_05_r360P.mp4",
            "checksum": "8ef8e44d33fd58ecd76873fc7970c833",
            "filesize": 5395218,
            "modifiedDatetime": "2020-02-17T13:25:42.000Z",
            "bitRate": 333.19479083499994,
            "duration": 126.503,
            "frameHeight": 360,
            "frameWidth": 640,
            "label": "360p",
            "frameRate": 23.976,
            "mimetype": "video/mp4",
            "subtitled": false,
            "subtitles": {
                "url": "https://download-a.akamaihd.net/files/media_periodical/df/jwbcov_E_201905_05.vtt",
                "modifiedDatetime": "2020-02-17T13:25:52.000Z",
                "checksum": "bbb650469f6b84475ce2313780a1f2f4"
            }
        },
        {
            "progressiveDownloadURL": "https://download-a.akamaihd.net/files/media_periodical/87/jwbcov_E_201905_05_r480P.mp4",
            "checksum": "3818ce339c4875ce439bc338a88117aa",
            "filesize": 9352412,
            "modifiedDatetime": "2020-02-17T13:25:45.000Z",
            "bitRate": 577.5809170533505,
            "duration": 126.503,
            "frameHeight": 540,
            "frameWidth": 960,
            "label": "480p",
            "frameRate": 23.976,
            "mimetype": "video/mp4",
            "subtitled": false,
            "subtitles": {
                "url": "https://download-a.akamaihd.net/files/media_periodical/df/jwbcov_E_201905_05.vtt",
                "modifiedDatetime": "2020-02-17T13:25:52.000Z",
                "checksum": "bbb650469f6b84475ce2313780a1f2f4"
            }
        },
        {
            "progressiveDownloadURL": "https://download-a.akamaihd.net/files/media_periodical/d5/jwbcov_E_201905_05_r720P.mp4",
            "checksum": "cd297fcb782548ad6fa6cd87c6055a3a",
            "filesize": 15125385,
            "modifiedDatetime": "2020-02-17T13:25:48.000Z",
            "bitRate": 934.10488535845,
            "duration": 126.503,
            "frameHeight": 720,
            "frameWidth": 1280,
            "label": "720p",
            "frameRate": 23.976,
            "mimetype": "video/mp4",
            "subtitled": false,
            "subtitles": {
                "url": "https://download-a.akamaihd.net/files/media_periodical/df/jwbcov_E_201905_05.vtt",
                "modifiedDatetime": "2020-02-17T13:25:52.000Z",
                "checksum": "bbb650469f6b84475ce2313780a1f2f4"
            }
        }
    ],
    "printReferences": [
        "jwbcov.201905-5.v",
        "jwbcov.201905-5"
    ],
    "subtitlesUrl": "https://download-a.akamaihd.net/files/media_periodical/df/jwbcov_E_201905_05.vtt",
    "Name": "pub-jwbcov_E_201905_5_VIDEO",
    "Title": "Love Never Fails Despite . . . A Difficult Work Environment",
    "UndatedReferenceTitle": "Love Never Fails Despite . . . A Difficult Work Environment",
    "ShortTitle": null,
    "Category": "vod",
    "Year": 2020,
    "Symbol": "2019Convention"
}