{
    "guid": "5f874cf70ca056895ed18850",
    "languageAgnosticNaturalKey": "pub-co-r20_143_VIDEO",
    "naturalKey": "pub-co-r20_E_143_VIDEO",
    "type": "video",
    "primaryCategory": "2020Convention",
    "description": "",
    "firstPublished": "2020-12-01T23:43:53.767Z",
    "duration": 716.008,
    "durationFormattedHHMM": "11:56",
    "durationFormattedMinSec": "11m 56s",
    "files": [
        {
            "progressiveDownloadURL": "https://download-a.akamaihd.net/files/media_publication/8b/CO-r20_E_143_r240P.mp4",
            "checksum": "16aee2e58e5b6bdb409c8f7837c6454a",
            "filesize": 19789698,
            "modifiedDatetime": "2020-12-01T23:33:16.000Z",
            "bitRate": 215.9291734519726,
            "duration": 716.008,
            "frameHeight": 234,
            "frameWidth": 416,
            "label": "240p",
            "frameRate": 23.576,
            "mimetype": "video/mp4",
            "subtitled": false,
            "subtitles": {
                "url": "https://download-a.akamaihd.net/files/media_publication/ce/co-r20_E_143.vtt",
                "modifiedDatetime": "2020-12-01T23:33:39.000Z",
                "checksum": "8516e2cc5f057d75e3eb8d5d3654094d"
            }
        },
        {
            "progressiveDownloadURL": "https://download-a.akamaihd.net/files/media_publication/d6/CO-r20_E_143_r360P.mp4",
            "checksum": "1b46a2ff1da957857f151489dbf212db",
            "filesize": 28185628,
            "modifiedDatetime": "2020-12-01T23:33:19.000Z",
            "bitRate": 307.53876877074,
            "duration": 716.008,
            "frameHeight": 360,
            "frameWidth": 640,
            "label": "360p",
            "frameRate": 23.976,
            "mimetype": "video/mp4",
            "subtitled": false,
            "subtitles": {
                "url": "https://download-a.akamaihd.net/files/media_publication/ce/co-r20_E_143.vtt",
                "modifiedDatetime": "2020-12-01T23:33:39.000Z",
                "checksum": "8516e2cc5f057d75e3eb8d5d3654094d"
            }
        },
        {
            "progressiveDownloadURL": "https://download-a.akamaihd.net/files/media_publication/77/CO-r20_E_143_r480P.mp4",
            "checksum": "2697f6f334fa9cea5234f44d23a3d7a4",
            "filesize": 51128663,
            "modifiedDatetime": "2020-12-01T23:33:22.000Z",
            "bitRate": 557.8746043165719,
            "duration": 716.008,
            "frameHeight": 540,
            "frameWidth": 960,
            "label": "480p",
            "frameRate": 23.976,
            "mimetype": "video/mp4",
            "subtitled": false,
            "subtitles": {
                "url": "https://download-a.akamaihd.net/files/media_publication/ce/co-r20_E_143.vtt",
                "modifiedDatetime": "2020-12-01T23:33:39.000Z",
                "checksum": "8516e2cc5f057d75e3eb8d5d3654094d"
            }
        },
        {
            "progressiveDownloadURL": "https://download-a.akamaihd.net/files/media_publication/98/CO-r20_E_143_r720P.mp4",
            "checksum": "0ce79b1f6b782093323004bd456ae7b5",
            "filesize": 86463240,
            "modifiedDatetime": "2020-12-01T23:33:32.000Z",
            "bitRate": 943.4169206209986,
            "duration": 716.008,
            "frameHeight": 720,
            "frameWidth": 1280,
            "label": "720p",
            "frameRate": 23.976,
            "mimetype": "video/mp4",
            "subtitled": false,
            "subtitles": {
                "url": "https://download-a.akamaihd.net/files/media_publication/ce/co-r20_E_143.vtt",
                "modifiedDatetime": "2020-12-01T23:33:39.000Z",
                "checksum": "8516e2cc5f057d75e3eb8d5d3654094d"
            }
        }
    ],
    "printReferences": [
        "co-r20-143.v",
        "co-r20-143"
    ],
    "subtitlesUrl": "https://download-a.akamaihd.net/files/media_publication/ce/co-r20_E_143.vtt",
    "Name": "pub-co-r20_E_143_VIDEO",
    "Title": "Ralph Walls: We Can Rejoice Despite . . . Danger",
    "UndatedReferenceTitle": "Ralph Walls: We Can Rejoice Despite . . . Danger",
    "ShortTitle": null,
    "Category": "vod",
    "Year": 2020,
    "Symbol": "2020Convention"
}