{
    "guid": "60abf4faca9c8caf42522693",
    "languageAgnosticNaturalKey": "pub-co-r21_145_VIDEO",
    "naturalKey": "pub-co-r21_E_145_VIDEO",
    "type": "video",
    "primaryCategory": "2021Convention",
    "description": "",
    "firstPublished": "2021-09-13T16:29:45.824Z",
    "duration": 902.102,
    "durationFormattedHHMM": "15:02",
    "durationFormattedMinSec": "15m 2s",
    "files": [
        {
            "progressiveDownloadURL": "https://download-a.akamaihd.net/files/media_publication/59/CO-r21_E_145_r240P.mp4",
            "checksum": "23b134b4349b089ef2ee729c7275078a",
            "filesize": 17145532,
            "modifiedDatetime": "2021-09-11T04:50:49.000Z",
            "bitRate": 148.48594587973423,
            "duration": 902.102,
            "frameHeight": 234,
            "frameWidth": 416,
            "label": "240p",
            "frameRate": 23.976,
            "mimetype": "video/mp4",
            "subtitled": false,
            "subtitles": {
                "url": "https://download-a.akamaihd.net/files/media_publication/31/co-r21_E_145.vtt",
                "modifiedDatetime": "2021-09-11T04:50:40.000Z",
                "checksum": "f9cc64bed66cfc5326fd50bb1f8f9e33"
            }
        },
        {
            "progressiveDownloadURL": "https://download-a.akamaihd.net/files/media_publication/48/CO-r21_E_145_r360P.mp4",
            "checksum": "41d2cb22424d88c50a2bdaa6a538eda1",
            "filesize": 32980177,
            "modifiedDatetime": "2021-09-11T04:50:47.000Z",
            "bitRate": 285.62962790263276,
            "duration": 902.069,
            "frameHeight": 360,
            "frameWidth": 640,
            "label": "360p",
            "frameRate": 23.976,
            "mimetype": "video/mp4",
            "subtitled": false,
            "subtitles": {
                "url": "https://download-a.akamaihd.net/files/media_publication/31/co-r21_E_145.vtt",
                "modifiedDatetime": "2021-09-11T04:50:40.000Z",
                "checksum": "f9cc64bed66cfc5326fd50bb1f8f9e33"
            }
        },
        {
            "progressiveDownloadURL": "https://download-a.akamaihd.net/files/media_publication/7e/CO-r21_E_145_r480P.mp4",
            "checksum": "53a7a7225c436ebc5bd54f302c0f421a",
            "filesize": 59130431,
            "modifiedDatetime": "2021-09-11T04:50:45.000Z",
            "bitRate": 512.1077125890591,
            "duration": 902.069,
            "frameHeight": 540,
            "frameWidth": 960,
            "label": "480p",
            "frameRate": 23.976,
            "mimetype": "video/mp4",
            "subtitled": false,
            "subtitles": {
                "url": "https://download-a.akamaihd.net/files/media_publication/31/co-r21_E_145.vtt",
                "modifiedDatetime": "2021-09-11T04:50:40.000Z",
                "checksum": "f9cc64bed66cfc5326fd50bb1f8f9e33"
            }
        },
        {
            "progressiveDownloadURL": "https://download-a.akamaihd.net/files/media_publication/17/CO-r21_E_145_r720P.mp4",
            "checksum": "b7f9a77e2d5a937bd0c0cd61210ebe76",
            "filesize": 97511452,
            "modifiedDatetime": "2021-09-11T04:50:42.000Z",
            "bitRate": 844.5121368210192,
            "duration": 902.069,
            "frameHeight": 720,
            "frameWidth": 1280,
            "label": "720p",
            "frameRate": 23.976,
            "mimetype": "video/mp4",
            "subtitled": false,
            "subtitles": {
                "url": "https://download-a.akamaihd.net/files/media_publication/31/co-r21_E_145.vtt",
                "modifiedDatetime": "2021-09-11T04:50:40.000Z",
                "checksum": "f9cc64bed66cfc5326fd50bb1f8f9e33"
            }
        }
    ],
    "printReferences": [
        "co-r21-145.v",
        "co-r21-145"
    ],
    "subtitlesUrl": "https://download-a.akamaihd.net/files/media_publication/31/co-r21_E_145.vtt",
    "Name": "pub-co-r21_E_145_VIDEO",
    "Title": "Gerrit Lösch: Imitate Women of Strong Faith!—Modern-Day Examples",
    "UndatedReferenceTitle": "Gerrit Lösch: Imitate Women of Strong Faith!—Modern-Day Examples",
    "ShortTitle": null,
    "Category": "vod",
    "Year": 2021,
    "Symbol": "2021Convention"
}