{
    "guid": "6255d0b6dedf1bc78924aae8",
    "languageAgnosticNaturalKey": "pub-co-r22_119_VIDEO",
    "naturalKey": "pub-co-r22_E_119_VIDEO",
    "type": "video",
    "primaryCategory": "2022Convention",
    "description": "",
    "firstPublished": "2022-07-18T14:39:34.681Z",
    "duration": 707.072,
    "durationFormattedHHMM": "11:47",
    "durationFormattedMinSec": "11m 47s",
    "files": [
        {
            "progressiveDownloadURL": "https://download-a.akamaihd.net/files/media_publication/47/CO-r22_E_119_r240P.mp4",
            "checksum": "2efb584bc907b62b605119126bfaf199",
            "filesize": 13588234,
            "modifiedDatetime": "2022-07-18T00:01:08.000Z",
            "bitRate": 150.13757881092732,
            "duration": 707.072,
            "frameHeight": 234,
            "frameWidth": 416,
            "label": "240p",
            "frameRate": 23.976,
            "mimetype": "video/mp4",
            "subtitled": false,
            "subtitles": {
                "url": "https://download-a.akamaihd.net/files/media_publication/df/CO-r22_E_119.vtt",
                "modifiedDatetime": "2022-07-18T00:00:55.000Z",
                "checksum": "2071bb95b8a1000e916e159c7364eac7"
            }
        },
        {
            "progressiveDownloadURL": "https://download-a.akamaihd.net/files/media_publication/2b/CO-r22_E_119_r360P.mp4",
            "checksum": "006a7cc597486e83395e0fc2376f299c",
            "filesize": 26891815,
            "modifiedDatetime": "2022-07-18T00:01:05.000Z",
            "bitRate": 297.13882688448217,
            "duration": 707.051,
            "frameHeight": 360,
            "frameWidth": 640,
            "label": "360p",
            "frameRate": 23.976,
            "mimetype": "video/mp4",
            "subtitled": false,
            "subtitles": {
                "url": "https://download-a.akamaihd.net/files/media_publication/df/CO-r22_E_119.vtt",
                "modifiedDatetime": "2022-07-18T00:00:55.000Z",
                "checksum": "2071bb95b8a1000e916e159c7364eac7"
            }
        },
        {
            "progressiveDownloadURL": "https://download-a.akamaihd.net/files/media_publication/4c/CO-r22_E_119_r480P.mp4",
            "checksum": "7127f8a22af67642e2eea9bc04ccaf1c",
            "filesize": 49229122,
            "modifiedDatetime": "2022-07-18T00:01:02.000Z",
            "bitRate": 543.9530042740905,
            "duration": 707.051,
            "frameHeight": 540,
            "frameWidth": 960,
            "label": "480p",
            "frameRate": 23.976,
            "mimetype": "video/mp4",
            "subtitled": false,
            "subtitles": {
                "url": "https://download-a.akamaihd.net/files/media_publication/df/CO-r22_E_119.vtt",
                "modifiedDatetime": "2022-07-18T00:00:55.000Z",
                "checksum": "2071bb95b8a1000e916e159c7364eac7"
            }
        },
        {
            "progressiveDownloadURL": "https://download-a.akamaihd.net/files/media_publication/e5/CO-r22_E_119_r720P.mp4",
            "checksum": "f86258a1d5c637de19d8e22afb639c82",
            "filesize": 84594499,
            "modifiedDatetime": "2022-07-18T00:00:58.000Z",
            "bitRate": 934.7197351216531,
            "duration": 707.051,
            "frameHeight": 720,
            "frameWidth": 1280,
            "label": "720p",
            "frameRate": 23.976,
            "mimetype": "video/mp4",
            "subtitled": false,
            "subtitles": {
                "url": "https://download-a.akamaihd.net/files/media_publication/df/CO-r22_E_119.vtt",
                "modifiedDatetime": "2022-07-18T00:00:55.000Z",
                "checksum": "2071bb95b8a1000e916e159c7364eac7"
            }
        }
    ],
    "printReferences": [
        "co-r22-119.v",
        "co-r22-119"
    ],
    "subtitlesUrl": "https://download-a.akamaihd.net/files/media_publication/df/CO-r22_E_119.vtt",
    "Name": "pub-co-r22_E_119_VIDEO",
    "Title": "Robert Ciranko: Be Ready to Share “the Good News of Peace”—Prepare Well",
    "UndatedReferenceTitle": "Robert Ciranko: Be Ready to Share “the Good News of Peace”—Prepare Well",
    "ShortTitle": null,
    "Category": "vod",
    "Year": 2022,
    "Symbol": "2022Convention"
}